timestamp,open,high,low,close,volume
2024-01-01 18:00:00,23.805,23.849,23.768,23.809,0
2024-01-01 19:00:00,23.81,23.824,23.763,23.824,0
2024-01-01 20:00:00,23.822,23.933,23.799,23.809,0
2024-01-01 21:00:00,23.806,23.878,23.771,23.877,0
2024-01-01 22:00:00,23.878,23.95,23.862,23.934,0
2024-01-01 23:00:00,23.931,23.95,23.898,23.915,0
2024-01-02 00:00:00,23.918,24.06,23.918,24.038,0
2024-01-02 01:00:00,24.04,24.078,23.986,24.047,0
2024-01-02 02:00:00,24.045,24.082,23.988,23.989,0
2024-01-02 03:00:00,23.996,24.036,23.955,24.028,0
2024-01-02 04:00:00,24.028,24.086,24.028,24.057,0
2024-01-02 05:00:00,24.055,24.07,23.972,24.06,0
2024-01-02 06:00:00,24.063,24.068,23.902,23.931,0
2024-01-02 07:00:00,23.937,23.938,23.843,23.88,0
2024-01-02 08:00:00,23.885,24.004,23.792,23.918,0
2024-01-02 09:00:00,23.919,23.991,23.805,23.989,0
2024-01-02 10:00:00,23.99,24.014,23.693,23.722,0
2024-01-02 11:00:00,23.723,23.898,23.713,23.804,0
2024-01-02 12:00:00,23.805,23.825,23.688,23.699,0
2024-01-02 13:00:00,23.705,23.729,23.637,23.644,0
2024-01-02 14:00:00,23.648,23.674,23.635,23.64,0
2024-01-02 15:00:00,23.637,23.661,23.632,23.639,0
2024-01-02 16:00:00,23.643,23.657,23.627,23.637,0
2024-01-02 18:00:00,23.633,23.643,23.611,23.63,0
2024-01-02 19:00:00,23.628,23.698,23.624,23.681,0
2024-01-02 20:00:00,23.676,23.707,23.629,23.646,0
2024-01-02 21:00:00,23.65,23.701,23.632,23.693,0
2024-01-02 22:00:00,23.697,23.722,23.659,23.687,0
2024-01-02 23:00:00,23.685,23.696,23.665,23.675,0
2024-01-03 00:00:00,23.675,23.678,23.6,23.614,0
2024-01-03 01:00:00,23.616,23.665,23.599,23.639,0
2024-01-03 02:00:00,23.641,23.641,23.542,23.571,0
2024-01-03 03:00:00,23.573,23.577,23.417,23.484,0
2024-01-03 04:00:00,23.483,23.522,23.395,23.426,0
2024-01-03 05:00:00,23.422,23.467,23.366,23.412,0
2024-01-03 06:00:00,23.413,23.424,23.238,23.244,0
2024-01-03 07:00:00,23.248,23.338,23.211,23.3,0
2024-01-03 08:00:00,23.296,23.337,22.98,23.026,0
2024-01-03 09:00:00,23.032,23.088,22.91,22.977,0
2024-01-03 10:00:00,22.98,23.171,22.826,22.861,0
2024-01-03 11:00:00,22.859,22.992,22.856,22.934,0
2024-01-03 12:00:00,22.936,22.958,22.855,22.887,0
2024-01-03 13:00:00,22.893,22.988,22.876,22.947,0
2024-01-03 14:00:00,22.955,23.106,22.882,23.006,0
2024-01-03 15:00:00,23.005,23.062,22.996,23.011,0
2024-01-03 16:00:00,23.012,23.015,22.962,22.978,0
2024-01-03 18:00:00,22.986,23.025,22.966,23.012,0
2024-01-03 19:00:00,23.013,23.018,22.961,22.976,0
2024-01-03 20:00:00,22.979,23.009,22.917,22.936,0
2024-01-03 21:00:00,22.941,22.957,22.91,22.922,0
2024-01-03 22:00:00,22.922,23.001,22.915,22.957,0
2024-01-03 23:00:00,22.957,22.978,22.94,22.952,0
2024-01-04 00:00:00,22.946,23.018,22.937,23.008,0
2024-01-04 01:00:00,22.998,23.023,22.972,23.007,0
2024-01-04 02:00:00,23.013,23.04,22.972,22.994,0
2024-01-04 03:00:00,22.995,23.054,22.977,23.017,0
2024-01-04 04:00:00,23.02,23.068,22.987,23.007,0
2024-01-04 05:00:00,23.005,23.057,22.973,22.997,0
2024-01-04 06:00:00,22.991,23.017,22.949,22.955,0
2024-01-04 07:00:00,22.956,23.003,22.923,22.969,0
2024-01-04 08:00:00,22.972,23.039,22.896,22.901,0
2024-01-04 09:00:00,22.898,22.903,22.676,22.734,0
2024-01-04 10:00:00,22.735,22.992,22.732,22.968,0
2024-01-04 11:00:00,22.969,23.034,22.945,22.983,0
2024-01-04 12:00:00,22.982,23.006,22.943,22.987,0
2024-01-04 13:00:00,22.988,23.011,22.949,23.003,0
2024-01-04 14:00:00,23.003,23.035,22.973,23.013,0
2024-01-04 15:00:00,23.014,23.039,23.001,23.014,0
2024-01-04 16:00:00,23.015,23.027,22.979,22.992,0
2024-01-04 18:00:00,22.977,23.033,22.963,23.029,0
2024-01-04 19:00:00,23.026,23.035,23.006,23.011,0
2024-01-04 20:00:00,23.011,23.181,23.005,23.124,0
2024-01-04 21:00:00,23.124,23.188,23.115,23.121,0
2024-01-04 22:00:00,23.12,23.129,23.058,23.077,0
2024-01-04 23:00:00,23.073,23.159,23.053,23.106,0
2024-01-05 00:00:00,23.111,23.111,23.064,23.091,0
2024-01-05 01:00:00,23.096,23.117,22.987,23.019,0
2024-01-05 02:00:00,23.02,23.132,23.005,23.042,0
2024-01-05 03:00:00,23.038,23.062,22.995,23.015,0
2024-01-05 04:00:00,23.013,23.037,22.943,22.962,0
2024-01-05 05:00:00,22.963,22.993,22.927,22.988,0
2024-01-05 06:00:00,22.987,23.009,22.953,22.975,0
2024-01-05 07:00:00,22.974,23.036,22.957,23.004,0
2024-01-05 08:00:00,23.005,23.119,22.762,23.043,0
2024-01-05 09:00:00,23.043,23.137,22.964,23.115,0
2024-01-05 10:00:00,23.104,23.507,23.104,23.281,0
2024-01-05 11:00:00,23.281,23.355,23.197,23.226,0
2024-01-05 12:00:00,23.221,23.254,23.13,23.146,0
2024-01-05 13:00:00,23.147,23.256,23.099,23.249,0
2024-01-05 14:00:00,23.255,23.294,23.159,23.183,0
2024-01-05 15:00:00,23.185,23.195,23.144,23.171,0
2024-01-05 16:00:00,23.169,23.184,23.147,23.182,0
2024-01-07 18:00:00,23.118,23.14,23.077,23.107,0
2024-01-07 19:00:00,23.105,23.179,23.1,23.175,0
2024-01-07 20:00:00,23.178,23.202,23.106,23.125,0
2024-01-07 21:00:00,23.122,23.125,23.053,23.064,0
2024-01-07 22:00:00,23.063,23.076,22.996,23.028,0
2024-01-07 23:00:00,23.028,23.043,23.004,23.008,0
2024-01-08 00:00:00,23.011,23.031,22.941,22.981,0
2024-01-08 01:00:00,22.983,23.064,22.972,23.049,0
2024-01-08 02:00:00,23.044,23.053,22.967,23.008,0
2024-01-08 03:00:00,23.005,23.013,22.914,22.919,0
2024-01-08 04:00:00,22.914,23.014,22.895,22.983,0
2024-01-08 05:00:00,22.984,23.003,22.93,22.955,0
2024-01-08 06:00:00,22.953,22.959,22.828,22.832,0
2024-01-08 07:00:00,22.834,22.96,22.825,22.954,0
2024-01-08 08:00:00,22.953,22.972,22.843,22.888,0
2024-01-08 09:00:00,22.886,23.082,22.878,23.062,0
2024-01-08 10:00:00,23.065,23.168,23.045,23.15,0
2024-01-08 11:00:00,23.15,23.196,23.127,23.161,0
2024-01-08 12:00:00,23.165,23.186,23.102,23.117,0
2024-01-08 13:00:00,23.117,23.127,23.066,23.074,0
2024-01-08 14:00:00,23.074,23.121,23.065,23.117,0
2024-01-08 15:00:00,23.114,23.12,23.042,23.079,0
2024-01-08 16:00:00,23.077,23.112,23.074,23.076,0
2024-01-08 18:00:00,23.049,23.123,23.048,23.11,0
2024-01-08 19:00:00,23.112,23.153,23.111,23.138,0
2024-01-08 20:00:00,23.143,23.182,23.098,23.115,0
2024-01-08 21:00:00,23.116,23.176,23.113,23.129,0
2024-01-08 22:00:00,23.131,23.174,23.127,23.145,0
2024-01-08 23:00:00,23.145,23.146,23.104,23.126,0
2024-01-09 00:00:00,23.126,23.131,23.07,23.097,0
2024-01-09 01:00:00,23.098,23.118,23.071,23.083,0
2024-01-09 02:00:00,23.083,23.191,23.071,23.189,0
2024-01-09 03:00:00,23.191,23.364,23.121,23.146,0
2024-01-09 04:00:00,23.143,23.209,23.095,23.156,0
2024-01-09 05:00:00,23.154,23.212,23.1,23.111,0
2024-01-09 06:00:00,23.112,23.132,23.074,23.118,0
2024-01-09 07:00:00,23.112,23.164,23.096,23.16,0
2024-01-09 08:00:00,23.163,23.248,23.062,23.172,0
2024-01-09 09:00:00,23.172,23.23,23.067,23.087,0
2024-01-09 10:00:00,23.083,23.105,22.931,22.956,0
2024-01-09 11:00:00,22.961,23.041,22.926,22.994,0
2024-01-09 12:00:00,22.992,23.002,22.891,22.902,0
2024-01-09 13:00:00,22.898,22.956,22.883,22.931,0
2024-01-09 14:00:00,22.933,22.952,22.894,22.928,0
2024-01-09 15:00:00,22.926,22.979,22.924,22.936,0
2024-01-09 16:00:00,22.936,22.969,22.932,22.96,0
2024-01-09 18:00:00,22.945,22.979,22.945,22.973,0
2024-01-09 19:00:00,22.972,22.99,22.95,22.962,0
2024-01-09 20:00:00,22.955,23.022,22.923,23.016,0
2024-01-09 21:00:00,23.016,23.032,22.965,22.979,0
2024-01-09 22:00:00,22.975,22.982,22.91,22.922,0
2024-01-09 23:00:00,22.922,22.949,22.915,22.937,0
2024-01-10 00:00:00,22.937,22.945,22.842,22.858,0
2024-01-10 01:00:00,22.856,22.867,22.806,22.848,0
2024-01-10 02:00:00,22.848,22.97,22.838,22.939,0
2024-01-10 03:00:00,22.949,23.057,22.93,23.053,0
2024-01-10 04:00:00,23.054,23.073,23.035,23.046,0
2024-01-10 05:00:00,23.046,23.097,22.99,22.994,0
2024-01-10 06:00:00,22.994,23.006,22.93,22.94,0
2024-01-10 07:00:00,22.944,23.001,22.925,22.937,0
2024-01-10 08:00:00,22.934,23.036,22.859,22.867,0
2024-01-10 09:00:00,22.872,22.926,22.776,22.811,0
2024-01-10 10:00:00,22.808,22.937,22.763,22.904,0
2024-01-10 11:00:00,22.909,22.946,22.811,22.915,0
2024-01-10 12:00:00,22.917,22.937,22.856,22.885,0
2024-01-10 13:00:00,22.885,22.928,22.849,22.92,0
2024-01-10 14:00:00,22.921,22.931,22.875,22.914,0
2024-01-10 15:00:00,22.916,22.933,22.845,22.869,0
2024-01-10 16:00:00,22.867,22.886,22.86,22.883,0
2024-01-10 18:00:00,22.843,22.906,22.836,22.9,0
2024-01-10 19:00:00,22.904,22.95,22.895,22.949,0
2024-01-10 20:00:00,22.949,22.991,22.93,22.976,0
2024-01-10 21:00:00,22.976,23.031,22.937,22.942,0
2024-01-10 22:00:00,22.943,22.999,22.937,22.99,0
2024-01-10 23:00:00,22.995,23.018,22.991,23.008,0
2024-01-11 00:00:00,23.013,23.058,22.996,23.033,0
2024-01-11 01:00:00,23.035,23.075,23.01,23.052,0
2024-01-11 02:00:00,23.054,23.085,23.033,23.038,0
2024-01-11 03:00:00,23.036,23.038,22.963,22.967,0
2024-01-11 04:00:00,22.972,22.986,22.942,22.967,0
2024-01-11 05:00:00,22.964,22.975,22.943,22.969,0
2024-01-11 06:00:00,22.965,23.042,22.955,23.031,0
2024-01-11 07:00:00,23.035,23.069,23.009,23.03,0
2024-01-11 08:00:00,23.034,23.192,22.854,22.871,0
2024-01-11 09:00:00,22.878,23.016,22.769,22.885,0
2024-01-11 10:00:00,22.887,22.888,22.634,22.743,0
2024-01-11 11:00:00,22.751,22.754,22.462,22.568,0
2024-01-11 12:00:00,22.569,22.614,22.493,22.512,0
2024-01-11 13:00:00,22.509,22.567,22.481,22.532,0
2024-01-11 14:00:00,22.532,22.729,22.53,22.709,0
2024-01-11 15:00:00,22.711,22.748,22.659,22.731,0
2024-01-11 16:00:00,22.726,22.769,22.71,22.733,0
2024-01-11 18:00:00,22.721,22.879,22.713,22.877,0
2024-01-11 19:00:00,22.877,22.881,22.775,22.778,0
2024-01-11 20:00:00,22.784,22.887,22.772,22.881,0
2024-01-11 21:00:00,22.882,22.907,22.863,22.877,0
2024-01-11 22:00:00,22.874,22.907,22.833,22.842,0
2024-01-11 23:00:00,22.839,22.878,22.806,22.87,0
2024-01-12 00:00:00,22.867,22.888,22.824,22.854,0
2024-01-12 01:00:00,22.853,22.884,22.844,22.844,0
2024-01-12 02:00:00,22.848,22.897,22.804,22.875,0
2024-01-12 03:00:00,22.876,22.978,22.868,22.925,0
2024-01-12 04:00:00,22.923,22.947,22.878,22.886,0
2024-01-12 05:00:00,22.89,23.014,22.883,23.013,0
2024-01-12 06:00:00,23.016,23.052,22.935,22.986,0
2024-01-12 07:00:00,22.985,23.064,22.981,23.01,0
2024-01-12 08:00:00,23.009,23.338,22.978,23.297,0
2024-01-12 09:00:00,23.301,23.469,23.22,23.353,0
2024-01-12 10:00:00,23.349,23.523,23.3,23.333,0
2024-01-12 11:00:00,23.328,23.366,23.189,23.211,0
2024-01-12 12:00:00,23.207,23.224,23.042,23.104,0
2024-01-12 13:00:00,23.111,23.176,23.09,23.174,0
2024-01-12 14:00:00,23.171,23.208,23.123,23.151,0
2024-01-12 15:00:00,23.15,23.154,23.13,23.146,0
2024-01-12 16:00:00,23.143,23.184,23.133,23.175,0
2024-01-14 18:00:00,23.158,23.17,23.103,23.145,0
2024-01-14 19:00:00,23.147,23.212,23.12,23.19,0
2024-01-14 20:00:00,23.197,23.24,23.157,23.22,0
2024-01-14 21:00:00,23.22,23.325,23.212,23.325,0
2024-01-14 22:00:00,23.325,23.325,23.263,23.272,0
2024-01-14 23:00:00,23.272,23.272,23.226,23.241,0
2024-01-15 00:00:00,23.243,23.262,23.22,23.234,0
2024-01-15 01:00:00,23.233,23.252,23.204,23.235,0
2024-01-15 02:00:00,23.239,23.266,23.184,23.197,0
2024-01-15 03:00:00,23.199,23.284,23.189,23.229,0
2024-01-15 04:00:00,23.23,23.297,23.177,23.211,0
2024-01-15 05:00:00,23.212,23.26,23.171,23.249,0
2024-01-15 06:00:00,23.259,23.274,23.193,23.198,0
2024-01-15 07:00:00,23.194,23.213,23.141,23.157,0
2024-01-15 08:00:00,23.158,23.189,23.126,23.17,0
2024-01-15 09:00:00,23.168,23.175,23.094,23.15,0
2024-01-15 10:00:00,23.148,23.181,23.114,23.173,0
2024-01-15 11:00:00,23.177,23.228,23.171,23.212,0
2024-01-15 12:00:00,23.205,23.235,23.183,23.225,0
2024-01-15 13:00:00,23.226,23.227,23.206,23.218,0
2024-01-15 14:00:00,23.217,23.217,23.122,23.122,0
2024-01-15 18:00:00,23.204,23.215,23.083,23.158,0
2024-01-15 19:00:00,23.158,23.176,23.113,23.12,0
2024-01-15 20:00:00,23.124,23.176,23.07,23.159,0
2024-01-15 21:00:00,23.152,23.182,23.109,23.129,0
2024-01-15 22:00:00,23.128,23.15,23.079,23.116,0
2024-01-15 23:00:00,23.115,23.143,23.105,23.129,0
2024-01-16 00:00:00,23.129,23.135,23.037,23.06,0
2024-01-16 01:00:00,23.059,23.125,23.035,23.122,0
2024-01-16 02:00:00,23.121,23.16,23.07,23.128,0
2024-01-16 03:00:00,23.127,23.207,23.045,23.062,0
2024-01-16 04:00:00,23.055,23.092,22.988,23.083,0
2024-01-16 05:00:00,23.087,23.119,23.001,23.013,0
2024-01-16 06:00:00,23.014,23.052,22.986,23.044,0
2024-01-16 07:00:00,23.043,23.066,22.969,23.034,0
2024-01-16 08:00:00,23.033,23.159,22.91,22.988,0
2024-01-16 09:00:00,22.988,23.134,22.927,22.966,0
2024-01-16 10:00:00,22.975,23.017,22.885,23.001,0
2024-01-16 11:00:00,23.003,23.056,22.845,22.947,0
2024-01-16 12:00:00,22.951,22.964,22.847,22.882,0
2024-01-16 13:00:00,22.883,22.972,22.856,22.882,0
2024-01-16 14:00:00,22.882,22.974,22.877,22.958,0
2024-01-16 15:00:00,22.962,22.971,22.896,22.906,0
2024-01-16 16:00:00,22.903,22.913,22.892,22.901,0
2024-01-16 18:00:00,22.905,22.909,22.867,22.897,0
2024-01-16 19:00:00,22.899,22.909,22.861,22.906,0
2024-01-16 20:00:00,22.906,22.912,22.856,22.901,0
2024-01-16 21:00:00,22.901,22.941,22.846,22.871,0
2024-01-16 22:00:00,22.87,22.875,22.784,22.791,0
2024-01-16 23:00:00,22.792,22.865,22.784,22.848,0
2024-01-17 00:00:00,22.847,22.85,22.752,22.766,0
2024-01-17 01:00:00,22.762,22.773,22.663,22.68,0
2024-01-17 02:00:00,22.683,22.761,22.636,22.724,0
2024-01-17 03:00:00,22.729,22.763,22.679,22.679,0
2024-01-17 04:00:00,22.68,22.799,22.639,22.79,0
2024-01-17 05:00:00,22.791,22.873,22.786,22.83,0
2024-01-17 06:00:00,22.829,22.836,22.743,22.75,0
2024-01-17 07:00:00,22.753,22.856,22.74,22.819,0
2024-01-17 08:00:00,22.824,22.834,22.592,22.7,0
2024-01-17 09:00:00,22.701,22.724,22.574,22.598,0
2024-01-17 10:00:00,22.601,22.704,22.558,22.63,0
2024-01-17 11:00:00,22.63,22.687,22.518,22.545,0
2024-01-17 12:00:00,22.547,22.58,22.495,22.57,0
2024-01-17 13:00:00,22.567,22.573,22.501,22.537,0
2024-01-17 14:00:00,22.541,22.575,22.518,22.531,0
2024-01-17 15:00:00,22.534,22.56,22.503,22.552,0
2024-01-17 16:00:00,22.556,22.561,22.531,22.54,0
2024-01-17 18:00:00,22.54,22.593,22.515,22.587,0
2024-01-17 19:00:00,22.589,22.599,22.55,22.596,0
2024-01-17 20:00:00,22.599,22.617,22.546,22.596,0
2024-01-17 21:00:00,22.6,22.614,22.511,22.525,0
2024-01-17 22:00:00,22.53,22.604,22.515,22.59,0
2024-01-17 23:00:00,22.587,22.604,22.573,22.588,0
2024-01-18 00:00:00,22.595,22.6,22.535,22.58,0
2024-01-18 01:00:00,22.582,22.673,22.573,22.661,0
2024-01-18 02:00:00,22.66,22.675,22.594,22.639,0
2024-01-18 03:00:00,22.638,22.639,22.547,22.566,0
2024-01-18 04:00:00,22.567,22.648,22.519,22.58,0
2024-01-18 05:00:00,22.586,22.613,22.545,22.592,0
2024-01-18 06:00:00,22.589,22.616,22.535,22.579,0
2024-01-18 07:00:00,22.579,22.642,22.573,22.587,0
2024-01-18 08:00:00,22.594,22.604,22.33,22.435,0
2024-01-18 09:00:00,22.439,22.554,22.41,22.532,0
2024-01-18 10:00:00,22.537,22.669,22.526,22.605,0
2024-01-18 11:00:00,22.604,22.682,22.584,22.629,0
2024-01-18 12:00:00,22.625,22.678,22.6,22.662,0
2024-01-18 13:00:00,22.667,22.745,22.64,22.74,0
2024-01-18 14:00:00,22.734,22.736,22.695,22.709,0
2024-01-18 15:00:00,22.711,22.751,22.706,22.733,0
2024-01-18 16:00:00,22.734,22.749,22.693,22.732,0
2024-01-18 18:00:00,22.684,22.76,22.684,22.754,0
2024-01-18 19:00:00,22.755,22.785,22.738,22.739,0
2024-01-18 20:00:00,22.745,22.782,22.717,22.757,0
2024-01-18 21:00:00,22.753,22.76,22.69,22.753,0
2024-01-18 22:00:00,22.755,22.759,22.665,22.711,0
2024-01-18 23:00:00,22.707,22.711,22.665,22.674,0
2024-01-19 00:00:00,22.675,22.692,22.648,22.679,0
2024-01-19 01:00:00,22.672,22.709,22.649,22.702,0
2024-01-19 02:00:00,22.702,22.812,22.678,22.799,0
2024-01-19 03:00:00,22.797,22.824,22.747,22.814,0
2024-01-19 04:00:00,22.814,22.835,22.753,22.806,0
2024-01-19 05:00:00,22.811,22.819,22.767,22.791,0
2024-01-19 06:00:00,22.794,22.81,22.755,22.786,0
2024-01-19 07:00:00,22.784,22.827,22.76,22.769,0
2024-01-19 08:00:00,22.774,22.834,22.673,22.702,0
2024-01-19 09:00:00,22.705,22.718,22.55,22.614,0
2024-01-19 10:00:00,22.609,22.674,22.495,22.547,0
2024-01-19 11:00:00,22.548,22.595,22.45,22.493,0
2024-01-19 12:00:00,22.495,22.583,22.487,22.578,0
2024-01-19 13:00:00,22.582,22.601,22.547,22.558,0
2024-01-19 14:00:00,22.562,22.615,22.554,22.601,0
2024-01-19 15:00:00,22.601,22.61,22.554,22.569,0
2024-01-19 16:00:00,22.57,22.606,22.564,22.598,0
2024-01-21 18:00:00,22.588,22.604,22.501,22.513,0
2024-01-21 19:00:00,22.512,22.593,22.491,22.58,0
2024-01-21 20:00:00,22.577,22.654,22.554,22.576,0
2024-01-21 21:00:00,22.567,22.594,22.546,22.575,0
2024-01-21 22:00:00,22.584,22.587,22.522,22.544,0
2024-01-21 23:00:00,22.549,22.556,22.489,22.502,0
2024-01-22 00:00:00,22.509,22.509,22.276,22.301,0
2024-01-22 01:00:00,22.294,22.313,22.118,22.126,0
2024-01-22 02:00:00,22.131,22.18,22.103,22.126,0
2024-01-22 03:00:00,22.131,22.175,22.088,22.123,0
2024-01-22 04:00:00,22.117,22.142,22.083,22.099,0
2024-01-22 05:00:00,22.1,22.161,22.086,22.124,0
2024-01-22 06:00:00,22.126,22.197,22.099,22.182,0
2024-01-22 07:00:00,22.181,22.239,22.171,22.236,0
2024-01-22 08:00:00,22.235,22.236,21.962,22.001,0
2024-01-22 09:00:00,21.995,22.174,21.91,22.143,0
2024-01-22 10:00:00,22.144,22.29,22.118,22.183,0
2024-01-22 11:00:00,22.184,22.19,22.128,22.173,0
2024-01-22 12:00:00,22.18,22.221,22.151,22.183,0
2024-01-22 13:00:00,22.185,22.19,22.116,22.135,0
2024-01-22 14:00:00,22.133,22.136,22.04,22.067,0
2024-01-22 15:00:00,22.068,22.071,22.032,22.07,0
2024-01-22 16:00:00,22.061,22.086,22.055,22.078,0
2024-01-22 18:00:00,22.03,22.077,22.029,22.066,0
2024-01-22 19:00:00,22.069,22.117,22.069,22.109,0
2024-01-22 20:00:00,22.109,22.144,22.04,22.116,0
2024-01-22 21:00:00,22.12,22.214,22.089,22.16,0
2024-01-22 22:00:00,22.163,22.302,22.143,22.281,0
2024-01-22 23:00:00,22.279,22.283,22.249,22.282,0
2024-01-23 00:00:00,22.282,22.383,22.274,22.355,0
2024-01-23 01:00:00,22.358,22.416,22.318,22.397,0
2024-01-23 02:00:00,22.392,22.427,22.271,22.335,0
2024-01-23 03:00:00,22.337,22.348,22.255,22.283,0
2024-01-23 04:00:00,22.281,22.304,22.231,22.277,0
2024-01-23 05:00:00,22.275,22.277,22.206,22.234,0
2024-01-23 06:00:00,22.232,22.275,22.216,22.25,0
2024-01-23 07:00:00,22.244,22.31,22.227,22.289,0
2024-01-23 08:00:00,22.294,22.365,22.274,22.315,0
2024-01-23 09:00:00,22.309,22.443,22.272,22.319,0
2024-01-23 10:00:00,22.324,22.422,22.317,22.369,0
2024-01-23 11:00:00,22.371,22.396,22.304,22.344,0
2024-01-23 12:00:00,22.342,22.355,22.267,22.324,0
2024-01-23 13:00:00,22.324,22.354,22.291,22.346,0
2024-01-23 14:00:00,22.345,22.443,22.336,22.439,0
2024-01-23 15:00:00,22.439,22.448,22.419,22.438,0
2024-01-23 16:00:00,22.439,22.442,22.41,22.425,0
2024-01-23 18:00:00,22.41,22.457,22.41,22.455,0
2024-01-23 19:00:00,22.449,22.454,22.401,22.411,0
2024-01-23 20:00:00,22.405,22.459,22.393,22.41,0
2024-01-23 21:00:00,22.41,22.415,22.35,22.356,0
2024-01-23 22:00:00,22.352,22.402,22.344,22.386,0
2024-01-23 23:00:00,22.389,22.404,22.374,22.38,0
2024-01-24 00:00:00,22.379,22.411,22.325,22.397,0
2024-01-24 01:00:00,22.4,22.487,22.38,22.46,0
2024-01-24 02:00:00,22.455,22.589,22.455,22.565,0
2024-01-24 03:00:00,22.564,22.665,22.553,22.665,0
2024-01-24 04:00:00,22.661,22.777,22.639,22.74,0
2024-01-24 05:00:00,22.739,22.764,22.681,22.735,0
2024-01-24 06:00:00,22.737,22.746,22.708,22.718,0
2024-01-24 07:00:00,22.718,22.782,22.703,22.753,0
2024-01-24 08:00:00,22.753,22.952,22.745,22.869,0
2024-01-24 09:00:00,22.867,22.933,22.576,22.645,0
2024-01-24 10:00:00,22.641,22.78,22.604,22.72,0
2024-01-24 11:00:00,22.725,22.746,22.649,22.701,0
2024-01-24 12:00:00,22.705,22.841,22.695,22.834,0
2024-01-24 13:00:00,22.834,22.852,22.691,22.718,0
2024-01-24 14:00:00,22.719,22.719,22.633,22.66,0
2024-01-24 15:00:00,22.664,22.69,22.634,22.635,0
2024-01-24 16:00:00,22.634,22.661,22.628,22.645,0
2024-01-24 18:00:00,22.616,22.673,22.616,22.666,0
2024-01-24 19:00:00,22.659,22.736,22.635,22.719,0
2024-01-24 20:00:00,22.713,22.75,22.656,22.732,0
2024-01-24 21:00:00,22.739,22.763,22.703,22.722,0
2024-01-24 22:00:00,22.725,22.776,22.716,22.733,0
2024-01-24 23:00:00,22.729,22.757,22.707,22.722,0
2024-01-25 00:00:00,22.727,22.772,22.71,22.749,0
2024-01-25 01:00:00,22.749,22.79,22.721,22.785,0
2024-01-25 02:00:00,22.784,22.818,22.72,22.781,0
2024-01-25 03:00:00,22.782,22.811,22.707,22.79,0
2024-01-25 04:00:00,22.788,22.849,22.747,22.824,0
2024-01-25 05:00:00,22.826,22.913,22.819,22.898,0
2024-01-25 06:00:00,22.901,22.913,22.851,22.866,0
2024-01-25 07:00:00,22.871,22.887,22.795,22.825,0
2024-01-25 08:00:00,22.824,22.948,22.74,22.877,0
2024-01-25 09:00:00,22.877,23.014,22.818,22.988,0
2024-01-25 10:00:00,22.984,23.015,22.783,22.855,0
2024-01-25 11:00:00,22.852,22.861,22.716,22.748,0
2024-01-25 12:00:00,22.749,22.771,22.716,22.729,0
2024-01-25 13:00:00,22.731,22.825,22.729,22.761,0
2024-01-25 14:00:00,22.757,22.889,22.734,22.888,0
2024-01-25 15:00:00,22.888,22.903,22.853,22.886,0
2024-01-25 16:00:00,22.884,22.91,22.879,22.89,0
2024-01-25 18:00:00,22.873,22.908,22.858,22.901,0
2024-01-25 19:00:00,22.906,22.907,22.872,22.893,0
2024-01-25 20:00:00,22.897,22.925,22.848,22.865,0
2024-01-25 21:00:00,22.866,22.925,22.856,22.893,0
2024-01-25 22:00:00,22.894,22.908,22.857,22.882,0
2024-01-25 23:00:00,22.884,22.905,22.876,22.894,0
2024-01-26 00:00:00,22.893,22.959,22.882,22.947,0
2024-01-26 01:00:00,22.946,22.951,22.872,22.876,0
2024-01-26 02:00:00,22.879,22.891,22.813,22.829,0
2024-01-26 03:00:00,22.828,22.882,22.811,22.84,0
2024-01-26 04:00:00,22.841,22.923,22.79,22.893,0
2024-01-26 05:00:00,22.894,22.953,22.894,22.949,0
2024-01-26 06:00:00,22.951,22.973,22.9,22.916,0
2024-01-26 07:00:00,22.914,22.926,22.849,22.864,0
2024-01-26 08:00:00,22.865,22.901,22.711,22.819,0
2024-01-26 09:00:00,22.818,22.86,22.689,22.784,0
2024-01-26 10:00:00,22.779,22.833,22.688,22.758,0
2024-01-26 11:00:00,22.763,22.787,22.715,22.782,0
2024-01-26 12:00:00,22.776,22.791,22.71,22.738,0
2024-01-26 13:00:00,22.74,22.785,22.725,22.74,0
2024-01-26 14:00:00,22.739,22.771,22.722,22.759,0
2024-01-26 15:00:00,22.757,22.81,22.75,22.795,0
2024-01-26 16:00:00,22.795,22.808,22.764,22.778,0
2024-01-28 18:00:00,22.864,22.969,22.864,22.887,0
2024-01-28 19:00:00,22.887,22.894,22.789,22.843,0
2024-01-28 20:00:00,22.839,22.925,22.839,22.876,0
2024-01-28 21:00:00,22.882,22.901,22.828,22.895,0
2024-01-28 22:00:00,22.896,22.914,22.874,22.903,0
2024-01-28 23:00:00,22.901,22.938,22.893,22.917,0
2024-01-29 00:00:00,22.915,22.923,22.866,22.876,0
2024-01-29 01:00:00,22.875,22.933,22.858,22.924,0
2024-01-29 02:00:00,22.927,23.021,22.924,22.986,0
2024-01-29 03:00:00,22.987,23.029,22.961,22.977,0
2024-01-29 04:00:00,22.977,22.991,22.929,22.932,0
2024-01-29 05:00:00,22.933,22.946,22.912,22.942,0
2024-01-29 06:00:00,22.945,22.998,22.932,22.995,0
2024-01-29 07:00:00,22.99,23.046,22.985,23.013,0
2024-01-29 08:00:00,23.016,23.071,22.947,23.036,0
2024-01-29 09:00:00,23.037,23.048,22.757,22.824,0
2024-01-29 10:00:00,22.82,22.953,22.768,22.936,0
2024-01-29 11:00:00,22.938,23.09,22.934,23.075,0
2024-01-29 12:00:00,23.074,23.209,23.074,23.135,0
2024-01-29 13:00:00,23.135,23.144,23.096,23.128,0
2024-01-29 14:00:00,23.124,23.152,23.084,23.094,0
2024-01-29 15:00:00,23.097,23.212,23.097,23.18,0
2024-01-29 16:00:00,23.181,23.198,23.164,23.187,0
2024-01-29 18:00:00,23.166,23.206,23.107,23.184,0
2024-01-29 19:00:00,23.186,23.235,23.185,23.219,0
2024-01-29 20:00:00,23.218,23.223,23.155,23.155,0
2024-01-29 21:00:00,23.152,23.165,23.113,23.154,0
2024-01-29 22:00:00,23.153,23.17,23.135,23.14,0
2024-01-29 23:00:00,23.14,23.159,23.123,23.13,0
2024-01-30 00:00:00,23.131,23.168,23.128,23.129,0
2024-01-30 01:00:00,23.126,23.208,23.125,23.171,0
2024-01-30 02:00:00,23.175,23.251,23.152,23.198,0
2024-01-30 03:00:00,23.198,23.231,23.151,23.166,0
2024-01-30 04:00:00,23.164,23.176,23.087,23.113,0
2024-01-30 05:00:00,23.11,23.119,23.084,23.098,0
2024-01-30 06:00:00,23.096,23.107,23.04,23.102,0
2024-01-30 07:00:00,23.098,23.124,23.064,23.11,0
2024-01-30 08:00:00,23.111,23.127,23.023,23.113,0
2024-01-30 09:00:00,23.115,23.295,23.108,23.256,0
2024-01-30 10:00:00,23.248,23.278,22.927,23.036,0
2024-01-30 11:00:00,23.035,23.113,23.009,23.113,0
2024-01-30 12:00:00,23.109,23.136,23.079,23.115,0
2024-01-30 13:00:00,23.11,23.112,23.042,23.081,0
2024-01-30 14:00:00,23.083,23.164,23.072,23.153,0
2024-01-30 15:00:00,23.148,23.172,23.14,23.159,0
2024-01-30 16:00:00,23.159,23.164,23.139,23.156,0
2024-01-30 18:00:00,23.134,23.155,23.1,23.146,0
2024-01-30 19:00:00,23.15,23.198,23.128,23.133,0
2024-01-30 20:00:00,23.133,23.146,23.069,23.072,0
2024-01-30 21:00:00,23.07,23.079,23.034,23.062,0
2024-01-30 22:00:00,23.065,23.083,23.048,23.064,0
2024-01-30 23:00:00,23.06,23.091,23.044,23.076,0
2024-01-31 00:00:00,23.079,23.08,23.029,23.06,0
2024-01-31 01:00:00,23.059,23.069,23.0,23.011,0
2024-01-31 02:00:00,23.011,23.078,23.001,23.073,0
2024-01-31 03:00:00,23.068,23.176,23.063,23.128,0
2024-01-31 04:00:00,23.128,23.152,23.072,23.088,0
2024-01-31 05:00:00,23.085,23.089,23.021,23.044,0
2024-01-31 06:00:00,23.041,23.11,23.035,23.076,0
2024-01-31 07:00:00,23.074,23.138,23.066,23.114,0
2024-01-31 08:00:00,23.114,23.172,23.058,23.129,0
2024-01-31 09:00:00,23.125,23.316,23.088,23.232,0
2024-01-31 10:00:00,23.222,23.298,23.202,23.271,0
2024-01-31 11:00:00,23.274,23.291,23.019,23.101,0
2024-01-31 12:00:00,23.097,23.109,23.033,23.067,0
2024-01-31 13:00:00,23.068,23.073,23.004,23.052,0
2024-01-31 14:00:00,23.046,23.266,22.922,23.123,0
2024-01-31 15:00:00,23.117,23.145,22.765,22.836,0
2024-01-31 16:00:00,22.836,22.942,22.811,22.928,0
2024-01-31 18:00:00,22.907,22.934,22.879,22.894,0
2024-01-31 19:00:00,22.903,22.981,22.884,22.958,0
2024-01-31 20:00:00,22.959,22.972,22.876,22.88,0
2024-01-31 21:00:00,22.882,23.003,22.876,22.961,0
2024-01-31 22:00:00,22.965,23.027,22.961,23.016,0
2024-01-31 23:00:00,23.014,23.026,22.974,22.986,0
2024-02-01 00:00:00,22.979,22.988,22.902,22.903,0
2024-02-01 01:00:00,22.909,22.925,22.859,22.895,0
2024-02-01 02:00:00,22.895,22.896,22.806,22.818,0
2024-02-01 03:00:00,22.819,22.819,22.71,22.771,0
2024-02-01 04:00:00,22.769,22.844,22.754,22.81,0
2024-02-01 05:00:00,22.813,22.823,22.644,22.66,0
2024-02-01 06:00:00,22.657,22.711,22.639,22.676,0
2024-02-01 07:00:00,22.676,22.677,22.582,22.651,0
2024-02-01 08:00:00,22.648,22.678,22.499,22.645,0
2024-02-01 09:00:00,22.645,22.995,22.644,22.923,0
2024-02-01 10:00:00,22.911,23.005,22.753,22.982,0
2024-02-01 11:00:00,22.982,23.193,22.979,23.103,0
2024-02-01 12:00:00,23.103,23.196,23.038,23.113,0
2024-02-01 13:00:00,23.112,23.247,23.085,23.193,0
2024-02-01 14:00:00,23.192,23.226,23.138,23.188,0
2024-02-01 15:00:00,23.185,23.202,23.136,23.17,0
2024-02-01 16:00:00,23.171,23.171,23.139,23.156,0
2024-02-01 18:00:00,23.146,23.168,23.053,23.145,0
2024-02-01 19:00:00,23.141,23.174,23.123,23.133,0
2024-02-01 20:00:00,23.13,23.183,23.091,23.112,0
2024-02-01 21:00:00,23.114,23.139,23.079,23.123,0
2024-02-01 22:00:00,23.124,23.135,23.108,23.13,0
2024-02-01 23:00:00,23.131,23.157,23.124,23.156,0
2024-02-02 00:00:00,23.149,23.192,23.13,23.157,0
2024-02-02 01:00:00,23.153,23.195,23.12,23.135,0
2024-02-02 02:00:00,23.139,23.193,23.12,23.167,0
2024-02-02 03:00:00,23.168,23.205,23.123,23.13,0
2024-02-02 04:00:00,23.13,23.211,23.112,23.161,0
2024-02-02 05:00:00,23.161,23.207,23.159,23.176,0
2024-02-02 06:00:00,23.17,23.242,23.16,23.231,0
2024-02-02 07:00:00,23.235,23.238,23.136,23.159,0
2024-02-02 08:00:00,23.163,23.176,22.53,22.548,0
2024-02-02 09:00:00,22.544,22.655,22.388,22.571,0
2024-02-02 10:00:00,22.568,22.636,22.485,22.616,0
2024-02-02 11:00:00,22.624,22.661,22.557,22.648,0
2024-02-02 12:00:00,22.649,22.656,22.568,22.649,0
2024-02-02 13:00:00,22.653,22.702,22.619,22.672,0
2024-02-02 14:00:00,22.671,22.708,22.644,22.7,0
2024-02-02 15:00:00,22.699,22.71,22.641,22.651,0
2024-02-02 16:00:00,22.653,22.675,22.636,22.673,0
2024-02-04 18:00:00,22.709,22.714,22.631,22.688,0
2024-02-04 19:00:00,22.684,22.708,22.55,22.625,0
2024-02-04 20:00:00,22.625,22.641,22.534,22.627,0
2024-02-04 21:00:00,22.627,22.641,22.531,22.551,0
2024-02-04 22:00:00,22.556,22.575,22.502,22.555,0
2024-02-04 23:00:00,22.556,22.586,22.536,22.537,0
2024-02-05 00:00:00,22.544,22.567,22.502,22.563,0
2024-02-05 01:00:00,22.562,22.589,22.507,22.576,0
2024-02-05 02:00:00,22.579,22.59,22.495,22.534,0
2024-02-05 03:00:00,22.537,22.543,22.418,22.44,0
2024-02-05 04:00:00,22.441,22.475,22.348,22.41,0
2024-02-05 05:00:00,22.41,22.456,22.395,22.438,0
2024-02-05 06:00:00,22.44,22.515,22.424,22.478,0
2024-02-05 07:00:00,22.481,22.499,22.397,22.397,0
2024-02-05 08:00:00,22.398,22.405,22.226,22.291,0
2024-02-05 09:00:00,22.291,22.429,22.253,22.396,0
2024-02-05 10:00:00,22.399,22.399,22.278,22.322,0
2024-02-05 11:00:00,22.324,22.352,22.25,22.275,0
2024-02-05 12:00:00,22.275,22.352,22.265,22.346,0
2024-02-05 13:00:00,22.345,22.375,22.312,22.357,0
2024-02-05 14:00:00,22.356,22.378,22.334,22.345,0
2024-02-05 15:00:00,22.345,22.355,22.302,22.343,0
2024-02-05 16:00:00,22.342,22.352,22.325,22.333,0
2024-02-05 18:00:00,22.31,22.332,22.237,22.297,0
2024-02-05 19:00:00,22.299,22.34,22.291,22.327,0
2024-02-05 20:00:00,22.327,22.359,22.312,22.348,0
2024-02-05 21:00:00,22.348,22.36,22.313,22.347,0
2024-02-05 22:00:00,22.348,22.359,22.313,22.316,0
2024-02-05 23:00:00,22.32,22.363,22.303,22.356,0
2024-02-06 00:00:00,22.352,22.461,22.347,22.436,0
2024-02-06 01:00:00,22.434,22.445,22.361,22.374,0
2024-02-06 02:00:00,22.371,22.433,22.366,22.374,0
2024-02-06 03:00:00,22.376,22.383,22.307,22.317,0
2024-02-06 04:00:00,22.314,22.332,22.287,22.294,0
2024-02-06 05:00:00,22.296,22.316,22.253,22.276,0
2024-02-06 06:00:00,22.281,22.324,22.262,22.29,0
2024-02-06 07:00:00,22.289,22.315,22.246,22.314,0
2024-02-06 08:00:00,22.313,22.361,22.286,22.322,0
2024-02-06 09:00:00,22.314,22.378,22.269,22.318,0
2024-02-06 10:00:00,22.318,22.478,22.287,22.449,0
2024-02-06 11:00:00,22.45,22.461,22.402,22.417,0
2024-02-06 12:00:00,22.417,22.461,22.36,22.436,0
2024-02-06 13:00:00,22.435,22.46,22.364,22.441,0
2024-02-06 14:00:00,22.441,22.451,22.395,22.417,0
2024-02-06 15:00:00,22.417,22.439,22.396,22.416,0
2024-02-06 16:00:00,22.413,22.421,22.389,22.408,0
2024-02-06 18:00:00,22.402,22.424,22.39,22.398,0
2024-02-06 19:00:00,22.396,22.418,22.384,22.415,0
2024-02-06 20:00:00,22.417,22.439,22.381,22.403,0
2024-02-06 21:00:00,22.404,22.424,22.362,22.379,0
2024-02-06 22:00:00,22.378,22.378,22.283,22.321,0
2024-02-06 23:00:00,22.315,22.35,22.311,22.338,0
2024-02-07 00:00:00,22.33,22.343,22.243,22.249,0
2024-02-07 01:00:00,22.249,22.291,22.234,22.281,0
2024-02-07 02:00:00,22.285,22.345,22.266,22.295,0
2024-02-07 03:00:00,22.301,22.303,22.197,22.237,0
2024-02-07 04:00:00,22.236,22.291,22.211,22.275,0
2024-02-07 05:00:00,22.274,22.28,22.213,22.241,0
2024-02-07 06:00:00,22.234,22.32,22.215,22.276,0
2024-02-07 07:00:00,22.279,22.291,22.245,22.273,0
2024-02-07 08:00:00,22.274,22.314,22.205,22.305,0
2024-02-07 09:00:00,22.305,22.438,22.255,22.383,0
2024-02-07 10:00:00,22.383,22.425,22.274,22.368,0
2024-02-07 11:00:00,22.367,22.415,22.31,22.325,0
2024-02-07 12:00:00,22.319,22.321,22.258,22.316,0
2024-02-07 13:00:00,22.317,22.34,22.21,22.216,0
2024-02-07 14:00:00,22.22,22.235,22.206,22.222,0
2024-02-07 15:00:00,22.221,22.223,22.199,22.203,0
2024-02-07 16:00:00,22.202,22.211,22.173,22.206,0
2024-02-07 18:00:00,22.185,22.191,22.148,22.175,0
2024-02-07 19:00:00,22.175,22.221,22.169,22.215,0
2024-02-07 20:00:00,22.215,22.236,22.17,22.216,0
2024-02-07 21:00:00,22.216,22.249,22.215,22.226,0
2024-02-07 22:00:00,22.221,22.24,22.21,22.22,0
2024-02-07 23:00:00,22.223,22.257,22.216,22.239,0
2024-02-08 00:00:00,22.243,22.324,22.225,22.323,0
2024-02-08 01:00:00,22.323,22.372,22.301,22.346,0
2024-02-08 02:00:00,22.345,22.366,22.297,22.319,0
2024-02-08 03:00:00,22.311,22.333,22.226,22.287,0
2024-02-08 04:00:00,22.286,22.375,22.275,22.366,0
2024-02-08 05:00:00,22.372,22.43,22.369,22.384,0
2024-02-08 06:00:00,22.387,22.391,22.307,22.338,0
2024-02-08 07:00:00,22.334,22.341,22.254,22.285,0
2024-02-08 08:00:00,22.286,22.297,22.131,22.153,0
2024-02-08 09:00:00,22.158,22.577,22.129,22.341,0
2024-02-08 10:00:00,22.344,22.465,22.261,22.455,0
2024-02-08 11:00:00,22.456,22.508,22.42,22.499,0
2024-02-08 12:00:00,22.503,22.549,22.453,22.543,0
2024-02-08 13:00:00,22.549,22.628,22.533,22.571,0
2024-02-08 14:00:00,22.571,22.597,22.544,22.569,0
2024-02-08 15:00:00,22.57,22.601,22.561,22.569,0
2024-02-08 16:00:00,22.569,22.584,22.549,22.558,0
2024-02-08 18:00:00,22.553,22.581,22.484,22.577,0
2024-02-08 19:00:00,22.571,22.577,22.54,22.543,0
2024-02-08 20:00:00,22.541,22.603,22.541,22.587,0
2024-02-08 21:00:00,22.589,22.605,22.582,22.595,0
2024-02-08 22:00:00,22.592,22.651,22.592,22.651,0
2024-02-08 23:00:00,22.654,22.655,22.605,22.607,0
2024-02-09 00:00:00,22.603,22.613,22.574,22.588,0
2024-02-09 01:00:00,22.591,22.671,22.586,22.66,0
2024-02-09 02:00:00,22.659,22.704,22.639,22.676,0
2024-02-09 03:00:00,22.679,22.71,22.607,22.637,0
2024-02-09 04:00:00,22.635,22.653,22.594,22.61,0
2024-02-09 05:00:00,22.605,22.632,22.585,22.625,0
2024-02-09 06:00:00,22.621,22.672,22.615,22.652,0
2024-02-09 07:00:00,22.653,22.673,22.58,22.584,0
2024-02-09 08:00:00,22.577,22.713,22.504,22.516,0
2024-02-09 09:00:00,22.51,22.605,22.418,22.578,0
2024-02-09 10:00:00,22.58,22.635,22.354,22.385,0
2024-02-09 11:00:00,22.382,22.442,22.35,22.425,0
2024-02-09 12:00:00,22.424,22.528,22.422,22.527,0
2024-02-09 13:00:00,22.526,22.547,22.493,22.53,0
2024-02-09 14:00:00,22.528,22.585,22.526,22.555,0
2024-02-09 15:00:00,22.555,22.605,22.542,22.602,0
2024-02-09 16:00:00,22.598,22.614,22.571,22.591,0
2024-02-11 18:00:00,22.539,22.654,22.529,22.65,0
2024-02-11 19:00:00,22.646,22.671,22.64,22.668,0
2024-02-11 20:00:00,22.668,22.686,22.643,22.668,0
2024-02-11 21:00:00,22.667,22.677,22.634,22.649,0
2024-02-11 22:00:00,22.653,22.691,22.645,22.691,0
2024-02-11 23:00:00,22.679,22.719,22.679,22.694,0
2024-02-12 00:00:00,22.694,22.776,22.685,22.771,0
2024-02-12 01:00:00,22.769,22.807,22.769,22.796,0
2024-02-12 02:00:00,22.794,22.939,22.785,22.917,0
2024-02-12 03:00:00,22.92,22.921,22.841,22.841,0
2024-02-12 04:00:00,22.845,22.869,22.833,22.854,0
2024-02-12 05:00:00,22.859,22.903,22.84,22.896,0
2024-02-12 06:00:00,22.899,22.929,22.884,22.916,0
2024-02-12 07:00:00,22.916,22.965,22.895,22.955,0
2024-02-12 08:00:00,22.957,23.067,22.772,22.779,0
2024-02-12 09:00:00,22.779,22.797,22.505,22.627,0
2024-02-12 10:00:00,22.63,22.765,22.62,22.668,0
2024-02-12 11:00:00,22.67,22.675,22.563,22.59,0
2024-02-12 12:00:00,22.594,22.701,22.576,22.673,0
2024-02-12 13:00:00,22.678,22.735,22.653,22.727,0
2024-02-12 14:00:00,22.723,22.732,22.66,22.677,0
2024-02-12 15:00:00,22.667,22.696,22.666,22.687,0
2024-02-12 16:00:00,22.686,22.688,22.657,22.659,0
2024-02-12 18:00:00,22.666,22.682,22.587,22.674,0
2024-02-12 19:00:00,22.677,22.72,22.669,22.713,0
2024-02-12 20:00:00,22.72,22.73,22.693,22.711,0
2024-02-12 21:00:00,22.711,22.716,22.696,22.708,0
2024-02-12 22:00:00,22.711,22.716,22.653,22.688,0
2024-02-12 23:00:00,22.686,22.72,22.683,22.703,0
2024-02-13 00:00:00,22.706,22.75,22.704,22.739,0
2024-02-13 01:00:00,22.74,22.787,22.733,22.778,0
2024-02-13 02:00:00,22.783,22.839,22.774,22.835,0
2024-02-13 03:00:00,22.834,22.881,22.825,22.861,0
2024-02-13 04:00:00,22.861,22.925,22.841,22.915,0
2024-02-13 05:00:00,22.918,22.928,22.878,22.891,0
2024-02-13 06:00:00,22.896,22.916,22.851,22.862,0
2024-02-13 07:00:00,22.862,22.882,22.823,22.834,0
2024-02-13 08:00:00,22.838,22.933,22.416,22.474,0
2024-02-13 09:00:00,22.469,22.476,22.045,22.105,0
2024-02-13 10:00:00,22.107,22.211,21.99,22.017,0
2024-02-13 11:00:00,22.025,22.212,21.999,22.087,0
2024-02-13 12:00:00,22.1,22.16,22.065,22.087,0
2024-02-13 13:00:00,22.088,22.13,22.029,22.044,0
2024-02-13 14:00:00,22.044,22.049,21.969,21.989,0
2024-02-13 15:00:00,21.988,22.068,21.988,22.059,0
2024-02-13 16:00:00,22.06,22.111,22.041,22.104,0
2024-02-13 18:00:00,22.092,22.107,21.996,22.069,0
2024-02-13 19:00:00,22.071,22.077,22.035,22.059,0
2024-02-13 20:00:00,22.061,22.061,21.966,22.057,0
2024-02-13 21:00:00,22.06,22.07,21.995,22.017,0
2024-02-13 22:00:00,22.027,22.033,21.985,22.016,0
2024-02-13 23:00:00,22.012,22.035,22.004,22.026,0
2024-02-14 00:00:00,22.022,22.042,22.012,22.021,0
2024-02-14 01:00:00,22.021,22.033,21.963,22.005,0
2024-02-14 02:00:00,22.006,22.012,21.956,21.968,0
2024-02-14 03:00:00,21.968,22.027,21.921,21.994,0
2024-02-14 04:00:00,21.999,22.034,21.979,22.018,0
2024-02-14 05:00:00,22.017,22.052,21.977,22.044,0
2024-02-14 06:00:00,22.044,22.059,22.004,22.04,0
2024-02-14 07:00:00,22.033,22.069,21.997,22.016,0
2024-02-14 08:00:00,22.015,22.201,21.995,22.077,0
2024-02-14 09:00:00,22.078,22.196,22.066,22.124,0
2024-02-14 10:00:00,22.125,22.288,22.075,22.261,0
2024-02-14 11:00:00,22.264,22.45,22.25,22.388,0
2024-02-14 12:00:00,22.388,22.416,22.337,22.383,0
2024-02-14 13:00:00,22.383,22.417,22.312,22.352,0
2024-02-14 14:00:00,22.351,22.353,22.305,22.344,0
2024-02-14 15:00:00,22.347,22.35,22.305,22.333,0
2024-02-14 16:00:00,22.333,22.365,22.31,22.315,0
2024-02-14 18:00:00,22.326,22.374,22.326,22.366,0
2024-02-14 19:00:00,22.365,22.4,22.333,22.379,0
2024-02-14 20:00:00,22.383,22.407,22.335,22.356,0
2024-02-14 21:00:00,22.357,22.431,22.351,22.427,0
2024-02-14 22:00:00,22.431,22.479,22.379,22.389,0
2024-02-14 23:00:00,22.381,22.408,22.368,22.405,0
2024-02-15 00:00:00,22.401,22.435,22.398,22.423,0
2024-02-15 01:00:00,22.417,22.501,22.413,22.489,0
2024-02-15 02:00:00,22.492,22.543,22.457,22.484,0
2024-02-15 03:00:00,22.495,22.57,22.47,22.548,0
2024-02-15 04:00:00,22.548,22.565,22.492,22.546,0
2024-02-15 05:00:00,22.548,22.611,22.539,22.572,0
2024-02-15 06:00:00,22.572,22.643,22.557,22.632,0
2024-02-15 07:00:00,22.624,22.713,22.595,22.693,0
2024-02-15 08:00:00,22.698,22.863,22.618,22.746,0
2024-02-15 09:00:00,22.75,22.974,22.675,22.916,0
2024-02-15 10:00:00,22.916,23.03,22.831,22.859,0
2024-02-15 11:00:00,22.861,22.892,22.766,22.802,0
2024-02-15 12:00:00,22.807,22.882,22.8,22.86,0
2024-02-15 13:00:00,22.862,22.928,22.86,22.904,0
2024-02-15 14:00:00,22.902,22.938,22.888,22.912,0
2024-02-15 15:00:00,22.912,22.927,22.878,22.899,0
2024-02-15 16:00:00,22.9,22.914,22.879,22.898,0
2024-02-15 18:00:00,22.89,22.975,22.89,22.946,0
2024-02-15 19:00:00,22.951,22.955,22.877,22.884,0
2024-02-15 20:00:00,22.881,22.982,22.873,22.981,0
2024-02-15 21:00:00,22.976,22.982,22.931,22.956,0
2024-02-15 22:00:00,22.958,22.993,22.932,22.961,0
2024-02-15 23:00:00,22.961,22.969,22.931,22.948,0
2024-02-16 00:00:00,22.939,22.981,22.932,22.948,0
2024-02-16 01:00:00,22.948,22.974,22.921,22.94,0
2024-02-16 02:00:00,22.935,22.998,22.915,22.984,0
2024-02-16 03:00:00,22.983,23.012,22.936,22.98,0
2024-02-16 04:00:00,22.978,23.01,22.951,22.981,0
2024-02-16 05:00:00,22.981,23.006,22.961,22.99,0
2024-02-16 06:00:00,22.986,23.026,22.975,23.01,0
2024-02-16 07:00:00,23.01,23.018,22.949,22.961,0
2024-02-16 08:00:00,22.963,23.063,22.776,23.006,0
2024-02-16 09:00:00,23.001,23.076,22.847,22.909,0
2024-02-16 10:00:00,22.892,23.241,22.89,23.171,0
2024-02-16 11:00:00,23.169,23.317,23.16,23.296,0
2024-02-16 12:00:00,23.301,23.423,23.265,23.417,0
2024-02-16 13:00:00,23.418,23.465,23.381,23.45,0
2024-02-16 14:00:00,23.456,23.492,23.383,23.421,0
2024-02-16 15:00:00,23.422,23.425,23.372,23.379,0
2024-02-16 16:00:00,23.383,23.416,23.375,23.398,0
2024-02-18 18:00:00,23.316,23.407,23.316,23.371,0
2024-02-18 19:00:00,23.375,23.442,23.316,23.376,0
2024-02-18 20:00:00,23.377,23.38,23.007,23.052,0
2024-02-18 21:00:00,23.048,23.124,23.042,23.12,0
2024-02-18 22:00:00,23.122,23.131,23.074,23.086,0
2024-02-18 23:00:00,23.079,23.114,23.036,23.094,0
2024-02-19 00:00:00,23.089,23.132,23.066,23.085,0
2024-02-19 01:00:00,23.08,23.137,23.072,23.125,0
2024-02-19 02:00:00,23.126,23.163,23.114,23.159,0
2024-02-19 03:00:00,23.16,23.163,23.078,23.088,0
2024-02-19 04:00:00,23.086,23.125,23.065,23.114,0
2024-02-19 05:00:00,23.115,23.141,23.094,23.109,0
2024-02-19 06:00:00,23.11,23.167,23.088,23.091,0
2024-02-19 07:00:00,23.086,23.091,23.021,23.071,0
2024-02-19 08:00:00,23.073,23.112,23.036,23.059,0
2024-02-19 09:00:00,23.06,23.091,23.009,23.04,0
2024-02-19 10:00:00,23.031,23.037,22.921,22.946,0
2024-02-19 11:00:00,22.939,22.98,22.922,22.959,0
2024-02-19 12:00:00,22.95,22.987,22.944,22.963,0
2024-02-19 13:00:00,22.968,22.982,22.952,22.964,0
2024-02-19 14:00:00,22.964,22.976,22.94,22.945,0
2024-02-19 18:00:00,22.961,22.984,22.925,22.945,0
2024-02-19 19:00:00,22.945,22.974,22.908,22.959,0
2024-02-19 20:00:00,22.957,23.016,22.939,22.957,0
2024-02-19 21:00:00,22.963,22.988,22.936,22.945,0
2024-02-19 22:00:00,22.946,22.964,22.912,22.939,0
2024-02-19 23:00:00,22.942,22.982,22.934,22.96,0
2024-02-20 00:00:00,22.966,22.967,22.922,22.948,0
2024-02-20 01:00:00,22.947,22.953,22.921,22.923,0
2024-02-20 02:00:00,22.929,23.006,22.902,22.976,0
2024-02-20 03:00:00,22.976,23.024,22.963,23.003,0
2024-02-20 04:00:00,23.008,23.046,22.998,23.023,0
2024-02-20 05:00:00,23.022,23.117,23.008,23.079,0
2024-02-20 06:00:00,23.069,23.085,23.026,23.063,0
2024-02-20 07:00:00,23.067,23.116,23.027,23.097,0
2024-02-20 08:00:00,23.102,23.184,23.045,23.148,0
2024-02-20 09:00:00,23.152,23.157,23.027,23.122,0
2024-02-20 10:00:00,23.121,23.155,23.009,23.014,0
2024-02-20 11:00:00,23.02,23.07,22.985,23.038,0
2024-02-20 12:00:00,23.039,23.084,23.025,23.08,0
2024-02-20 13:00:00,23.078,23.095,23.029,23.05,0
2024-02-20 14:00:00,23.05,23.063,23.006,23.02,0
2024-02-20 15:00:00,23.018,23.02,22.97,23.008,0
2024-02-20 16:00:00,23.008,23.011,22.952,22.957,0
2024-02-20 18:00:00,22.969,23.01,22.959,22.992,0
2024-02-20 19:00:00,22.998,23.007,22.967,22.978,0
2024-02-20 20:00:00,22.98,23.031,22.967,23.008,0
2024-02-20 21:00:00,23.008,23.115,23.008,23.09,0
2024-02-20 22:00:00,23.09,23.172,23.09,23.146,0
2024-02-20 23:00:00,23.155,23.165,23.12,23.147,0
2024-02-21 00:00:00,23.143,23.17,23.111,23.138,0
2024-02-21 01:00:00,23.138,23.16,23.1,23.154,0
2024-02-21 02:00:00,23.144,23.167,23.124,23.137,0
2024-02-21 03:00:00,23.126,23.154,23.019,23.03,0
2024-02-21 04:00:00,23.029,23.083,23.003,23.068,0
2024-02-21 05:00:00,23.071,23.125,23.058,23.121,0
2024-02-21 06:00:00,23.123,23.125,23.042,23.06,0
2024-02-21 07:00:00,23.06,23.091,23.041,23.063,0
2024-02-21 08:00:00,23.064,23.098,22.99,23.054,0
2024-02-21 09:00:00,23.059,23.101,22.95,23.0,0
2024-02-21 10:00:00,23.005,23.015,22.807,22.808,0
2024-02-21 11:00:00,22.821,22.876,22.78,22.798,0
2024-02-21 12:00:00,22.802,22.856,22.793,22.825,0
2024-02-21 13:00:00,22.825,22.83,22.737,22.769,0
2024-02-21 14:00:00,22.781,22.912,22.608,22.909,0
2024-02-21 15:00:00,22.908,22.916,22.844,22.894,0
2024-02-21 16:00:00,22.896,22.901,22.846,22.88,0
2024-02-21 18:00:00,22.862,22.907,22.862,22.898,0
2024-02-21 19:00:00,22.891,22.927,22.877,22.894,0
2024-02-21 20:00:00,22.894,22.934,22.88,22.896,0
2024-02-21 21:00:00,22.895,22.907,22.847,22.897,0
2024-02-21 22:00:00,22.9,22.908,22.874,22.896,0
2024-02-21 23:00:00,22.891,22.973,22.88,22.966,0
2024-02-22 00:00:00,22.971,22.991,22.924,22.93,0
2024-02-22 01:00:00,22.932,22.977,22.922,22.961,0
2024-02-22 02:00:00,22.966,23.076,22.949,23.053,0
2024-02-22 03:00:00,23.054,23.154,23.041,23.154,0
2024-02-22 04:00:00,23.146,23.151,23.031,23.074,0
2024-02-22 05:00:00,23.072,23.088,23.043,23.062,0
2024-02-22 06:00:00,23.066,23.076,23.029,23.06,0
2024-02-22 07:00:00,23.056,23.084,23.011,23.022,0
2024-02-22 08:00:00,23.02,23.028,22.877,22.902,0
2024-02-22 09:00:00,22.901,22.926,22.797,22.859,0
2024-02-22 10:00:00,22.863,22.871,22.746,22.804,0
2024-02-22 11:00:00,22.81,22.825,22.721,22.734,0
2024-02-22 12:00:00,22.734,22.825,22.725,22.8,0
2024-02-22 13:00:00,22.799,22.805,22.721,22.758,0
2024-02-22 14:00:00,22.768,22.769,22.731,22.752,0
2024-02-22 15:00:00,22.747,22.777,22.732,22.742,0
2024-02-22 16:00:00,22.743,22.753,22.722,22.728,0
2024-02-22 18:00:00,22.731,22.75,22.713,22.745,0
2024-02-22 19:00:00,22.749,22.777,22.671,22.732,0
2024-02-22 20:00:00,22.728,22.832,22.723,22.815,0
2024-02-22 21:00:00,22.815,22.834,22.721,22.743,0
2024-02-22 22:00:00,22.737,22.774,22.71,22.762,0
2024-02-22 23:00:00,22.762,22.782,22.755,22.771,0
2024-02-23 00:00:00,22.772,22.773,22.602,22.617,0
2024-02-23 01:00:00,22.617,22.657,22.59,22.648,0
2024-02-23 02:00:00,22.648,22.678,22.61,22.645,0
2024-02-23 03:00:00,22.648,22.674,22.601,22.625,0
2024-02-23 04:00:00,22.613,22.631,22.542,22.568,0
2024-02-23 05:00:00,22.566,22.695,22.558,22.683,0
2024-02-23 06:00:00,22.689,22.723,22.677,22.705,0
2024-02-23 07:00:00,22.703,22.791,22.684,22.757,0
2024-02-23 08:00:00,22.758,22.801,22.687,22.699,0
2024-02-23 09:00:00,22.698,22.762,22.643,22.688,0
2024-02-23 10:00:00,22.688,22.764,22.605,22.757,0
2024-02-23 11:00:00,22.757,22.93,22.737,22.917,0
2024-02-23 12:00:00,22.921,22.974,22.887,22.965,0
2024-02-23 13:00:00,22.968,22.992,22.925,22.972,0
2024-02-23 14:00:00,22.97,22.991,22.938,22.967,0
2024-02-23 15:00:00,22.966,22.968,22.905,22.95,0
2024-02-23 16:00:00,22.946,22.946,22.91,22.938,0
2024-02-25 18:00:00,22.928,22.928,22.835,22.85,0
2024-02-25 19:00:00,22.849,22.861,22.814,22.839,0
2024-02-25 20:00:00,22.829,22.881,22.802,22.804,0
2024-02-25 21:00:00,22.803,22.815,22.757,22.774,0
2024-02-25 22:00:00,22.766,22.804,22.765,22.799,0
2024-02-25 23:00:00,22.804,22.836,22.797,22.827,0
2024-02-26 00:00:00,22.826,22.864,22.809,22.821,0
2024-02-26 01:00:00,22.825,22.83,22.776,22.784,0
2024-02-26 02:00:00,22.784,22.834,22.767,22.814,0
2024-02-26 03:00:00,22.814,22.843,22.765,22.774,0
2024-02-26 04:00:00,22.776,22.781,22.651,22.69,0
2024-02-26 05:00:00,22.689,22.739,22.578,22.594,0
2024-02-26 06:00:00,22.599,22.6,22.479,22.489,0
2024-02-26 07:00:00,22.494,22.571,22.472,22.549,0
2024-02-26 08:00:00,22.55,22.611,22.521,22.579,0
2024-02-26 09:00:00,22.573,22.612,22.479,22.564,0
2024-02-26 10:00:00,22.572,22.579,22.478,22.499,0
2024-02-26 11:00:00,22.497,22.518,22.455,22.505,0
2024-02-26 12:00:00,22.505,22.518,22.459,22.487,0
2024-02-26 13:00:00,22.479,22.51,22.444,22.462,0
2024-02-26 14:00:00,22.471,22.483,22.435,22.483,0
2024-02-26 15:00:00,22.481,22.567,22.471,22.52,0
2024-02-26 16:00:00,22.526,22.53,22.498,22.507,0
2024-02-26 18:00:00,22.49,22.503,22.442,22.498,0
2024-02-26 19:00:00,22.493,22.521,22.469,22.521,0
2024-02-26 20:00:00,22.513,22.572,22.507,22.56,0
2024-02-26 21:00:00,22.57,22.57,22.518,22.536,0
2024-02-26 22:00:00,22.537,22.557,22.524,22.551,0
2024-02-26 23:00:00,22.551,22.568,22.522,22.532,0
2024-02-27 00:00:00,22.531,22.546,22.499,22.511,0
2024-02-27 01:00:00,22.502,22.588,22.498,22.58,0
2024-02-27 02:00:00,22.58,22.683,22.56,22.655,0
2024-02-27 03:00:00,22.654,22.693,22.571,22.66,0
2024-02-27 04:00:00,22.647,22.677,22.614,22.65,0
2024-02-27 05:00:00,22.65,22.656,22.591,22.634,0
2024-02-27 06:00:00,22.635,22.665,22.594,22.659,0
2024-02-27 07:00:00,22.659,22.706,22.646,22.667,0
2024-02-27 08:00:00,22.662,22.678,22.504,22.637,0
2024-02-27 09:00:00,22.637,22.665,22.471,22.508,0
2024-02-27 10:00:00,22.508,22.602,22.455,22.472,0
2024-02-27 11:00:00,22.475,22.543,22.405,22.524,0
2024-02-27 12:00:00,22.52,22.526,22.449,22.491,0
2024-02-27 13:00:00,22.494,22.554,22.474,22.511,0
2024-02-27 14:00:00,22.507,22.526,22.468,22.494,0
2024-02-27 15:00:00,22.494,22.498,22.457,22.471,0
2024-02-27 16:00:00,22.472,22.472,22.416,22.416,0
2024-02-27 18:00:00,22.423,22.461,22.423,22.427,0
2024-02-27 19:00:00,22.417,22.475,22.416,22.459,0
2024-02-27 20:00:00,22.456,22.509,22.437,22.502,0
2024-02-27 21:00:00,22.501,22.505,22.429,22.446,0
2024-02-27 22:00:00,22.451,22.471,22.367,22.45,0
2024-02-27 23:00:00,22.449,22.455,22.403,22.405,0
2024-02-28 00:00:00,22.39,22.423,22.381,22.418,0
2024-02-28 01:00:00,22.422,22.464,22.368,22.388,0
2024-02-28 02:00:00,22.388,22.388,22.322,22.333,0
2024-02-28 03:00:00,22.332,22.36,22.292,22.308,0
2024-02-28 04:00:00,22.309,22.316,22.261,22.283,0
2024-02-28 05:00:00,22.283,22.329,22.269,22.318,0
2024-02-28 06:00:00,22.317,22.359,22.296,22.348,0
2024-02-28 07:00:00,22.347,22.383,22.315,22.332,0
2024-02-28 08:00:00,22.332,22.508,22.322,22.434,0
2024-02-28 09:00:00,22.434,22.483,22.34,22.355,0
2024-02-28 10:00:00,22.351,22.412,22.349,22.36,0
2024-02-28 11:00:00,22.362,22.4,22.347,22.4,0
2024-02-28 12:00:00,22.399,22.454,22.393,22.422,0
2024-02-28 13:00:00,22.421,22.436,22.372,22.389,0
2024-02-28 14:00:00,22.385,22.398,22.354,22.387,0
2024-02-28 15:00:00,22.385,22.459,22.38,22.45,0
2024-02-28 16:00:00,22.453,22.457,22.425,22.433,0
2024-02-28 18:00:00,22.439,22.472,22.432,22.447,0
2024-02-28 19:00:00,22.444,22.471,22.422,22.434,0
2024-02-28 20:00:00,22.432,22.492,22.409,22.492,0
2024-02-28 21:00:00,22.493,22.524,22.482,22.515,0
2024-02-28 22:00:00,22.522,22.523,22.469,22.494,0
2024-02-28 23:00:00,22.49,22.508,22.479,22.497,0
2024-02-29 00:00:00,22.497,22.512,22.469,22.499,0
2024-02-29 01:00:00,22.499,22.551,22.484,22.515,0
2024-02-29 02:00:00,22.52,22.549,22.475,22.486,0
2024-02-29 03:00:00,22.49,22.512,22.449,22.486,0
2024-02-29 04:00:00,22.486,22.489,22.406,22.433,0
2024-02-29 05:00:00,22.433,22.438,22.336,22.338,0
2024-02-29 06:00:00,22.33,22.363,22.321,22.355,0
2024-02-29 07:00:00,22.351,22.363,22.311,22.331,0
2024-02-29 08:00:00,22.331,22.727,22.297,22.711,0
2024-02-29 09:00:00,22.714,22.779,22.605,22.643,0
2024-02-29 10:00:00,22.65,22.713,22.608,22.65,0
2024-02-29 11:00:00,22.65,22.657,22.53,22.603,0
2024-02-29 12:00:00,22.603,22.669,22.593,22.661,0
2024-02-29 13:00:00,22.656,22.694,22.646,22.692,0
2024-02-29 14:00:00,22.69,22.708,22.633,22.65,0
2024-02-29 15:00:00,22.647,22.685,22.639,22.662,0
2024-02-29 16:00:00,22.666,22.667,22.644,22.653,0
2024-02-29 18:00:00,22.639,22.656,22.582,22.655,0
2024-02-29 19:00:00,22.654,22.68,22.629,22.653,0
2024-02-29 20:00:00,22.648,22.672,22.623,22.654,0
2024-02-29 21:00:00,22.657,22.706,22.65,22.7,0
2024-02-29 22:00:00,22.701,22.78,22.694,22.771,0
2024-02-29 23:00:00,22.775,22.778,22.717,22.725,0
2024-03-01 00:00:00,22.727,22.733,22.677,22.697,0
2024-03-01 01:00:00,22.698,22.771,22.685,22.724,0
2024-03-01 02:00:00,22.722,22.758,22.605,22.616,0
2024-03-01 03:00:00,22.612,22.619,22.502,22.511,0
2024-03-01 04:00:00,22.511,22.652,22.494,22.63,0
2024-03-01 05:00:00,22.626,22.707,22.612,22.68,0
2024-03-01 06:00:00,22.688,22.761,22.665,22.709,0
2024-03-01 07:00:00,22.7,22.743,22.668,22.686,0
2024-03-01 08:00:00,22.689,22.722,22.629,22.657,0
2024-03-01 09:00:00,22.658,22.756,22.561,22.588,0
2024-03-01 10:00:00,22.58,22.977,22.58,22.94,0
2024-03-01 11:00:00,22.941,23.134,22.903,23.094,0
2024-03-01 12:00:00,23.093,23.153,23.066,23.128,0
2024-03-01 13:00:00,23.127,23.261,23.095,23.231,0
2024-03-01 14:00:00,23.235,23.257,23.182,23.187,0
2024-03-01 15:00:00,23.184,23.194,23.129,23.149,0
2024-03-01 16:00:00,23.147,23.149,23.106,23.106,0
2024-03-03 18:00:00,23.098,23.166,23.061,23.099,0
2024-03-03 19:00:00,23.104,23.173,23.083,23.155,0
2024-03-03 20:00:00,23.158,23.162,23.013,23.039,0
2024-03-03 21:00:00,23.035,23.11,23.016,23.067,0
2024-03-03 22:00:00,23.066,23.07,23.035,23.051,0
2024-03-03 23:00:00,23.055,23.06,23.024,23.028,0
2024-03-04 00:00:00,23.033,23.053,23.008,23.01,0
2024-03-04 01:00:00,23.015,23.091,23.01,23.081,0
2024-03-04 02:00:00,23.082,23.147,23.041,23.131,0
2024-03-04 03:00:00,23.121,23.162,23.063,23.08,0
2024-03-04 04:00:00,23.08,23.149,23.074,23.144,0
2024-03-04 05:00:00,23.143,23.154,23.121,23.134,0
2024-03-04 06:00:00,23.135,23.15,23.096,23.105,0
2024-03-04 07:00:00,23.117,23.139,23.089,23.126,0
2024-03-04 08:00:00,23.125,23.342,23.09,23.331,0
2024-03-04 09:00:00,23.336,23.51,23.326,23.501,0
2024-03-04 10:00:00,23.487,23.613,23.432,23.603,0
2024-03-04 11:00:00,23.602,23.818,23.587,23.783,0
2024-03-04 12:00:00,23.785,23.824,23.697,23.766,0
2024-03-04 13:00:00,23.773,23.802,23.734,23.801,0
2024-03-04 14:00:00,23.8,23.916,23.778,23.89,0
2024-03-04 15:00:00,23.892,23.935,23.866,23.898,0
2024-03-04 16:00:00,23.898,23.912,23.871,23.871,0
2024-03-04 18:00:00,23.879,23.949,23.843,23.94,0
2024-03-04 19:00:00,23.936,23.939,23.842,23.858,0
2024-03-04 20:00:00,23.843,23.857,23.605,23.698,0
2024-03-04 21:00:00,23.698,23.721,23.653,23.716,0
2024-03-04 22:00:00,23.715,23.783,23.674,23.689,0
2024-03-04 23:00:00,23.688,23.723,23.642,23.723,0
2024-03-05 00:00:00,23.716,23.835,23.701,23.825,0
2024-03-05 01:00:00,23.822,23.841,23.774,23.792,0
2024-03-05 02:00:00,23.804,23.874,23.77,23.84,0
2024-03-05 03:00:00,23.839,23.964,23.832,23.94,0
2024-03-05 04:00:00,23.934,23.954,23.885,23.929,0
2024-03-05 05:00:00,23.933,23.973,23.891,23.9,0
2024-03-05 06:00:00,23.899,23.98,23.877,23.96,0
2024-03-05 07:00:00,23.958,23.972,23.887,23.931,0
2024-03-05 08:00:00,23.936,24.22,23.9,23.991,0
2024-03-05 09:00:00,23.988,24.064,23.881,23.918,0
2024-03-05 10:00:00,23.91,24.11,23.768,23.838,0
2024-03-05 11:00:00,23.84,23.868,23.706,23.755,0
2024-03-05 12:00:00,23.753,23.808,23.74,23.758,0
2024-03-05 13:00:00,23.757,23.775,23.654,23.669,0
2024-03-05 14:00:00,23.669,23.757,23.665,23.669,0
2024-03-05 15:00:00,23.671,23.695,23.653,23.669,0
2024-03-05 16:00:00,23.677,23.686,23.656,23.656,0
2024-03-05 18:00:00,23.651,23.717,23.623,23.703,0
2024-03-05 19:00:00,23.707,23.707,23.657,23.678,0
2024-03-05 20:00:00,23.679,23.711,23.558,23.575,0
2024-03-05 21:00:00,23.577,23.67,23.564,23.649,0
2024-03-05 22:00:00,23.653,23.656,23.576,23.599,0
2024-03-05 23:00:00,23.599,23.638,23.595,23.614,0
2024-03-06 00:00:00,23.614,23.707,23.609,23.697,0
2024-03-06 01:00:00,23.696,23.743,23.664,23.698,0
2024-03-06 02:00:00,23.691,23.766,23.682,23.706,0
2024-03-06 03:00:00,23.702,23.731,23.637,23.696,0
2024-03-06 04:00:00,23.697,23.766,23.691,23.753,0
2024-03-06 05:00:00,23.753,23.755,23.657,23.688,0
2024-03-06 06:00:00,23.681,23.79,23.672,23.783,0
2024-03-06 07:00:00,23.784,23.798,23.74,23.775,0
2024-03-06 08:00:00,23.774,23.828,23.675,23.823,0
2024-03-06 09:00:00,23.826,24.097,23.781,24.001,0
2024-03-06 10:00:00,23.976,24.067,23.887,24.045,0
2024-03-06 11:00:00,24.045,24.218,24.018,24.192,0
2024-03-06 12:00:00,24.192,24.243,24.137,24.215,0
2024-03-06 13:00:00,24.212,24.297,24.151,24.181,0
2024-03-06 14:00:00,24.184,24.187,24.077,24.141,0
2024-03-06 15:00:00,24.14,24.166,24.12,24.16,0
2024-03-06 16:00:00,24.159,24.166,24.134,24.156,0
2024-03-06 18:00:00,24.126,24.196,24.118,24.162,0
2024-03-06 19:00:00,24.158,24.211,24.153,24.2,0
2024-03-06 20:00:00,24.201,24.21,24.029,24.053,0
2024-03-06 21:00:00,24.056,24.131,24.019,24.104,0
2024-03-06 22:00:00,24.104,24.155,24.05,24.113,0
2024-03-06 23:00:00,24.117,24.267,24.117,24.183,0
2024-03-07 00:00:00,24.182,24.188,24.008,24.023,0
2024-03-07 01:00:00,24.027,24.092,23.995,24.074,0
2024-03-07 02:00:00,24.077,24.123,24.007,24.093,0
2024-03-07 03:00:00,24.097,24.205,24.081,24.117,0
2024-03-07 04:00:00,24.117,24.148,24.081,24.147,0
2024-03-07 05:00:00,24.148,24.171,24.111,24.166,0
2024-03-07 06:00:00,24.169,24.17,24.084,24.12,0
2024-03-07 07:00:00,24.113,24.183,24.105,24.176,0
2024-03-07 08:00:00,24.177,24.345,24.156,24.252,0
2024-03-07 09:00:00,24.248,24.363,24.177,24.318,0
2024-03-07 10:00:00,24.32,24.495,24.313,24.47,0
2024-03-07 11:00:00,24.473,24.475,24.286,24.382,0
2024-03-07 12:00:00,24.383,24.425,24.34,24.365,0
2024-03-07 13:00:00,24.365,24.386,24.266,24.301,0
2024-03-07 14:00:00,24.309,24.368,24.276,24.347,0
2024-03-07 15:00:00,24.346,24.35,24.293,24.31,0
2024-03-07 16:00:00,24.308,24.332,24.3,24.31,0
2024-03-07 18:00:00,24.285,24.385,24.285,24.383,0
2024-03-07 19:00:00,24.38,24.428,24.331,24.373,0
2024-03-07 20:00:00,24.372,24.406,24.26,24.276,0
2024-03-07 21:00:00,24.285,24.309,24.232,24.253,0
2024-03-07 22:00:00,24.253,24.338,24.226,24.291,0
2024-03-07 23:00:00,24.295,24.338,24.28,24.324,0
2024-03-08 00:00:00,24.332,24.358,24.274,24.306,0
2024-03-08 01:00:00,24.315,24.402,24.276,24.396,0
2024-03-08 02:00:00,24.397,24.498,24.388,24.481,0
2024-03-08 03:00:00,24.479,24.528,24.436,24.473,0
2024-03-08 04:00:00,24.476,24.531,24.459,24.504,0
2024-03-08 05:00:00,24.507,24.537,24.462,24.512,0
2024-03-08 06:00:00,24.523,24.526,24.449,24.501,0
2024-03-08 07:00:00,24.495,24.513,24.448,24.458,0
2024-03-08 08:00:00,24.459,24.625,24.237,24.341,0
2024-03-08 09:00:00,24.343,24.426,24.19,24.315,0
2024-03-08 10:00:00,24.315,24.378,24.188,24.337,0
2024-03-08 11:00:00,24.329,24.352,24.194,24.333,0
2024-03-08 12:00:00,24.334,24.528,24.328,24.38,0
2024-03-08 13:00:00,24.379,24.385,24.268,24.3,0
2024-03-08 14:00:00,24.285,24.336,24.159,24.309,0
2024-03-08 15:00:00,24.309,24.329,24.241,24.283,0
2024-03-08 16:00:00,24.283,24.315,24.266,24.305,0
2024-03-10 17:00:00,24.321,24.423,24.306,24.311,0
2024-03-10 18:00:00,24.308,24.446,24.302,24.385,0
2024-03-10 19:00:00,24.381,24.455,24.347,24.427,0
2024-03-10 20:00:00,24.42,24.435,24.3,24.34,0
2024-03-10 21:00:00,24.337,24.337,24.224,24.241,0
2024-03-10 22:00:00,24.236,24.292,24.224,24.273,0
2024-03-10 23:00:00,24.272,24.288,24.248,24.274,0
2024-03-11 00:00:00,24.265,24.315,24.248,24.282,0
2024-03-11 01:00:00,24.295,24.354,24.273,24.337,0
2024-03-11 02:00:00,24.341,24.374,24.26,24.349,0
2024-03-11 03:00:00,24.359,24.366,24.276,24.307,0
2024-03-11 04:00:00,24.299,24.355,24.274,24.339,0
2024-03-11 05:00:00,24.329,24.365,24.289,24.302,0
2024-03-11 06:00:00,24.298,24.356,24.273,24.347,0
2024-03-11 07:00:00,24.346,24.44,24.298,24.425,0
2024-03-11 08:00:00,24.422,24.496,24.343,24.407,0
2024-03-11 09:00:00,24.397,24.455,24.291,24.445,0
2024-03-11 10:00:00,24.444,24.508,24.39,24.491,0
2024-03-11 11:00:00,24.485,24.514,24.401,24.476,0
2024-03-11 12:00:00,24.479,24.516,24.403,24.454,0
2024-03-11 13:00:00,24.452,24.467,24.364,24.426,0
2024-03-11 14:00:00,24.426,24.493,24.417,24.431,0
2024-03-11 15:00:00,24.433,24.478,24.391,24.391,0
2024-03-11 17:00:00,24.446,24.491,24.446,24.472,0
2024-03-11 18:00:00,24.472,24.507,24.465,24.482,0
2024-03-11 19:00:00,24.488,24.526,24.396,24.419,0
2024-03-11 20:00:00,24.423,24.485,24.415,24.485,0
2024-03-11 21:00:00,24.483,24.487,24.419,24.435,0
2024-03-11 22:00:00,24.434,24.459,24.39,24.438,0
2024-03-11 23:00:00,24.437,24.47,24.425,24.466,0
2024-03-12 00:00:00,24.466,24.51,24.421,24.458,0
2024-03-12 01:00:00,24.464,24.478,24.36,24.384,0
2024-03-12 02:00:00,24.385,24.452,24.365,24.407,0
2024-03-12 03:00:00,24.411,24.46,24.39,24.453,0
2024-03-12 04:00:00,24.453,24.488,24.394,24.424,0
2024-03-12 05:00:00,24.421,24.448,24.381,24.433,0
2024-03-12 06:00:00,24.431,24.44,24.331,24.366,0
2024-03-12 07:00:00,24.359,24.674,24.175,24.352,0
2024-03-12 08:00:00,24.348,24.359,23.988,24.12,0
2024-03-12 09:00:00,24.125,24.248,24.01,24.176,0
2024-03-12 10:00:00,24.178,24.236,24.091,24.217,0
2024-03-12 11:00:00,24.222,24.253,24.179,24.245,0
2024-03-12 12:00:00,24.244,24.244,24.099,24.099,0
2024-03-12 13:00:00,24.102,24.159,24.041,24.082,0
2024-03-12 14:00:00,24.077,24.135,24.051,24.132,0
2024-03-12 15:00:00,24.137,24.137,23.96,23.96,0
2024-03-12 17:00:00,24.108,24.14,24.095,24.131,0
2024-03-12 18:00:00,24.129,24.142,24.097,24.132,0
2024-03-12 19:00:00,24.133,24.202,24.109,24.172,0
2024-03-12 20:00:00,24.172,24.177,24.103,24.113,0
2024-03-12 21:00:00,24.119,24.134,24.086,24.113,0
2024-03-12 22:00:00,24.115,24.144,24.074,24.111,0
2024-03-12 23:00:00,24.109,24.117,24.057,24.098,0
2024-03-13 00:00:00,24.097,24.187,24.089,24.154,0
2024-03-13 01:00:00,24.16,24.185,24.12,24.175,0
2024-03-13 02:00:00,24.175,24.224,24.129,24.195,0
2024-03-13 03:00:00,24.19,24.23,24.168,24.199,0
2024-03-13 04:00:00,24.201,24.24,24.184,24.221,0
2024-03-13 05:00:00,24.217,24.299,24.209,24.293,0
2024-03-13 06:00:00,24.291,24.328,24.244,24.272,0
2024-03-13 07:00:00,24.273,24.377,24.25,24.375,0
2024-03-13 08:00:00,24.375,24.495,24.308,24.393,0
2024-03-13 09:00:00,24.392,24.489,24.325,24.474,0
2024-03-13 10:00:00,24.475,24.823,24.46,24.82,0
2024-03-13 11:00:00,24.821,24.966,24.792,24.932,0
2024-03-13 12:00:00,24.931,24.98,24.899,24.938,0
2024-03-13 13:00:00,24.934,24.995,24.923,24.986,0
2024-03-13 14:00:00,24.988,24.998,24.909,24.922,0
2024-03-13 15:00:00,24.922,25.022,24.914,24.994,0
2024-03-13 17:00:00,24.994,25.041,24.982,25.023,0
2024-03-13 18:00:00,25.024,25.041,24.999,25.037,0
2024-03-13 19:00:00,25.044,25.074,25.0,25.053,0
2024-03-13 20:00:00,25.056,25.149,25.012,25.097,0
2024-03-13 21:00:00,25.092,25.097,24.995,25.007,0
2024-03-13 22:00:00,25.006,25.06,24.949,25.0,0
2024-03-13 23:00:00,25.002,25.016,24.926,24.958,0
2024-03-14 00:00:00,24.956,24.972,24.873,24.886,0
2024-03-14 01:00:00,24.89,24.938,24.8,24.9,0
2024-03-14 02:00:00,24.901,24.949,24.877,24.936,0
2024-03-14 03:00:00,24.942,24.993,24.916,24.976,0
2024-03-14 04:00:00,24.969,25.035,24.948,25.005,0
2024-03-14 05:00:00,24.992,25.037,24.963,25.016,0
2024-03-14 06:00:00,25.013,25.046,24.96,24.977,0
2024-03-14 07:00:00,24.991,25.042,24.893,24.969,0
2024-03-14 08:00:00,24.971,25.088,24.869,25.0,0
2024-03-14 09:00:00,24.997,25.01,24.857,24.9,0
2024-03-14 10:00:00,24.901,24.918,24.72,24.806,0
2024-03-14 11:00:00,24.807,24.85,24.768,24.801,0
2024-03-14 12:00:00,24.799,24.879,24.788,24.817,0
2024-03-14 13:00:00,24.807,24.857,24.794,24.81,0
2024-03-14 14:00:00,24.813,24.847,24.785,24.838,0
2024-03-14 15:00:00,24.837,24.86,24.787,24.793,0
2024-03-14 17:00:00,24.793,24.812,24.786,24.799,0
2024-03-14 18:00:00,24.8,24.836,24.791,24.833,0
2024-03-14 19:00:00,24.834,24.892,24.797,24.878,0
2024-03-14 20:00:00,24.873,24.974,24.873,24.913,0
2024-03-14 21:00:00,24.916,24.948,24.862,24.926,0
2024-03-14 22:00:00,24.922,25.007,24.881,24.989,0
2024-03-14 23:00:00,24.982,25.006,24.945,24.991,0
2024-03-15 00:00:00,24.992,25.196,24.974,25.174,0
2024-03-15 01:00:00,25.168,25.173,25.013,25.104,0
2024-03-15 02:00:00,25.095,25.106,25.0,25.009,0
2024-03-15 03:00:00,25.01,25.12,24.968,25.08,0
2024-03-15 04:00:00,25.084,25.182,25.019,25.158,0
2024-03-15 05:00:00,25.156,25.182,25.044,25.174,0
2024-03-15 06:00:00,25.179,25.21,25.115,25.198,0
2024-03-15 07:00:00,25.194,25.241,25.035,25.122,0
2024-03-15 08:00:00,25.122,25.251,25.098,25.201,0
2024-03-15 09:00:00,25.201,25.437,25.159,25.355,0
2024-03-15 10:00:00,25.36,25.395,25.255,25.312,0
2024-03-15 11:00:00,25.309,25.402,25.144,25.199,0
2024-03-15 12:00:00,25.202,25.233,25.127,25.181,0
2024-03-15 13:00:00,25.185,25.258,25.179,25.235,0
2024-03-15 14:00:00,25.239,25.251,25.167,25.185,0
2024-03-15 15:00:00,25.184,25.197,25.082,25.173,0
2024-03-17 17:00:00,25.131,25.152,25.077,25.104,0
2024-03-17 18:00:00,25.104,25.127,25.071,25.119,0
2024-03-17 19:00:00,25.117,25.176,25.111,25.164,0
2024-03-17 20:00:00,25.168,25.168,24.934,25.039,0
2024-03-17 21:00:00,25.042,25.084,24.998,25.003,0
2024-03-17 22:00:00,25.001,25.032,24.967,24.996,0
2024-03-17 23:00:00,24.991,25.012,24.959,24.99,0
2024-03-18 00:00:00,24.985,25.042,24.964,25.033,0
2024-03-18 01:00:00,25.03,25.047,24.978,25.025,0
2024-03-18 02:00:00,25.025,25.093,24.992,25.085,0
2024-03-18 03:00:00,25.082,25.125,25.026,25.089,0
2024-03-18 04:00:00,25.09,25.149,25.036,25.077,0
2024-03-18 05:00:00,25.077,25.141,25.062,25.138,0
2024-03-18 06:00:00,25.137,25.186,25.121,25.148,0
2024-03-18 07:00:00,25.152,25.321,25.128,25.227,0
2024-03-18 08:00:00,25.233,25.306,25.138,25.151,0
2024-03-18 09:00:00,25.143,25.208,25.071,25.08,0
2024-03-18 10:00:00,25.08,25.138,25.035,25.053,0
2024-03-18 11:00:00,25.052,25.078,24.963,25.021,0
2024-03-18 12:00:00,25.026,25.079,25.012,25.064,0
2024-03-18 13:00:00,25.066,25.07,25.021,25.036,0
2024-03-18 14:00:00,25.038,25.055,25.01,25.033,0
2024-03-18 15:00:00,25.036,25.042,25.006,25.016,0
2024-03-18 17:00:00,25.028,25.048,25.001,25.018,0
2024-03-18 18:00:00,25.022,25.064,25.003,25.061,0
2024-03-18 19:00:00,25.066,25.09,25.049,25.063,0
2024-03-18 20:00:00,25.063,25.132,25.012,25.072,0
2024-03-18 21:00:00,25.07,25.143,25.065,25.106,0
2024-03-18 22:00:00,25.104,25.14,25.07,25.131,0
2024-03-18 23:00:00,25.125,25.142,25.078,25.105,0
2024-03-19 00:00:00,25.102,25.113,24.881,24.961,0
2024-03-19 01:00:00,24.958,24.969,24.864,24.907,0
2024-03-19 02:00:00,24.912,24.986,24.889,24.965,0
2024-03-19 03:00:00,24.966,24.974,24.782,24.901,0
2024-03-19 04:00:00,24.902,24.927,24.871,24.908,0
2024-03-19 05:00:00,24.909,24.955,24.878,24.933,0
2024-03-19 06:00:00,24.93,24.967,24.909,24.923,0
2024-03-19 07:00:00,24.912,24.997,24.828,24.909,0
2024-03-19 08:00:00,24.915,24.935,24.806,24.845,0
2024-03-19 09:00:00,24.846,24.921,24.718,24.896,0
2024-03-19 10:00:00,24.895,24.965,24.857,24.921,0
2024-03-19 11:00:00,24.928,24.952,24.852,24.94,0
2024-03-19 12:00:00,24.946,24.964,24.894,24.925,0
2024-03-19 13:00:00,24.925,24.936,24.889,24.92,0
2024-03-19 14:00:00,24.92,24.928,24.886,24.9,0
2024-03-19 15:00:00,24.898,24.923,24.817,24.817,0
2024-03-19 17:00:00,24.882,24.906,24.871,24.905,0
2024-03-19 18:00:00,24.905,24.906,24.859,24.868,0
2024-03-19 19:00:00,24.869,24.892,24.827,24.89,0
2024-03-19 20:00:00,24.885,24.958,24.856,24.943,0
2024-03-19 21:00:00,24.941,24.991,24.913,24.962,0
2024-03-19 22:00:00,24.962,24.97,24.933,24.966,0
2024-03-19 23:00:00,24.963,24.975,24.869,24.869,0
2024-03-20 00:00:00,24.875,24.922,24.857,24.889,0
2024-03-20 01:00:00,24.885,24.91,24.87,24.888,0
2024-03-20 02:00:00,24.894,24.921,24.868,24.905,0
2024-03-20 03:00:00,24.895,24.901,24.75,24.833,0
2024-03-20 04:00:00,24.836,24.856,24.8,24.839,0
2024-03-20 05:00:00,24.836,24.848,24.778,24.843,0
2024-03-20 06:00:00,24.841,24.861,24.797,24.841,0
2024-03-20 07:00:00,24.845,24.878,24.734,24.777,0
2024-03-20 08:00:00,24.78,25.012,24.757,24.951,0
2024-03-20 09:00:00,24.951,25.039,24.868,24.942,0
2024-03-20 10:00:00,24.938,24.982,24.858,24.886,0
2024-03-20 11:00:00,24.888,24.935,24.864,24.909,0
2024-03-20 12:00:00,24.898,24.939,24.869,24.884,0
2024-03-20 13:00:00,24.885,25.545,24.885,25.5,0
2024-03-20 14:00:00,25.5,25.631,25.451,25.472,0
2024-03-20 15:00:00,25.468,25.576,25.454,25.57,0
2024-03-20 17:00:00,25.543,25.724,25.523,25.632,0
2024-03-20 18:00:00,25.637,25.718,25.558,25.697,0
2024-03-20 19:00:00,25.702,25.702,25.547,25.618,0
2024-03-20 20:00:00,25.617,25.721,25.576,25.703,0
2024-03-20 21:00:00,25.698,25.768,25.637,25.642,0
2024-03-20 22:00:00,25.651,25.684,25.603,25.618,0
2024-03-20 23:00:00,25.62,25.638,25.59,25.62,0
2024-03-21 00:00:00,25.62,25.65,25.585,25.646,0
2024-03-21 01:00:00,25.646,25.713,25.577,25.673,0
2024-03-21 02:00:00,25.671,25.736,25.631,25.654,0
2024-03-21 03:00:00,25.65,25.654,25.403,25.449,0
2024-03-21 04:00:00,25.451,25.503,25.351,25.464,0
2024-03-21 05:00:00,25.465,25.561,25.451,25.456,0
2024-03-21 06:00:00,25.452,25.491,25.365,25.431,0
2024-03-21 07:00:00,25.428,25.479,25.322,25.37,0
2024-03-21 08:00:00,25.374,25.389,25.029,25.078,0
2024-03-21 09:00:00,25.075,25.077,24.795,24.843,0
2024-03-21 10:00:00,24.847,24.86,24.63,24.746,0
2024-03-21 11:00:00,24.751,24.811,24.717,24.795,0
2024-03-21 12:00:00,24.796,24.84,24.774,24.779,0
2024-03-21 13:00:00,24.784,24.809,24.752,24.768,0
2024-03-21 14:00:00,24.768,24.788,24.722,24.745,0
2024-03-21 15:00:00,24.747,24.763,24.718,24.725,0
2024-03-21 17:00:00,24.729,24.753,24.713,24.735,0
2024-03-21 18:00:00,24.737,24.756,24.729,24.748,0
2024-03-21 19:00:00,24.751,24.824,24.716,24.808,0
2024-03-21 20:00:00,24.807,24.815,24.491,24.52,0
2024-03-21 21:00:00,24.523,24.598,24.489,24.532,0
2024-03-21 22:00:00,24.527,24.586,24.515,24.544,0
2024-03-21 23:00:00,24.543,24.581,24.508,24.528,0
2024-03-22 00:00:00,24.526,24.577,24.509,24.523,0
2024-03-22 01:00:00,24.521,24.582,24.453,24.483,0
2024-03-22 02:00:00,24.487,24.558,24.386,24.523,0
2024-03-22 03:00:00,24.522,24.604,24.49,24.587,0
2024-03-22 04:00:00,24.58,24.636,24.556,24.581,0
2024-03-22 05:00:00,24.587,24.635,24.568,24.615,0
2024-03-22 06:00:00,24.62,24.621,24.521,24.577,0
2024-03-22 07:00:00,24.572,24.735,24.552,24.685,0
2024-03-22 08:00:00,24.685,24.932,24.615,24.908,0
2024-03-22 09:00:00,24.907,24.939,24.694,24.776,0
2024-03-22 10:00:00,24.776,24.776,24.688,24.713,0
2024-03-22 11:00:00,24.715,24.738,24.648,24.658,0
2024-03-22 12:00:00,24.67,24.723,24.613,24.638,0
2024-03-22 13:00:00,24.635,24.706,24.622,24.674,0
2024-03-22 14:00:00,24.674,24.682,24.632,24.662,0
2024-03-22 15:00:00,24.661,24.68,24.648,24.658,0
2024-03-24 17:00:00,24.667,24.7,24.616,24.655,0
2024-03-24 18:00:00,24.655,24.706,24.641,24.691,0
2024-03-24 19:00:00,24.692,24.722,24.604,24.622,0
2024-03-24 20:00:00,24.625,24.884,24.584,24.824,0
2024-03-24 21:00:00,24.829,24.873,24.767,24.77,0
2024-03-24 22:00:00,24.772,24.778,24.64,24.667,0
2024-03-24 23:00:00,24.665,24.695,24.649,24.679,0
2024-03-25 00:00:00,24.677,24.717,24.618,24.677,0
2024-03-25 01:00:00,24.684,24.693,24.536,24.613,0
2024-03-25 02:00:00,24.602,24.717,24.562,24.675,0
2024-03-25 03:00:00,24.669,24.743,24.638,24.683,0
2024-03-25 04:00:00,24.685,24.706,24.64,24.694,0
2024-03-25 05:00:00,24.685,24.731,24.667,24.69,0
2024-03-25 06:00:00,24.689,24.739,24.639,24.663,0
2024-03-25 07:00:00,24.666,24.759,24.636,24.73,0
2024-03-25 08:00:00,24.729,24.843,24.68,24.763,0
2024-03-25 09:00:00,24.771,24.849,24.727,24.761,0
2024-03-25 10:00:00,24.761,24.766,24.683,24.707,0
2024-03-25 11:00:00,24.702,24.767,24.684,24.765,0
2024-03-25 12:00:00,24.766,24.77,24.68,24.693,0
2024-03-25 13:00:00,24.689,24.694,24.647,24.675,0
2024-03-25 14:00:00,24.676,24.686,24.638,24.672,0
2024-03-25 15:00:00,24.671,24.678,24.643,24.664,0
2024-03-25 17:00:00,24.641,24.662,24.607,24.647,0
2024-03-25 18:00:00,24.65,24.667,24.628,24.656,0
2024-03-25 19:00:00,24.658,24.712,24.643,24.681,0
2024-03-25 20:00:00,24.685,24.69,24.595,24.631,0
2024-03-25 21:00:00,24.637,24.679,24.606,24.618,0
2024-03-25 22:00:00,24.613,24.647,24.578,24.618,0
2024-03-25 23:00:00,24.62,24.655,24.603,24.645,0
2024-03-26 00:00:00,24.631,24.655,24.556,24.59,0
2024-03-26 01:00:00,24.58,24.643,24.53,24.556,0
2024-03-26 02:00:00,24.559,24.593,24.514,24.551,0
2024-03-26 03:00:00,24.557,24.645,24.487,24.63,0
2024-03-26 04:00:00,24.629,24.819,24.616,24.698,0
2024-03-26 05:00:00,24.71,24.752,24.671,24.742,0
2024-03-26 06:00:00,24.743,24.838,24.704,24.838,0
2024-03-26 07:00:00,24.839,24.884,24.69,24.721,0
2024-03-26 08:00:00,24.721,24.792,24.535,24.574,0
2024-03-26 09:00:00,24.571,24.63,24.465,24.56,0
2024-03-26 10:00:00,24.559,24.587,24.349,24.433,0
2024-03-26 11:00:00,24.436,24.511,24.406,24.486,0
2024-03-26 12:00:00,24.485,24.525,24.44,24.45,0
2024-03-26 13:00:00,24.449,24.484,24.411,24.422,0
2024-03-26 14:00:00,24.423,24.444,24.394,24.413,0
2024-03-26 15:00:00,24.415,24.451,24.389,24.448,0
2024-03-26 17:00:00,24.433,24.441,24.387,24.394,0
2024-03-26 18:00:00,24.399,24.439,24.389,24.439,0
2024-03-26 19:00:00,24.438,24.47,24.396,24.418,0
2024-03-26 20:00:00,24.419,24.478,24.307,24.367,0
2024-03-26 21:00:00,24.361,24.445,24.347,24.405,0
2024-03-26 22:00:00,24.407,24.466,24.395,24.442,0
2024-03-26 23:00:00,24.441,24.47,24.41,24.449,0
2024-03-27 00:00:00,24.449,24.465,24.397,24.429,0
2024-03-27 01:00:00,24.428,24.515,24.421,24.483,0
2024-03-27 02:00:00,24.476,24.513,24.401,24.47,0
2024-03-27 03:00:00,24.469,24.474,24.391,24.394,0
2024-03-27 04:00:00,24.397,24.512,24.386,24.477,0
2024-03-27 05:00:00,24.482,24.604,24.464,24.576,0
2024-03-27 06:00:00,24.576,24.622,24.483,24.493,0
2024-03-27 07:00:00,24.494,24.535,24.432,24.444,0
2024-03-27 08:00:00,24.449,24.652,24.41,24.601,0
2024-03-27 09:00:00,24.594,24.615,24.523,24.586,0
2024-03-27 10:00:00,24.584,24.61,24.453,24.517,0
2024-03-27 11:00:00,24.521,24.587,24.485,24.576,0
2024-03-27 12:00:00,24.575,24.634,24.543,24.568,0
2024-03-27 13:00:00,24.57,24.613,24.539,24.61,0
2024-03-27 14:00:00,24.616,24.618,24.56,24.608,0
2024-03-27 15:00:00,24.608,24.641,24.586,24.637,0
2024-03-27 17:00:00,24.597,24.62,24.331,24.571,0
2024-03-27 18:00:00,24.569,24.583,24.543,24.547,0
2024-03-27 19:00:00,24.549,24.576,24.499,24.546,0
2024-03-27 20:00:00,24.549,24.585,24.506,24.562,0
2024-03-27 21:00:00,24.562,24.674,24.53,24.657,0
2024-03-27 22:00:00,24.665,24.708,24.639,24.679,0
2024-03-27 23:00:00,24.682,24.717,24.652,24.678,0
2024-03-28 00:00:00,24.673,24.7,24.607,24.617,0
2024-03-28 01:00:00,24.611,24.632,24.568,24.621,0
2024-03-28 02:00:00,24.625,24.626,24.47,24.478,0
2024-03-28 03:00:00,24.477,24.478,24.395,24.401,0
2024-03-28 04:00:00,24.405,24.448,24.374,24.445,0
2024-03-28 05:00:00,24.443,24.716,24.429,24.664,0
2024-03-28 06:00:00,24.669,24.671,24.479,24.543,0
2024-03-28 07:00:00,24.547,24.744,24.509,24.74,0
2024-03-28 08:00:00,24.74,24.828,24.493,24.569,0
2024-03-28 09:00:00,24.566,24.861,24.516,24.84,0
2024-03-28 10:00:00,24.85,24.922,24.763,24.776,0
2024-03-28 11:00:00,24.768,24.914,24.718,24.83,0
2024-03-28 12:00:00,24.834,24.879,24.768,24.864,0
2024-03-28 13:00:00,24.867,24.89,24.789,24.826,0
2024-03-28 14:00:00,24.835,24.878,24.82,24.857,0
2024-03-28 15:00:00,24.869,25.001,24.837,24.951,0
2024-03-31 18:00:00,24.985,25.085,24.972,25.013,0
2024-03-31 20:00:00,25.162,25.233,25.099,25.145,0
2024-03-31 21:00:00,25.147,25.284,25.088,25.097,0
2024-03-31 22:00:00,25.097,25.146,25.046,25.129,0
2024-03-31 23:00:00,25.133,25.264,25.097,25.243,0
2024-04-01 00:00:00,25.254,25.273,25.115,25.172,0
2024-04-01 01:00:00,25.174,25.257,25.136,25.227,0
2024-04-01 02:00:00,25.226,25.24,25.166,25.203,0
2024-04-01 03:00:00,25.21,25.26,25.151,25.169,0
2024-04-01 04:00:00,25.169,25.182,25.102,25.112,0
2024-04-01 05:00:00,25.112,25.128,25.065,25.081,0
2024-04-01 06:00:00,25.079,25.098,25.01,25.057,0
2024-04-01 07:00:00,25.062,25.098,24.979,24.998,0
2024-04-01 08:00:00,24.996,25.145,24.881,25.14,0
2024-04-01 09:00:00,25.139,25.377,24.973,25.046,0
2024-04-01 10:00:00,25.048,25.048,24.732,24.911,0
2024-04-01 11:00:00,24.916,25.057,24.859,25.012,0
2024-04-01 12:00:00,25.008,25.066,24.941,24.954,0
2024-04-01 13:00:00,24.958,25.003,24.921,24.979,0
2024-04-01 14:00:00,24.98,24.995,24.927,24.933,0
2024-04-01 15:00:00,24.937,25.0,24.933,24.998,0
2024-04-01 16:00:00,24.992,25.092,24.973,25.032,0
2024-04-01 18:00:00,25.077,25.192,25.065,25.151,0
2024-04-01 19:00:00,25.148,25.148,25.066,25.08,0
2024-04-01 20:00:00,25.081,25.2,25.067,25.165,0
2024-04-01 21:00:00,25.166,25.204,25.129,25.167,0
2024-04-01 22:00:00,25.164,25.316,25.156,25.295,0
2024-04-01 23:00:00,25.309,25.312,25.233,25.25,0
2024-04-02 00:00:00,25.246,25.337,25.235,25.324,0
2024-04-02 01:00:00,25.323,25.367,25.291,25.3,0
2024-04-02 02:00:00,25.304,25.453,25.289,25.444,0
2024-04-02 03:00:00,25.443,25.545,25.381,25.536,0
2024-04-02 04:00:00,25.526,25.662,25.518,25.583,0
2024-04-02 05:00:00,25.583,25.724,25.546,25.582,0
2024-04-02 06:00:00,25.577,25.662,25.529,25.645,0
2024-04-02 07:00:00,25.646,25.654,25.352,25.552,0
2024-04-02 08:00:00,25.555,25.662,25.455,25.647,0
2024-04-02 09:00:00,25.648,25.656,25.413,25.459,0
2024-04-02 10:00:00,25.461,25.896,25.397,25.698,0
2024-04-02 11:00:00,25.699,25.82,25.634,25.803,0
2024-04-02 12:00:00,25.803,25.839,25.716,25.752,0
2024-04-02 13:00:00,25.751,25.89,25.742,25.873,0
2024-04-02 14:00:00,25.88,25.972,25.867,25.953,0
2024-04-02 15:00:00,25.95,26.11,25.937,26.061,0
2024-04-02 16:00:00,26.062,26.162,26.026,26.105,0
2024-04-02 18:00:00,26.133,26.226,26.133,26.157,0
2024-04-02 19:00:00,26.159,26.182,26.102,26.144,0
2024-04-02 20:00:00,26.143,26.209,26.115,26.189,0
2024-04-02 21:00:00,26.192,26.335,26.096,26.218,0
2024-04-02 22:00:00,26.226,26.299,26.193,26.295,0
2024-04-02 23:00:00,26.3,26.551,26.29,26.379,0
2024-04-03 00:00:00,26.381,26.476,26.331,26.352,0
2024-04-03 01:00:00,26.351,26.423,26.245,26.403,0
2024-04-03 02:00:00,26.409,26.426,26.284,26.406,0
2024-04-03 03:00:00,26.406,26.407,26.188,26.241,0
2024-04-03 04:00:00,26.229,26.328,26.157,26.258,0
2024-04-03 05:00:00,26.258,26.329,26.242,26.246,0
2024-04-03 06:00:00,26.246,26.323,26.201,26.31,0
2024-04-03 07:00:00,26.304,26.368,26.184,26.353,0
2024-04-03 08:00:00,26.354,26.482,26.174,26.481,0
2024-04-03 09:00:00,26.474,26.651,26.425,26.606,0
2024-04-03 10:00:00,26.612,26.861,26.583,26.825,0
2024-04-03 11:00:00,26.825,26.829,26.54,26.688,0
2024-04-03 12:00:00,26.688,26.935,26.582,26.926,0
2024-04-03 13:00:00,26.923,26.989,26.808,26.978,0
2024-04-03 14:00:00,26.974,27.057,26.944,27.011,0
2024-04-03 15:00:00,27.011,27.063,26.99,27.036,0
2024-04-03 16:00:00,27.036,27.186,27.031,27.181,0
2024-04-03 18:00:00,27.15,27.284,27.074,27.194,0
2024-04-03 19:00:00,27.198,27.198,27.063,27.089,0
2024-04-03 20:00:00,27.094,27.279,27.075,27.276,0
2024-04-03 21:00:00,27.277,27.327,27.161,27.193,0
2024-04-03 22:00:00,27.203,27.212,27.114,27.137,0
2024-04-03 23:00:00,27.135,27.168,27.072,27.092,0
2024-04-04 00:00:00,27.092,27.115,27.038,27.068,0
2024-04-04 01:00:00,27.073,27.104,26.978,26.989,0
2024-04-04 02:00:00,26.984,27.044,26.963,26.975,0
2024-04-04 03:00:00,26.977,27.13,26.961,27.049,0
2024-04-04 04:00:00,27.049,27.11,27.02,27.053,0
2024-04-04 05:00:00,27.055,27.098,27.017,27.028,0
2024-04-04 06:00:00,27.031,27.075,26.967,27.01,0
2024-04-04 07:00:00,27.011,27.044,26.929,26.95,0
2024-04-04 08:00:00,26.953,27.017,26.847,26.933,0
2024-04-04 09:00:00,26.94,26.941,26.749,26.81,0
2024-04-04 10:00:00,26.805,27.135,26.793,27.1,0
2024-04-04 11:00:00,27.104,27.154,27.057,27.115,0
2024-04-04 12:00:00,27.102,27.141,27.016,27.072,0
2024-04-04 13:00:00,27.07,27.216,27.042,27.198,0
2024-04-04 14:00:00,27.208,27.274,27.144,27.248,0
2024-04-04 15:00:00,27.249,27.261,26.666,26.784,0
2024-04-04 16:00:00,26.785,26.922,26.767,26.9,0
2024-04-04 18:00:00,26.898,26.975,26.801,26.838,0
2024-04-04 19:00:00,26.836,26.868,26.8,26.811,0
2024-04-04 20:00:00,26.815,26.823,26.6,26.645,0
2024-04-04 21:00:00,26.648,26.664,26.271,26.405,0
2024-04-04 22:00:00,26.402,26.507,26.383,26.429,0
2024-04-04 23:00:00,26.429,26.513,26.395,26.493,0
2024-04-05 00:00:00,26.493,26.594,26.486,26.555,0
2024-04-05 01:00:00,26.554,26.774,26.53,26.701,0
2024-04-05 02:00:00,26.704,26.765,26.65,26.694,0
2024-04-05 03:00:00,26.697,26.779,26.687,26.756,0
2024-04-05 04:00:00,26.761,26.807,26.69,26.75,0
2024-04-05 05:00:00,26.756,26.876,26.737,26.79,0
2024-04-05 06:00:00,26.794,26.841,26.725,26.77,0
2024-04-05 07:00:00,26.766,26.777,26.666,26.685,0
2024-04-05 08:00:00,26.685,26.74,26.34,26.688,0
2024-04-05 09:00:00,26.694,27.0,26.537,26.962,0
2024-04-05 10:00:00,26.966,27.336,26.795,27.186,0
2024-04-05 11:00:00,27.189,27.475,27.12,27.363,0
2024-04-05 12:00:00,27.369,27.42,27.238,27.384,0
2024-04-05 13:00:00,27.391,27.487,27.356,27.427,0
2024-04-05 14:00:00,27.427,27.463,27.36,27.382,0
2024-04-05 15:00:00,27.382,27.393,27.294,27.373,0
2024-04-05 16:00:00,27.373,27.491,27.345,27.473,0
2024-04-07 18:00:00,27.388,27.543,27.084,27.115,0
2024-04-07 19:00:00,27.117,27.194,27.079,27.162,0
2024-04-07 20:00:00,27.165,27.172,27.013,27.015,0
2024-04-07 21:00:00,27.012,27.631,26.843,27.587,0
2024-04-07 22:00:00,27.588,28.077,27.551,28.042,0
2024-04-07 23:00:00,28.047,28.053,27.752,27.876,0
2024-04-08 00:00:00,27.876,27.876,27.747,27.779,0
2024-04-08 01:00:00,27.776,27.844,27.62,27.649,0
2024-04-08 02:00:00,27.652,27.814,27.625,27.766,0
2024-04-08 03:00:00,27.768,27.822,27.69,27.79,0
2024-04-08 04:00:00,27.794,27.924,27.75,27.795,0
2024-04-08 05:00:00,27.795,27.859,27.758,27.813,0
2024-04-08 06:00:00,27.8,27.867,27.749,27.825,0
2024-04-08 07:00:00,27.816,27.844,27.598,27.605,0
2024-04-08 08:00:00,27.606,27.663,27.506,27.654,0
2024-04-08 09:00:00,27.66,27.87,27.398,27.447,0
2024-04-08 10:00:00,27.454,27.641,27.22,27.639,0
2024-04-08 11:00:00,27.639,27.789,27.608,27.703,0
2024-04-08 12:00:00,27.704,27.761,27.659,27.678,0
2024-04-08 13:00:00,27.664,27.809,27.656,27.799,0
2024-04-08 14:00:00,27.794,27.861,27.769,27.83,0
2024-04-08 15:00:00,27.836,27.843,27.769,27.778,0
2024-04-08 16:00:00,27.782,27.85,27.773,27.789,0
2024-04-08 18:00:00,27.809,27.893,27.791,27.891,0
2024-04-08 19:00:00,27.898,27.926,27.842,27.868,0
2024-04-08 20:00:00,27.855,27.902,27.798,27.87,0
2024-04-08 21:00:00,27.867,28.131,27.751,27.779,0
2024-04-08 22:00:00,27.788,27.879,27.729,27.865,0
2024-04-08 23:00:00,27.86,27.882,27.777,27.782,0
2024-04-09 00:00:00,27.786,27.814,27.737,27.771,0
2024-04-09 01:00:00,27.772,27.99,27.763,27.924,0
2024-04-09 02:00:00,27.925,27.957,27.775,27.831,0
2024-04-09 03:00:00,27.836,28.052,27.831,28.014,0
2024-04-09 04:00:00,28.022,28.073,27.932,28.038,0
2024-04-09 05:00:00,28.04,28.158,28.024,28.146,0
2024-04-09 06:00:00,28.148,28.174,27.932,27.949,0
2024-04-09 07:00:00,27.957,28.07,27.929,28.052,0
2024-04-09 08:00:00,28.06,28.111,27.915,28.075,0
2024-04-09 09:00:00,28.079,28.315,28.004,28.167,0
2024-04-09 10:00:00,28.167,28.302,27.774,27.99,0
2024-04-09 11:00:00,27.998,28.021,27.602,27.68,0
2024-04-09 12:00:00,27.682,27.928,27.669,27.872,0
2024-04-09 13:00:00,27.865,28.016,27.829,27.979,0
2024-04-09 14:00:00,27.974,28.083,27.931,28.064,0
2024-04-09 15:00:00,28.07,28.116,27.967,28.115,0
2024-04-09 16:00:00,28.113,28.166,28.104,28.146,0
2024-04-09 18:00:00,28.139,28.197,28.127,28.152,0
2024-04-09 19:00:00,28.151,28.17,28.117,28.162,0
2024-04-09 20:00:00,28.159,28.17,28.054,28.105,0
2024-04-09 21:00:00,28.107,28.114,27.919,28.087,0
2024-04-09 22:00:00,28.088,28.16,28.032,28.122,0
2024-04-09 23:00:00,28.111,28.158,28.091,28.091,0
2024-04-10 00:00:00,28.102,28.216,28.085,28.205,0
2024-04-10 01:00:00,28.205,28.284,28.072,28.117,0
2024-04-10 02:00:00,28.123,28.215,28.065,28.168,0
2024-04-10 03:00:00,28.171,28.219,28.062,28.092,0
2024-04-10 04:00:00,28.091,28.107,28.011,28.071,0
2024-04-10 05:00:00,28.07,28.085,27.959,28.045,0
2024-04-10 06:00:00,28.04,28.13,28.019,28.085,0
2024-04-10 07:00:00,28.086,28.109,28.032,28.063,0
2024-04-10 08:00:00,28.067,28.144,27.686,27.997,0
2024-04-10 09:00:00,27.987,28.024,27.514,27.871,0
2024-04-10 10:00:00,27.872,28.512,27.812,28.374,0
2024-04-10 11:00:00,28.374,28.389,27.906,27.984,0
2024-04-10 12:00:00,27.983,28.085,27.91,28.038,0
2024-04-10 13:00:00,28.038,28.117,27.809,28.057,0
2024-04-10 14:00:00,28.058,28.111,27.84,27.857,0
2024-04-10 15:00:00,27.859,27.927,27.782,27.817,0
2024-04-10 16:00:00,27.816,27.943,27.744,27.744,0
2024-04-10 18:00:00,27.92,27.932,27.714,27.898,0
2024-04-10 19:00:00,27.9,27.946,27.844,27.888,0
2024-04-10 20:00:00,27.894,27.894,27.771,27.798,0
2024-04-10 21:00:00,27.797,27.987,27.737,27.956,0
2024-04-10 22:00:00,27.956,28.036,27.916,27.994,0
2024-04-10 23:00:00,28.0,28.034,27.956,27.979,0
2024-04-11 00:00:00,27.98,28.021,27.909,27.946,0
2024-04-11 01:00:00,27.956,28.06,27.883,27.956,0
2024-04-11 02:00:00,27.956,27.963,27.782,27.852,0
2024-04-11 03:00:00,27.866,27.991,27.846,27.935,0
2024-04-11 04:00:00,27.936,27.962,27.806,27.829,0
2024-04-11 05:00:00,27.825,27.954,27.806,27.884,0
2024-04-11 06:00:00,27.887,28.022,27.882,28.007,0
2024-04-11 07:00:00,28.009,28.021,27.907,27.947,0
2024-04-11 08:00:00,27.947,28.151,27.933,28.022,0
2024-04-11 09:00:00,28.017,28.175,27.919,28.123,0
2024-04-11 10:00:00,28.125,28.171,27.751,27.817,0
2024-04-11 11:00:00,27.824,27.973,27.784,27.971,0
2024-04-11 12:00:00,27.971,28.055,27.927,28.04,0
2024-04-11 13:00:00,28.039,28.183,28.006,28.151,0
2024-04-11 14:00:00,28.146,28.329,28.138,28.311,0
2024-04-11 15:00:00,28.308,28.462,28.299,28.431,0
2024-04-11 16:00:00,28.432,28.49,28.397,28.423,0
2024-04-11 18:00:00,28.416,28.511,28.388,28.443,0
2024-04-11 19:00:00,28.447,28.515,28.42,28.462,0
2024-04-11 20:00:00,28.464,28.475,28.368,28.391,0
2024-04-11 21:00:00,28.389,28.833,28.383,28.79,0
2024-04-11 22:00:00,28.789,28.931,28.671,28.88,0
2024-04-11 23:00:00,28.879,28.886,28.711,28.763,0
2024-04-12 00:00:00,28.764,28.828,28.727,28.756,0
2024-04-12 01:00:00,28.758,28.931,28.719,28.882,0
2024-04-12 02:00:00,28.88,29.098,28.799,29.094,0
2024-04-12 03:00:00,29.088,29.218,28.974,29.118,0
2024-04-12 04:00:00,29.122,29.201,29.062,29.124,0
2024-04-12 05:00:00,29.124,29.202,29.072,29.152,0
2024-04-12 06:00:00,29.158,29.204,29.045,29.069,0
2024-04-12 07:00:00,29.065,29.075,28.897,29.022,0
2024-04-12 08:00:00,29.023,29.192,28.958,29.183,0
2024-04-12 09:00:00,29.186,29.564,29.15,29.499,0
2024-04-12 10:00:00,29.509,29.65,29.323,29.614,0
2024-04-12 11:00:00,29.617,29.787,28.63,28.972,0
2024-04-12 12:00:00,28.973,28.973,28.113,28.325,0
2024-04-12 13:00:00,28.327,28.415,28.019,28.274,0
2024-04-12 14:00:00,28.275,28.304,27.934,27.982,0
2024-04-12 15:00:00,27.984,28.092,27.91,28.026,0
2024-04-12 16:00:00,28.024,28.037,27.839,27.845,0
2024-04-14 18:00:00,28.102,28.343,27.573,28.025,0
2024-04-14 19:00:00,28.024,28.246,27.949,28.228,0
2024-04-14 20:00:00,28.235,28.259,27.975,28.056,0
2024-04-14 21:00:00,28.057,28.276,27.984,28.24,0
2024-04-14 22:00:00,28.238,28.354,28.176,28.253,0
2024-04-14 23:00:00,28.261,28.261,28.136,28.219,0
2024-04-15 00:00:00,28.217,28.237,28.16,28.215,0
2024-04-15 01:00:00,28.212,28.553,28.16,28.49,0
2024-04-15 02:00:00,28.491,28.562,28.345,28.464,0
2024-04-15 03:00:00,28.456,28.516,28.338,28.377,0
2024-04-15 04:00:00,28.373,28.415,28.183,28.312,0
2024-04-15 05:00:00,28.317,28.342,28.22,28.304,0
2024-04-15 06:00:00,28.297,28.448,28.294,28.435,0
2024-04-15 07:00:00,28.433,28.545,28.405,28.517,0
2024-04-15 08:00:00,28.517,28.743,28.409,28.727,0
2024-04-15 09:00:00,28.73,28.793,28.417,28.553,0
2024-04-15 10:00:00,28.556,28.569,28.086,28.467,0
2024-04-15 11:00:00,28.458,28.637,28.356,28.614,0
2024-04-15 12:00:00,28.613,28.694,28.464,28.664,0
2024-04-15 13:00:00,28.658,28.761,28.557,28.716,0
2024-04-15 14:00:00,28.708,28.807,28.667,28.767,0
2024-04-15 15:00:00,28.763,28.88,28.733,28.861,0
2024-04-15 16:00:00,28.862,28.876,28.794,28.856,0
2024-04-15 18:00:00,28.841,28.974,28.819,28.909,0
2024-04-15 19:00:00,28.912,28.974,28.854,28.874,0
2024-04-15 20:00:00,28.88,29.008,28.836,28.91,0
2024-04-15 21:00:00,28.91,28.95,28.669,28.781,0
2024-04-15 22:00:00,28.789,28.81,28.614,28.755,0
2024-04-15 23:00:00,28.757,28.897,28.721,28.823,0
2024-04-16 00:00:00,28.828,28.828,28.681,28.772,0
2024-04-16 01:00:00,28.769,28.86,28.691,28.742,0
2024-04-16 02:00:00,28.74,28.791,28.297,28.376,0
2024-04-16 03:00:00,28.381,28.471,28.234,28.269,0
2024-04-16 04:00:00,28.272,28.391,28.249,28.296,0
2024-04-16 05:00:00,28.299,28.4,28.294,28.385,0
2024-04-16 06:00:00,28.385,28.429,28.228,28.24,0
2024-04-16 07:00:00,28.243,28.382,28.228,28.378,0
2024-04-16 08:00:00,28.379,28.379,28.151,28.362,0
2024-04-16 09:00:00,28.366,28.522,27.974,28.025,0
2024-04-16 10:00:00,28.03,28.247,27.937,28.232,0
2024-04-16 11:00:00,28.233,28.39,28.075,28.222,0
2024-04-16 12:00:00,28.222,28.419,28.201,28.385,0
2024-04-16 13:00:00,28.391,28.393,28.114,28.209,0
2024-04-16 14:00:00,28.208,28.366,28.173,28.308,0
2024-04-16 15:00:00,28.309,28.323,28.183,28.2,0
2024-04-16 16:00:00,28.205,28.208,28.046,28.089,0
2024-04-16 18:00:00,28.054,28.149,28.054,28.149,0
2024-04-16 19:00:00,28.148,28.198,28.13,28.168,0
2024-04-16 20:00:00,28.173,28.196,28.111,28.187,0
2024-04-16 21:00:00,28.188,28.207,28.054,28.185,0
2024-04-16 22:00:00,28.192,28.255,28.152,28.197,0
2024-04-16 23:00:00,28.19,28.212,28.121,28.133,0
2024-04-17 00:00:00,28.135,28.206,28.106,28.199,0
2024-04-17 01:00:00,28.203,28.339,28.165,28.28,0
2024-04-17 02:00:00,28.281,28.422,28.124,28.398,0
2024-04-17 03:00:00,28.389,28.409,28.237,28.388,0
2024-04-17 04:00:00,28.393,28.547,28.373,28.533,0
2024-04-17 05:00:00,28.532,28.576,28.418,28.535,0
2024-04-17 06:00:00,28.531,28.539,28.398,28.493,0
2024-04-17 07:00:00,28.495,28.502,28.431,28.474,0
2024-04-17 08:00:00,28.479,28.51,28.348,28.46,0
2024-04-17 09:00:00,28.466,28.773,28.427,28.765,0
2024-04-17 10:00:00,28.764,28.797,28.596,28.65,0
2024-04-17 11:00:00,28.656,28.733,28.436,28.45,0
2024-04-17 12:00:00,28.45,28.505,28.108,28.33,0
2024-04-17 13:00:00,28.325,28.424,28.248,28.389,0
2024-04-17 14:00:00,28.388,28.464,28.329,28.353,0
2024-04-17 15:00:00,28.35,28.359,28.21,28.266,0
2024-04-17 16:00:00,28.269,28.278,28.035,28.191,0
2024-04-17 18:00:00,28.177,28.237,28.16,28.167,0
2024-04-17 19:00:00,28.173,28.252,28.144,28.214,0
2024-04-17 20:00:00,28.22,28.306,28.187,28.29,0
2024-04-17 21:00:00,28.294,28.33,28.121,28.24,0
2024-04-17 22:00:00,28.24,28.393,28.224,28.355,0
2024-04-17 23:00:00,28.358,28.405,28.323,28.393,0
2024-04-18 00:00:00,28.392,28.445,28.349,28.406,0
2024-04-18 01:00:00,28.407,28.475,28.385,28.448,0
2024-04-18 02:00:00,28.451,28.608,28.439,28.55,0
2024-04-18 03:00:00,28.55,28.551,28.351,28.428,0
2024-04-18 04:00:00,28.427,28.503,28.393,28.465,0
2024-04-18 05:00:00,28.47,28.475,28.389,28.433,0
2024-04-18 06:00:00,28.437,28.514,28.394,28.47,0
2024-04-18 07:00:00,28.477,28.485,28.377,28.416,0
2024-04-18 08:00:00,28.415,28.619,28.389,28.589,0
2024-04-18 09:00:00,28.588,28.649,28.282,28.433,0
2024-04-18 10:00:00,28.43,28.476,28.14,28.334,0
2024-04-18 11:00:00,28.332,28.45,28.278,28.336,0
2024-04-18 12:00:00,28.341,28.444,28.298,28.391,0
2024-04-18 13:00:00,28.388,28.411,28.247,28.307,0
2024-04-18 14:00:00,28.3,28.309,28.221,28.257,0
2024-04-18 15:00:00,28.259,28.33,28.229,28.272,0
2024-04-18 16:00:00,28.276,28.278,28.202,28.23,0
2024-04-18 18:00:00,28.188,28.229,28.184,28.205,0
2024-04-18 19:00:00,28.207,28.245,28.202,28.222,0
2024-04-18 20:00:00,28.227,28.228,28.091,28.219,0
2024-04-18 21:00:00,28.221,28.934,28.201,28.719,0
2024-04-18 22:00:00,28.729,28.814,28.472,28.55,0
2024-04-18 23:00:00,28.554,28.587,28.069,28.351,0
2024-04-19 00:00:00,28.351,28.363,28.15,28.239,0
2024-04-19 01:00:00,28.241,28.306,28.172,28.252,0
2024-04-19 02:00:00,28.255,28.481,28.222,28.456,0
2024-04-19 03:00:00,28.455,28.508,28.374,28.388,0
2024-04-19 04:00:00,28.391,28.391,28.201,28.343,0
2024-04-19 05:00:00,28.348,28.372,28.263,28.305,0
2024-04-19 06:00:00,28.306,28.316,28.224,28.259,0
2024-04-19 07:00:00,28.262,28.286,28.124,28.179,0
2024-04-19 08:00:00,28.182,28.373,28.054,28.291,0
2024-04-19 09:00:00,28.293,28.48,28.197,28.326,0
2024-04-19 10:00:00,28.327,28.556,28.325,28.492,0
2024-04-19 11:00:00,28.496,28.638,28.484,28.617,0
2024-04-19 12:00:00,28.619,28.689,28.506,28.688,0
2024-04-19 13:00:00,28.676,28.776,28.641,28.673,0
2024-04-19 14:00:00,28.679,28.774,28.653,28.771,0
2024-04-19 15:00:00,28.773,28.779,28.637,28.658,0
2024-04-19 16:00:00,28.649,28.679,28.603,28.667,0
2024-04-21 18:00:00,28.689,28.705,28.49,28.551,0
2024-04-21 19:00:00,28.559,28.6,28.542,28.557,0
2024-04-21 20:00:00,28.561,28.568,28.446,28.453,0
2024-04-21 21:00:00,28.451,28.455,28.271,28.345,0
2024-04-21 22:00:00,28.352,28.375,28.273,28.301,0
2024-04-21 23:00:00,28.308,28.308,27.779,28.0,0
2024-04-22 00:00:00,28.001,28.061,27.95,27.951,0
2024-04-22 01:00:00,27.967,27.997,27.766,27.875,0
2024-04-22 02:00:00,27.873,27.927,27.635,27.719,0
2024-04-22 03:00:00,27.709,27.812,27.647,27.802,0
2024-04-22 04:00:00,27.805,27.873,27.735,27.82,0
2024-04-22 05:00:00,27.818,27.868,27.762,27.824,0
2024-04-22 06:00:00,27.818,27.853,27.697,27.723,0
2024-04-22 07:00:00,27.721,27.728,27.426,27.474,0
2024-04-22 08:00:00,27.475,27.545,27.288,27.338,0
2024-04-22 09:00:00,27.339,27.478,27.101,27.444,0
2024-04-22 10:00:00,27.445,27.54,27.337,27.455,0
2024-04-22 11:00:00,27.454,27.458,27.164,27.192,0
2024-04-22 12:00:00,27.202,27.235,27.094,27.153,0
2024-04-22 13:00:00,27.154,27.23,27.145,27.182,0
2024-04-22 14:00:00,27.182,27.239,27.147,27.215,0
2024-04-22 15:00:00,27.211,27.27,27.2,27.244,0
2024-04-22 16:00:00,27.242,27.248,27.151,27.151,0
2024-04-22 18:00:00,27.148,27.262,27.148,27.225,0
2024-04-22 19:00:00,27.227,27.315,27.208,27.301,0
2024-04-22 20:00:00,27.301,27.309,27.223,27.268,0
2024-04-22 21:00:00,27.264,27.356,26.755,26.895,0
2024-04-22 22:00:00,26.896,27.065,26.823,26.853,0
2024-04-22 23:00:00,26.853,26.964,26.813,26.928,0
2024-04-23 00:00:00,26.926,27.004,26.899,26.96,0
2024-04-23 01:00:00,26.954,27.072,26.887,26.948,0
2024-04-23 02:00:00,26.948,27.0,26.68,26.83,0
2024-04-23 03:00:00,26.83,26.953,26.803,26.889,0
2024-04-23 04:00:00,26.893,26.955,26.796,26.841,0
2024-04-23 05:00:00,26.837,26.865,26.648,26.675,0
2024-04-23 06:00:00,26.673,26.937,26.662,26.912,0
2024-04-23 07:00:00,26.913,26.974,26.813,26.944,0
2024-04-23 08:00:00,26.946,27.07,26.91,27.04,0
2024-04-23 09:00:00,27.043,27.346,26.928,27.281,0
2024-04-23 10:00:00,27.289,27.371,27.034,27.168,0
2024-04-23 11:00:00,27.168,27.275,27.068,27.238,0
2024-04-23 12:00:00,27.246,27.355,27.196,27.338,0
2024-04-23 13:00:00,27.336,27.343,27.265,27.31,0
2024-04-23 14:00:00,27.312,27.364,27.305,27.341,0
2024-04-23 15:00:00,27.338,27.35,27.282,27.307,0
2024-04-23 16:00:00,27.307,27.329,27.282,27.296,0
2024-04-23 18:00:00,27.295,27.295,27.237,27.254,0
2024-04-23 19:00:00,27.249,27.304,27.247,27.269,0
2024-04-23 20:00:00,27.268,27.277,27.221,27.253,0
2024-04-23 21:00:00,27.257,27.31,27.149,27.174,0
2024-04-23 22:00:00,27.176,27.316,27.139,27.271,0
2024-04-23 23:00:00,27.273,27.46,27.244,27.434,0
2024-04-24 00:00:00,27.437,27.48,27.381,27.399,0
2024-04-24 01:00:00,27.397,27.432,27.319,27.412,0
2024-04-24 02:00:00,27.411,27.452,27.244,27.345,0
2024-04-24 03:00:00,27.348,27.366,27.244,27.244,0
2024-04-24 04:00:00,27.253,27.298,27.176,27.222,0
2024-04-24 05:00:00,27.222,27.23,27.016,27.132,0
2024-04-24 06:00:00,27.131,27.174,27.092,27.131,0
2024-04-24 07:00:00,27.136,27.144,27.051,27.111,0
2024-04-24 08:00:00,27.115,27.347,27.03,27.327,0
2024-04-24 09:00:00,27.326,27.346,27.109,27.192,0
2024-04-24 10:00:00,27.197,27.287,27.095,27.267,0
2024-04-24 11:00:00,27.268,27.386,27.197,27.202,0
2024-04-24 12:00:00,27.202,27.269,27.191,27.235,0
2024-04-24 13:00:00,27.232,27.312,27.211,27.242,0
2024-04-24 14:00:00,27.243,27.247,27.156,27.22,0
2024-04-24 15:00:00,27.223,27.257,27.196,27.213,0
2024-04-24 16:00:00,27.217,27.226,27.121,27.138,0
2024-04-24 18:00:00,27.134,27.196,27.134,27.19,0
2024-04-24 19:00:00,27.187,27.2,27.14,27.185,0
2024-04-24 20:00:00,27.186,27.257,27.168,27.257,0
2024-04-24 21:00:00,27.255,27.266,27.151,27.197,0
2024-04-24 22:00:00,27.2,27.314,27.19,27.267,0
2024-04-24 23:00:00,27.258,27.288,26.965,27.084,0
2024-04-25 00:00:00,27.085,27.112,27.044,27.107,0
2024-04-25 01:00:00,27.11,27.223,27.087,27.198,0
2024-04-25 02:00:00,27.198,27.31,27.132,27.301,0
2024-04-25 03:00:00,27.302,27.431,27.248,27.404,0
2024-04-25 04:00:00,27.412,27.479,27.361,27.409,0
2024-04-25 05:00:00,27.408,27.438,27.33,27.352,0
2024-04-25 06:00:00,27.35,27.384,27.32,27.358,0
2024-04-25 07:00:00,27.356,27.463,27.339,27.396,0
2024-04-25 08:00:00,27.396,27.552,27.115,27.529,0
2024-04-25 09:00:00,27.528,27.545,27.106,27.172,0
2024-04-25 10:00:00,27.172,27.571,27.117,27.367,0
2024-04-25 11:00:00,27.369,27.407,27.244,27.295,0
2024-04-25 12:00:00,27.292,27.349,27.252,27.322,0
2024-04-25 13:00:00,27.323,27.346,27.29,27.34,0
2024-04-25 14:00:00,27.343,27.381,27.307,27.375,0
2024-04-25 15:00:00,27.368,27.446,27.363,27.404,0
2024-04-25 16:00:00,27.408,27.432,27.38,27.413,0
2024-04-25 18:00:00,27.398,27.434,27.349,27.408,0
2024-04-25 19:00:00,27.408,27.408,27.335,27.344,0
2024-04-25 20:00:00,27.348,27.398,27.311,27.385,0
2024-04-25 21:00:00,27.392,27.417,27.25,27.387,0
2024-04-25 22:00:00,27.387,27.473,27.341,27.395,0
2024-04-25 23:00:00,27.395,27.476,27.387,27.474,0
2024-04-26 00:00:00,27.476,27.581,27.457,27.581,0
2024-04-26 01:00:00,27.58,27.632,27.49,27.607,0
2024-04-26 02:00:00,27.607,27.682,27.572,27.657,0
2024-04-26 03:00:00,27.664,27.718,27.593,27.669,0
2024-04-26 04:00:00,27.671,27.723,27.612,27.635,0
2024-04-26 05:00:00,27.637,27.706,27.612,27.69,0
2024-04-26 06:00:00,27.695,27.724,27.531,27.611,0
2024-04-26 07:00:00,27.612,27.612,27.506,27.562,0
2024-04-26 08:00:00,27.563,27.672,27.447,27.541,0
2024-04-26 09:00:00,27.539,27.645,27.38,27.481,0
2024-04-26 10:00:00,27.484,27.558,27.155,27.209,0
2024-04-26 11:00:00,27.205,27.272,27.07,27.233,0
2024-04-26 12:00:00,27.237,27.319,27.172,27.196,0
2024-04-26 13:00:00,27.196,27.293,27.162,27.265,0
2024-04-26 14:00:00,27.263,27.345,27.248,27.3,0
2024-04-26 15:00:00,27.289,27.294,27.15,27.212,0
2024-04-26 16:00:00,27.213,27.22,27.134,27.196,0
2024-04-28 18:00:00,27.172,27.216,27.123,27.151,0
2024-04-28 19:00:00,27.151,27.225,27.138,27.198,0
2024-04-28 20:00:00,27.196,27.236,27.15,27.209,0
2024-04-28 21:00:00,27.195,27.243,26.926,27.243,0
2024-04-28 22:00:00,27.246,27.255,27.119,27.167,0
2024-04-28 23:00:00,27.167,27.247,27.14,27.238,0
2024-04-29 00:00:00,27.23,27.314,27.203,27.266,0
2024-04-29 01:00:00,27.261,27.317,27.193,27.236,0
2024-04-29 02:00:00,27.238,27.315,27.138,27.172,0
2024-04-29 03:00:00,27.172,27.316,27.152,27.312,0
2024-04-29 04:00:00,27.314,27.408,27.279,27.37,0
2024-04-29 05:00:00,27.368,27.421,27.324,27.382,0
2024-04-29 06:00:00,27.381,27.424,27.358,27.37,0
2024-04-29 07:00:00,27.365,27.41,27.269,27.302,0
2024-04-29 08:00:00,27.304,27.36,27.16,27.187,0
2024-04-29 09:00:00,27.19,27.293,26.985,27.16,0
2024-04-29 10:00:00,27.166,27.284,27.165,27.256,0
2024-04-29 11:00:00,27.256,27.278,27.089,27.263,0
2024-04-29 12:00:00,27.265,27.427,27.253,27.36,0
2024-04-29 13:00:00,27.358,27.375,27.267,27.281,0
2024-04-29 14:00:00,27.286,27.306,27.155,27.237,0
2024-04-29 15:00:00,27.235,27.235,27.102,27.157,0
2024-04-29 16:00:00,27.157,27.172,27.126,27.13,0
2024-04-29 18:00:00,27.131,27.132,27.025,27.086,0
2024-04-29 19:00:00,27.087,27.096,27.039,27.069,0
2024-04-29 20:00:00,27.077,27.084,27.021,27.075,0
2024-04-29 21:00:00,27.078,27.129,27.003,27.068,0
2024-04-29 22:00:00,27.064,27.071,26.843,26.957,0
2024-04-29 23:00:00,26.962,26.969,26.895,26.94,0
2024-04-30 00:00:00,26.942,26.942,26.837,26.863,0
2024-04-30 01:00:00,26.87,26.87,26.723,26.777,0
2024-04-30 02:00:00,26.777,26.844,26.647,26.807,0
2024-04-30 03:00:00,26.805,26.813,26.646,26.697,0
2024-04-30 04:00:00,26.684,26.71,26.528,26.585,0
2024-04-30 05:00:00,26.588,26.649,26.569,26.615,0
2024-04-30 06:00:00,26.622,26.711,26.61,26.644,0
2024-04-30 07:00:00,26.649,26.688,26.525,26.591,0
2024-04-30 08:00:00,26.594,26.594,26.374,26.406,0
2024-04-30 09:00:00,26.409,26.656,26.333,26.581,0
2024-04-30 10:00:00,26.576,26.652,26.266,26.29,0
2024-04-30 11:00:00,26.294,26.484,26.265,26.393,0
2024-04-30 12:00:00,26.388,26.453,26.359,26.365,0
2024-04-30 13:00:00,26.367,26.411,26.342,26.39,0
2024-04-30 14:00:00,26.391,26.435,26.316,26.339,0
2024-04-30 15:00:00,26.336,26.371,26.268,26.288,0
2024-04-30 16:00:00,26.293,26.315,26.23,26.285,0
2024-04-30 18:00:00,26.256,26.346,26.237,26.328,0
2024-04-30 19:00:00,26.329,26.375,26.323,26.337,0
2024-04-30 20:00:00,26.339,26.372,26.271,26.282,0
2024-04-30 21:00:00,26.279,26.396,26.274,26.372,0
2024-04-30 22:00:00,26.373,26.446,26.363,26.423,0
2024-04-30 23:00:00,26.413,26.45,26.365,26.38,0
2024-05-01 00:00:00,26.389,26.4,26.301,26.341,0
2024-05-01 01:00:00,26.347,26.482,26.336,26.45,0
2024-05-01 02:00:00,26.436,26.496,26.4,26.422,0
2024-05-01 03:00:00,26.425,26.456,26.336,26.414,0
2024-05-01 04:00:00,26.412,26.433,26.339,26.415,0
2024-05-01 05:00:00,26.416,26.493,26.367,26.48,0
2024-05-01 06:00:00,26.482,26.506,26.437,26.468,0
2024-05-01 07:00:00,26.469,26.502,26.404,26.476,0
2024-05-01 08:00:00,26.473,26.544,26.176,26.386,0
2024-05-01 09:00:00,26.389,26.506,26.332,26.497,0
2024-05-01 10:00:00,26.507,26.606,26.34,26.475,0
2024-05-01 11:00:00,26.476,26.579,26.389,26.525,0
2024-05-01 12:00:00,26.526,26.526,26.437,26.454,0
2024-05-01 13:00:00,26.456,26.51,26.418,26.443,0
2024-05-01 14:00:00,26.438,26.962,26.239,26.861,0
2024-05-01 15:00:00,26.856,26.918,26.528,26.528,0
2024-05-01 16:00:00,26.534,26.674,26.382,26.382,0
2024-05-01 18:00:00,26.613,26.717,26.582,26.702,0
2024-05-01 19:00:00,26.704,26.783,26.677,26.759,0
2024-05-01 20:00:00,26.761,26.794,26.73,26.759,0
2024-05-01 21:00:00,26.763,26.81,26.677,26.719,0
2024-05-01 22:00:00,26.717,26.765,26.586,26.636,0
2024-05-01 23:00:00,26.634,26.636,26.52,26.553,0
2024-05-02 00:00:00,26.562,26.599,26.534,26.556,0
2024-05-02 01:00:00,26.558,26.565,26.481,26.516,0
2024-05-02 02:00:00,26.517,26.634,26.455,26.538,0
2024-05-02 03:00:00,26.538,26.559,26.435,26.447,0
2024-05-02 04:00:00,26.449,26.5,26.375,26.405,0
2024-05-02 05:00:00,26.397,26.435,26.35,26.364,0
2024-05-02 06:00:00,26.364,26.364,26.132,26.216,0
2024-05-02 07:00:00,26.223,26.344,26.193,26.288,0
2024-05-02 08:00:00,26.288,26.326,26.054,26.077,0
2024-05-02 09:00:00,26.08,26.347,26.003,26.306,0
2024-05-02 10:00:00,26.311,26.757,26.29,26.702,0
2024-05-02 11:00:00,26.706,26.748,26.469,26.512,0
2024-05-02 12:00:00,26.512,26.617,26.471,26.566,0
2024-05-02 13:00:00,26.564,26.68,26.528,26.674,0
2024-05-02 14:00:00,26.676,26.712,26.608,26.703,0
2024-05-02 15:00:00,26.702,26.712,26.591,26.651,0
2024-05-02 16:00:00,26.648,26.67,26.597,26.661,0
2024-05-02 18:00:00,26.673,26.711,26.65,26.651,0
2024-05-02 19:00:00,26.651,26.679,26.63,26.666,0
2024-05-02 20:00:00,26.671,26.684,26.587,26.673,0
2024-05-02 21:00:00,26.674,26.761,26.621,26.635,0
2024-05-02 22:00:00,26.633,26.642,26.571,26.618,0
2024-05-02 23:00:00,26.618,26.642,26.6,26.63,0
2024-05-03 00:00:00,26.634,26.733,26.624,26.715,0
2024-05-03 01:00:00,26.718,26.739,26.673,26.682,0
2024-05-03 02:00:00,26.683,26.693,26.498,26.509,0
2024-05-03 03:00:00,26.509,26.566,26.495,26.538,0
2024-05-03 04:00:00,26.533,26.598,26.486,26.528,0
2024-05-03 05:00:00,26.521,26.579,26.481,26.557,0
2024-05-03 06:00:00,26.558,26.561,26.472,26.51,0
2024-05-03 07:00:00,26.512,26.517,26.406,26.454,0
2024-05-03 08:00:00,26.454,26.874,26.356,26.602,0
2024-05-03 09:00:00,26.6,26.642,26.105,26.323,0
2024-05-03 10:00:00,26.33,26.541,26.115,26.281,0
2024-05-03 11:00:00,26.283,26.384,26.254,26.308,0
2024-05-03 12:00:00,26.309,26.48,26.295,26.456,0
2024-05-03 13:00:00,26.457,26.486,26.405,26.471,0
2024-05-03 14:00:00,26.471,26.481,26.379,26.423,0
2024-05-03 15:00:00,26.426,26.497,26.382,26.491,0
2024-05-03 16:00:00,26.49,26.572,26.482,26.539,0
2024-05-05 18:00:00,26.572,26.631,26.537,26.598,0
2024-05-05 19:00:00,26.596,26.623,26.44,26.453,0
2024-05-05 20:00:00,26.453,26.563,26.414,26.513,0
2024-05-05 21:00:00,26.518,26.953,26.518,26.934,0
2024-05-05 22:00:00,26.936,26.992,26.877,26.912,0
2024-05-05 23:00:00,26.913,26.946,26.863,26.886,0
2024-05-06 00:00:00,26.886,26.901,26.826,26.861,0
2024-05-06 01:00:00,26.864,26.98,26.858,26.955,0
2024-05-06 02:00:00,26.957,27.045,26.917,27.01,0
2024-05-06 03:00:00,27.017,27.155,27.003,27.115,0
2024-05-06 04:00:00,27.108,27.125,27.066,27.092,0
2024-05-06 05:00:00,27.087,27.172,27.068,27.161,0
2024-05-06 06:00:00,27.168,27.191,27.118,27.125,0
2024-05-06 07:00:00,27.113,27.166,27.046,27.081,0
2024-05-06 08:00:00,27.073,27.337,26.991,27.215,0
2024-05-06 09:00:00,27.215,27.416,27.176,27.313,0
2024-05-06 10:00:00,27.316,27.381,27.177,27.194,0
2024-05-06 11:00:00,27.182,27.362,27.157,27.353,0
2024-05-06 12:00:00,27.347,27.398,27.248,27.378,0
2024-05-06 13:00:00,27.378,27.411,27.321,27.392,0
2024-05-06 14:00:00,27.395,27.451,27.373,27.444,0
2024-05-06 15:00:00,27.439,27.474,27.399,27.428,0
2024-05-06 16:00:00,27.427,27.47,27.401,27.401,0
2024-05-06 18:00:00,27.427,27.46,27.416,27.439,0
2024-05-06 19:00:00,27.442,27.448,27.387,27.442,0
2024-05-06 20:00:00,27.446,27.495,27.382,27.444,0
2024-05-06 21:00:00,27.443,27.506,27.281,27.308,0
2024-05-06 22:00:00,27.299,27.345,27.244,27.305,0
2024-05-06 23:00:00,27.3,27.389,27.293,27.388,0
2024-05-07 00:00:00,27.388,27.394,27.264,27.31,0
2024-05-07 01:00:00,27.309,27.369,27.214,27.272,0
2024-05-07 02:00:00,27.272,27.273,27.196,27.233,0
2024-05-07 03:00:00,27.239,27.266,27.158,27.214,0
2024-05-07 04:00:00,27.207,27.253,27.138,27.238,0
2024-05-07 05:00:00,27.242,27.269,27.176,27.202,0
2024-05-07 06:00:00,27.204,27.277,27.171,27.261,0
2024-05-07 07:00:00,27.262,27.315,27.231,27.293,0
2024-05-07 08:00:00,27.294,27.387,27.186,27.376,0
2024-05-07 09:00:00,27.377,27.516,27.343,27.394,0
2024-05-07 10:00:00,27.389,27.444,27.221,27.241,0
2024-05-07 11:00:00,27.241,27.364,27.235,27.281,0
2024-05-07 12:00:00,27.279,27.324,27.261,27.287,0
2024-05-07 13:00:00,27.286,27.338,27.255,27.269,0
2024-05-07 14:00:00,27.256,27.289,27.21,27.248,0
2024-05-07 15:00:00,27.249,27.277,27.205,27.267,0
2024-05-07 16:00:00,27.258,27.268,27.197,27.197,0
2024-05-07 18:00:00,27.19,27.247,27.19,27.211,0
2024-05-07 19:00:00,27.211,27.252,27.192,27.241,0
2024-05-07 20:00:00,27.232,27.269,27.219,27.238,0
2024-05-07 21:00:00,27.238,27.264,27.081,27.086,0
2024-05-07 22:00:00,27.072,27.378,27.067,27.338,0
2024-05-07 23:00:00,27.338,27.353,27.285,27.339,0
2024-05-08 00:00:00,27.336,27.394,27.329,27.378,0
2024-05-08 01:00:00,27.37,27.427,27.331,27.352,0
2024-05-08 02:00:00,27.352,27.378,27.271,27.312,0
2024-05-08 03:00:00,27.317,27.32,27.075,27.075,0
2024-05-08 04:00:00,27.082,27.133,26.997,27.112,0
2024-05-08 05:00:00,27.11,27.169,27.09,27.157,0
2024-05-08 06:00:00,27.161,27.248,27.145,27.225,0
2024-05-08 07:00:00,27.226,27.282,27.183,27.256,0
2024-05-08 08:00:00,27.254,27.377,27.238,27.309,0
2024-05-08 09:00:00,27.309,27.366,27.146,27.172,0
2024-05-08 10:00:00,27.177,27.469,27.154,27.418,0
2024-05-08 11:00:00,27.409,27.47,27.338,27.455,0
2024-05-08 12:00:00,27.455,27.466,27.386,27.407,0
2024-05-08 13:00:00,27.404,27.421,27.333,27.349,0
2024-05-08 14:00:00,27.346,27.368,27.304,27.352,0
2024-05-08 15:00:00,27.356,27.362,27.285,27.297,0
2024-05-08 16:00:00,27.29,27.326,27.281,27.307,0
2024-05-08 18:00:00,27.317,27.361,27.303,27.351,0
2024-05-08 19:00:00,27.351,27.351,27.291,27.306,0
2024-05-08 20:00:00,27.306,27.36,27.275,27.334,0
2024-05-08 21:00:00,27.335,27.444,27.305,27.36,0
2024-05-08 22:00:00,27.358,27.441,27.324,27.425,0
2024-05-08 23:00:00,27.427,27.503,27.417,27.469,0
2024-05-09 00:00:00,27.458,27.528,27.457,27.526,0
2024-05-09 01:00:00,27.527,27.701,27.517,27.634,0
2024-05-09 02:00:00,27.628,27.703,27.582,27.611,0
2024-05-09 03:00:00,27.611,27.669,27.514,27.558,0
2024-05-09 04:00:00,27.556,27.679,27.543,27.629,0
2024-05-09 05:00:00,27.628,27.651,27.57,27.573,0
2024-05-09 06:00:00,27.563,27.668,27.562,27.627,0
2024-05-09 07:00:00,27.62,27.719,27.61,27.703,0
2024-05-09 08:00:00,27.701,27.928,27.673,27.909,0
2024-05-09 09:00:00,27.913,27.926,27.593,27.915,0
2024-05-09 10:00:00,27.917,28.191,27.898,28.11,0
2024-05-09 11:00:00,28.11,28.189,28.042,28.1,0
2024-05-09 12:00:00,28.093,28.174,28.075,28.091,0
2024-05-09 13:00:00,28.091,28.167,28.071,28.163,0
2024-05-09 14:00:00,28.163,28.207,28.13,28.207,0
2024-05-09 15:00:00,28.202,28.296,28.174,28.293,0
2024-05-09 16:00:00,28.293,28.332,28.266,28.327,0
2024-05-09 18:00:00,28.322,28.373,28.286,28.333,0
2024-05-09 19:00:00,28.344,28.384,28.313,28.329,0
2024-05-09 20:00:00,28.336,28.353,28.272,28.298,0
2024-05-09 21:00:00,28.302,28.473,28.253,28.379,0
2024-05-09 22:00:00,28.372,28.407,28.212,28.279,0
2024-05-09 23:00:00,28.284,28.364,28.269,28.359,0
2024-05-10 00:00:00,28.36,28.412,28.305,28.387,0
2024-05-10 01:00:00,28.39,28.474,28.373,28.457,0
2024-05-10 02:00:00,28.454,28.63,28.43,28.621,0
2024-05-10 03:00:00,28.618,28.661,28.553,28.617,0
2024-05-10 04:00:00,28.618,28.682,28.572,28.664,0
2024-05-10 05:00:00,28.669,28.761,28.604,28.647,0
2024-05-10 06:00:00,28.643,28.744,28.634,28.657,0
2024-05-10 07:00:00,28.659,28.666,28.554,28.562,0
2024-05-10 08:00:00,28.562,28.64,28.358,28.361,0
2024-05-10 09:00:00,28.368,28.469,28.268,28.414,0
2024-05-10 10:00:00,28.408,28.498,28.031,28.129,0
2024-05-10 11:00:00,28.128,28.251,28.03,28.234,0
2024-05-10 12:00:00,28.225,28.3,28.178,28.26,0
2024-05-10 13:00:00,28.257,28.314,28.218,28.286,0
2024-05-10 14:00:00,28.292,28.305,28.2,28.233,0
2024-05-10 15:00:00,28.234,28.254,28.184,28.198,0
2024-05-10 16:00:00,28.197,28.204,28.136,28.146,0
2024-05-12 18:00:00,28.181,28.197,28.104,28.114,0
2024-05-12 19:00:00,28.124,28.206,28.119,28.163,0
2024-05-12 20:00:00,28.164,28.226,28.16,28.216,0
2024-05-12 21:00:00,28.22,28.223,27.951,28.122,0
2024-05-12 22:00:00,28.12,28.167,28.078,28.153,0
2024-05-12 23:00:00,28.152,28.166,28.057,28.098,0
2024-05-13 00:00:00,28.098,28.101,28.005,28.015,0
2024-05-13 01:00:00,28.017,28.07,27.962,28.048,0
2024-05-13 02:00:00,28.046,28.099,28.007,28.089,0
2024-05-13 03:00:00,28.082,28.156,28.052,28.126,0
2024-05-13 04:00:00,28.125,28.166,28.035,28.094,0
2024-05-13 05:00:00,28.096,28.165,28.086,28.127,0
2024-05-13 06:00:00,28.129,28.169,28.061,28.136,0
2024-05-13 07:00:00,28.143,28.233,28.1,28.203,0
2024-05-13 08:00:00,28.196,28.377,28.193,28.334,0
2024-05-13 09:00:00,28.332,28.357,28.18,28.305,0
2024-05-13 10:00:00,28.308,28.361,28.18,28.352,0
2024-05-13 11:00:00,28.351,28.354,28.054,28.182,0
2024-05-13 12:00:00,28.185,28.268,28.182,28.222,0
2024-05-13 13:00:00,28.22,28.249,28.186,28.222,0
2024-05-13 14:00:00,28.218,28.256,28.204,28.223,0
2024-05-13 15:00:00,28.218,28.257,28.191,28.236,0
2024-05-13 16:00:00,28.23,28.24,28.176,28.179,0
2024-05-13 18:00:00,28.143,28.275,28.143,28.249,0
2024-05-13 19:00:00,28.252,28.293,28.244,28.265,0
2024-05-13 20:00:00,28.264,28.339,28.251,28.273,0
2024-05-13 21:00:00,28.265,28.346,28.198,28.291,0
2024-05-13 22:00:00,28.285,28.362,28.262,28.289,0
2024-05-13 23:00:00,28.288,28.415,28.272,28.398,0
2024-05-14 00:00:00,28.406,28.462,28.4,28.441,0
2024-05-14 01:00:00,28.443,28.488,28.396,28.416,0
2024-05-14 02:00:00,28.407,28.455,28.232,28.301,0
2024-05-14 03:00:00,28.305,28.364,28.277,28.342,0
2024-05-14 04:00:00,28.346,28.397,28.287,28.383,0
2024-05-14 05:00:00,28.388,28.487,28.385,28.403,0
2024-05-14 06:00:00,28.404,28.455,28.368,28.411,0
2024-05-14 07:00:00,28.415,28.427,28.329,28.346,0
2024-05-14 08:00:00,28.347,28.531,27.98,28.516,0
2024-05-14 09:00:00,28.523,28.67,28.353,28.666,0
2024-05-14 10:00:00,28.657,28.734,28.276,28.453,0
2024-05-14 11:00:00,28.451,28.575,28.353,28.378,0
2024-05-14 12:00:00,28.371,28.492,28.317,28.471,0
2024-05-14 13:00:00,28.468,28.52,28.426,28.504,0
2024-05-14 14:00:00,28.504,28.573,28.493,28.56,0
2024-05-14 15:00:00,28.558,28.623,28.534,28.597,0
2024-05-14 16:00:00,28.591,28.621,28.554,28.607,0
2024-05-14 18:00:00,28.59,28.618,28.56,28.611,0
2024-05-14 19:00:00,28.603,28.623,28.563,28.595,0
2024-05-14 20:00:00,28.6,28.631,28.539,28.543,0
2024-05-14 21:00:00,28.543,28.56,28.421,28.504,0
2024-05-14 22:00:00,28.504,28.576,28.492,28.558,0
2024-05-14 23:00:00,28.557,28.605,28.534,28.578,0
2024-05-15 00:00:00,28.58,28.584,28.501,28.518,0
2024-05-15 01:00:00,28.516,28.61,28.508,28.601,0
2024-05-15 02:00:00,28.602,28.627,28.508,28.625,0
2024-05-15 03:00:00,28.628,28.687,28.612,28.636,0
2024-05-15 04:00:00,28.641,28.905,28.638,28.895,0
2024-05-15 05:00:00,28.894,28.918,28.81,28.826,0
2024-05-15 06:00:00,28.827,28.902,28.774,28.805,0
2024-05-15 07:00:00,28.808,28.852,28.738,28.768,0
2024-05-15 08:00:00,28.769,29.185,28.671,29.081,0
2024-05-15 09:00:00,29.079,29.163,28.504,28.677,0
2024-05-15 10:00:00,28.678,29.091,28.521,29.091,0
2024-05-15 11:00:00,29.078,29.426,29.078,29.283,0
2024-05-15 12:00:00,29.279,29.472,29.267,29.377,0
2024-05-15 13:00:00,29.375,29.593,29.362,29.578,0
2024-05-15 14:00:00,29.582,29.682,29.536,29.632,0
2024-05-15 15:00:00,29.63,29.73,29.594,29.671,0
2024-05-15 16:00:00,29.675,29.696,29.615,29.615,0
2024-05-15 18:00:00,29.641,29.782,29.601,29.737,0
2024-05-15 19:00:00,29.74,29.806,29.705,29.723,0
2024-05-15 20:00:00,29.716,29.777,29.655,29.711,0
2024-05-15 21:00:00,29.712,29.84,29.602,29.648,0
2024-05-15 22:00:00,29.649,29.649,29.46,29.515,0
2024-05-15 23:00:00,29.516,29.611,29.503,29.527,0
2024-05-16 00:00:00,29.535,29.629,29.516,29.608,0
2024-05-16 01:00:00,29.611,29.645,29.505,29.506,0
2024-05-16 02:00:00,29.504,29.533,29.421,29.447,0
2024-05-16 03:00:00,29.452,29.649,29.406,29.634,0
2024-05-16 04:00:00,29.629,29.721,29.474,29.492,0
2024-05-16 05:00:00,29.489,29.6,29.47,29.562,0
2024-05-16 06:00:00,29.564,29.707,29.468,29.696,0
2024-05-16 07:00:00,29.69,29.712,29.579,29.653,0
2024-05-16 08:00:00,29.653,29.698,29.407,29.492,0
2024-05-16 09:00:00,29.482,29.548,29.314,29.492,0
2024-05-16 10:00:00,29.49,29.571,29.343,29.431,0
2024-05-16 11:00:00,29.428,29.72,29.418,29.685,0
2024-05-16 12:00:00,29.687,29.714,29.601,29.669,0
2024-05-16 13:00:00,29.658,29.681,29.59,29.665,0
2024-05-16 14:00:00,29.659,29.668,29.592,29.648,0
2024-05-16 15:00:00,29.644,29.669,29.58,29.597,0
2024-05-16 16:00:00,29.595,29.608,29.454,29.559,0
2024-05-16 18:00:00,29.547,29.725,29.547,29.68,0
2024-05-16 19:00:00,29.68,29.727,29.649,29.663,0
2024-05-16 20:00:00,29.653,29.706,29.621,29.63,0
2024-05-16 21:00:00,29.633,29.648,29.477,29.571,0
2024-05-16 22:00:00,29.587,29.613,29.44,29.475,0
2024-05-16 23:00:00,29.477,29.531,29.464,29.51,0
2024-05-17 00:00:00,29.51,29.586,29.465,29.577,0
2024-05-17 01:00:00,29.574,29.67,29.566,29.644,0
2024-05-17 02:00:00,29.637,29.729,29.619,29.729,0
2024-05-17 03:00:00,29.728,29.797,29.666,29.713,0
2024-05-17 04:00:00,29.72,29.74,29.61,29.657,0
2024-05-17 05:00:00,29.661,29.726,29.623,29.689,0
2024-05-17 06:00:00,29.687,29.706,29.635,29.693,0
2024-05-17 07:00:00,29.683,29.783,29.653,29.777,0
2024-05-17 08:00:00,29.776,30.296,29.7,30.266,0
2024-05-17 09:00:00,30.267,30.543,30.144,30.449,0
2024-05-17 10:00:00,30.449,30.752,30.338,30.676,0
2024-05-17 11:00:00,30.671,30.805,30.524,30.62,0
2024-05-17 12:00:00,30.618,30.865,30.615,30.847,0
2024-05-17 13:00:00,30.847,31.073,30.785,31.072,0
2024-05-17 14:00:00,31.073,31.437,31.067,31.406,0
2024-05-17 15:00:00,31.4,31.549,31.255,31.502,0
2024-05-17 16:00:00,31.5,31.589,31.371,31.503,0
2024-05-19 18:00:00,31.529,31.66,31.276,31.348,0
2024-05-19 19:00:00,31.347,31.479,31.345,31.417,0
2024-05-19 20:00:00,31.424,31.633,31.317,31.614,0
2024-05-19 21:00:00,31.616,32.115,31.614,32.088,0
2024-05-19 22:00:00,32.093,32.504,32.079,32.272,0
2024-05-19 23:00:00,32.271,32.382,32.142,32.318,0
2024-05-20 00:00:00,32.317,32.383,32.132,32.262,0
2024-05-20 01:00:00,32.262,32.326,32.109,32.159,0
2024-05-20 02:00:00,32.161,32.165,31.605,31.722,0
2024-05-20 03:00:00,31.723,31.95,31.668,31.944,0
2024-05-20 04:00:00,31.946,32.04,31.821,31.906,0
2024-05-20 05:00:00,31.905,32.097,31.879,32.075,0
2024-05-20 06:00:00,32.078,32.1,31.711,31.812,0
2024-05-20 07:00:00,31.814,31.867,31.356,31.507,0
2024-05-20 08:00:00,31.502,31.523,30.928,31.167,0
2024-05-20 09:00:00,31.167,31.675,31.081,31.598,0
2024-05-20 10:00:00,31.597,31.831,31.378,31.802,0
2024-05-20 11:00:00,31.804,32.046,31.723,31.99,0
2024-05-20 12:00:00,31.99,32.013,31.828,31.947,0
2024-05-20 13:00:00,31.938,32.29,31.901,32.272,0
2024-05-20 14:00:00,32.264,32.326,32.055,32.277,0
2024-05-20 15:00:00,32.272,32.282,31.704,31.72,0
2024-05-20 16:00:00,31.718,31.827,31.45,31.806,0
2024-05-20 18:00:00,31.795,31.874,31.719,31.74,0
2024-05-20 19:00:00,31.74,31.815,31.723,31.747,0
2024-05-20 20:00:00,31.758,32.009,31.723,31.995,0
2024-05-20 21:00:00,32.002,32.493,31.2,31.471,0
2024-05-20 22:00:00,31.47,31.652,31.061,31.259,0
2024-05-20 23:00:00,31.259,31.432,31.198,31.391,0
2024-05-21 00:00:00,31.388,31.427,31.199,31.369,0
2024-05-21 01:00:00,31.371,31.611,31.351,31.557,0
2024-05-21 02:00:00,31.556,31.606,31.315,31.401,0
2024-05-21 03:00:00,31.411,31.732,31.369,31.649,0
2024-05-21 04:00:00,31.653,31.723,31.541,31.674,0
2024-05-21 05:00:00,31.673,31.673,31.442,31.531,0
2024-05-21 06:00:00,31.531,31.713,31.521,31.659,0
2024-05-21 07:00:00,31.654,31.822,31.545,31.819,0
2024-05-21 08:00:00,31.818,31.86,31.635,31.713,0
2024-05-21 09:00:00,31.713,32.152,31.464,32.121,0
2024-05-21 10:00:00,32.124,32.275,31.982,32.079,0
2024-05-21 11:00:00,32.071,32.228,31.547,31.732,0
2024-05-21 12:00:00,31.732,31.871,31.532,31.836,0
2024-05-21 13:00:00,31.838,31.927,31.693,31.882,0
2024-05-21 14:00:00,31.882,31.946,31.801,31.914,0
2024-05-21 15:00:00,31.927,32.055,31.917,32.032,0
2024-05-21 16:00:00,32.026,32.036,31.947,31.949,0
2024-05-21 18:00:00,31.92,32.048,31.852,32.045,0
2024-05-21 19:00:00,32.044,32.059,32.008,32.014,0
2024-05-21 20:00:00,32.021,32.054,31.919,31.94,0
2024-05-21 21:00:00,31.942,32.123,31.903,32.076,0
2024-05-21 22:00:00,32.079,32.185,31.729,31.803,0
2024-05-21 23:00:00,31.802,31.902,31.596,31.674,0
2024-05-22 00:00:00,31.673,31.718,31.577,31.666,0
2024-05-22 01:00:00,31.664,31.802,31.617,31.784,0
2024-05-22 02:00:00,31.785,31.892,31.711,31.858,0
2024-05-22 03:00:00,31.859,31.872,31.671,31.837,0
2024-05-22 04:00:00,31.835,31.873,31.593,31.766,0
2024-05-22 05:00:00,31.769,31.772,31.634,31.713,0
2024-05-22 06:00:00,31.712,31.906,31.689,31.829,0
2024-05-22 07:00:00,31.82,31.872,31.375,31.527,0
2024-05-22 08:00:00,31.535,31.795,31.493,31.753,0
2024-05-22 09:00:00,31.754,31.807,31.474,31.627,0
2024-05-22 10:00:00,31.619,31.619,31.084,31.233,0
2024-05-22 11:00:00,31.235,31.434,31.209,31.329,0
2024-05-22 12:00:00,31.324,31.393,31.241,31.305,0
2024-05-22 13:00:00,31.296,31.337,31.127,31.127,0
2024-05-22 14:00:00,31.148,31.264,30.742,30.848,0
2024-05-22 15:00:00,30.845,30.9,30.751,30.855,0
2024-05-22 16:00:00,30.859,30.927,30.738,30.738,0
2024-05-22 18:00:00,30.76,30.894,30.701,30.873,0
2024-05-22 19:00:00,30.871,30.948,30.86,30.899,0
2024-05-22 20:00:00,30.902,30.973,30.708,30.746,0
2024-05-22 21:00:00,30.752,30.821,30.231,30.476,0
2024-05-22 22:00:00,30.47,30.553,30.245,30.355,0
2024-05-22 23:00:00,30.342,30.536,30.328,30.522,0
2024-05-23 00:00:00,30.523,30.562,30.466,30.483,0
2024-05-23 01:00:00,30.49,30.529,30.201,30.258,0
2024-05-23 02:00:00,30.26,30.519,30.147,30.485,0
2024-05-23 03:00:00,30.486,30.492,30.244,30.282,0
2024-05-23 04:00:00,30.291,30.51,30.235,30.464,0
2024-05-23 05:00:00,30.467,30.555,30.423,30.536,0
2024-05-23 06:00:00,30.533,30.595,30.465,30.566,0
2024-05-23 07:00:00,30.568,30.647,30.476,30.606,0
2024-05-23 08:00:00,30.613,30.741,30.479,30.583,0
2024-05-23 09:00:00,30.583,30.936,30.442,30.637,0
2024-05-23 10:00:00,30.637,30.787,30.166,30.237,0
2024-05-23 11:00:00,30.236,30.503,30.189,30.433,0
2024-05-23 12:00:00,30.429,30.518,30.292,30.324,0
2024-05-23 13:00:00,30.321,30.362,30.072,30.084,0
2024-05-23 14:00:00,30.079,30.24,30.079,30.165,0
2024-05-23 15:00:00,30.158,30.175,30.052,30.128,0
2024-05-23 16:00:00,30.125,30.145,30.071,30.111,0
2024-05-23 18:00:00,30.107,30.156,29.923,30.137,0
2024-05-23 19:00:00,30.141,30.215,30.113,30.148,0
2024-05-23 20:00:00,30.15,30.188,30.041,30.083,0
2024-05-23 21:00:00,30.078,30.396,30.035,30.376,0
2024-05-23 22:00:00,30.374,30.411,30.191,30.274,0
2024-05-23 23:00:00,30.266,30.317,30.192,30.224,0
2024-05-24 00:00:00,30.229,30.381,30.224,30.369,0
2024-05-24 01:00:00,30.367,30.566,30.337,30.532,0
2024-05-24 02:00:00,30.525,30.532,30.343,30.437,0
2024-05-24 03:00:00,30.439,30.502,30.331,30.362,0
2024-05-24 04:00:00,30.363,30.535,30.27,30.506,0
2024-05-24 05:00:00,30.505,30.594,30.484,30.517,0
2024-05-24 06:00:00,30.512,30.592,30.495,30.571,0
2024-05-24 07:00:00,30.575,30.596,30.453,30.481,0
2024-05-24 08:00:00,30.485,30.544,30.388,30.468,0
2024-05-24 09:00:00,30.476,30.617,30.352,30.379,0
2024-05-24 10:00:00,30.382,30.513,30.369,30.417,0
2024-05-24 11:00:00,30.419,30.502,30.25,30.284,0
2024-05-24 12:00:00,30.285,30.353,30.204,30.268,0
2024-05-24 13:00:00,30.268,30.33,30.206,30.222,0
2024-05-24 14:00:00,30.232,30.394,30.22,30.332,0
2024-05-24 15:00:00,30.332,30.348,30.29,30.346,0
2024-05-24 16:00:00,30.346,30.365,30.312,30.336,0
2024-05-26 18:00:00,30.352,30.58,30.341,30.568,0
2024-05-26 19:00:00,30.567,30.58,30.483,30.51,0
2024-05-26 20:00:00,30.513,30.514,30.419,30.455,0
2024-05-26 21:00:00,30.454,30.636,30.41,30.585,0
2024-05-26 22:00:00,30.581,30.716,30.522,30.709,0
2024-05-26 23:00:00,30.71,30.854,30.685,30.814,0
2024-05-27 00:00:00,30.808,30.843,30.762,30.794,0
2024-05-27 01:00:00,30.797,30.91,30.739,30.789,0
2024-05-27 02:00:00,30.793,30.866,30.712,30.731,0
2024-05-27 03:00:00,30.729,30.799,30.708,30.757,0
2024-05-27 04:00:00,30.768,30.844,30.753,30.803,0
2024-05-27 05:00:00,30.806,30.825,30.77,30.798,0
2024-05-27 06:00:00,30.797,30.868,30.789,30.864,0
2024-05-27 07:00:00,30.863,30.883,30.823,30.844,0
2024-05-27 08:00:00,30.848,30.943,30.814,30.882,0
2024-05-27 09:00:00,30.886,31.524,30.884,31.496,0
2024-05-27 10:00:00,31.498,31.563,31.406,31.528,0
2024-05-27 11:00:00,31.523,31.805,31.469,31.661,0
2024-05-27 12:00:00,31.661,31.843,31.646,31.813,0
2024-05-27 13:00:00,31.818,31.835,31.693,31.746,0
2024-05-27 14:00:00,31.747,31.76,31.6,31.636,0
2024-05-27 18:00:00,31.589,31.66,31.583,31.624,0
2024-05-27 19:00:00,31.624,31.647,31.582,31.624,0
2024-05-27 20:00:00,31.623,31.725,31.612,31.695,0
2024-05-27 21:00:00,31.694,31.875,31.632,31.767,0
2024-05-27 22:00:00,31.768,31.819,31.715,31.796,0
2024-05-27 23:00:00,31.79,31.833,31.731,31.742,0
2024-05-28 00:00:00,31.731,31.748,31.696,31.708,0
2024-05-28 01:00:00,31.702,31.792,31.639,31.702,0
2024-05-28 02:00:00,31.705,31.714,31.23,31.355,0
2024-05-28 03:00:00,31.356,31.521,31.353,31.489,0
2024-05-28 04:00:00,31.487,31.529,31.375,31.486,0
2024-05-28 05:00:00,31.484,31.564,31.444,31.526,0
2024-05-28 06:00:00,31.523,31.611,31.51,31.58,0
2024-05-28 07:00:00,31.575,31.658,31.505,31.623,0
2024-05-28 08:00:00,31.619,31.764,31.558,31.711,0
2024-05-28 09:00:00,31.714,32.239,31.622,31.66,0
2024-05-28 10:00:00,31.653,31.915,31.391,31.837,0
2024-05-28 11:00:00,31.833,32.087,31.687,32.017,0
2024-05-28 12:00:00,32.014,32.102,31.881,31.984,0
2024-05-28 13:00:00,31.984,32.049,31.845,31.951,0
2024-05-28 14:00:00,31.95,31.952,31.791,31.913,0
2024-05-28 15:00:00,31.911,32.059,31.905,32.008,0
2024-05-28 16:00:00,32.004,32.099,31.999,32.094,0
2024-05-28 18:00:00,32.069,32.086,31.929,32.072,0
2024-05-28 19:00:00,32.072,32.116,32.03,32.041,0
2024-05-28 20:00:00,32.042,32.075,31.928,31.95,0
2024-05-28 21:00:00,31.957,32.025,31.81,31.926,0
2024-05-28 22:00:00,31.926,32.175,31.902,31.973,0
2024-05-28 23:00:00,31.974,32.11,31.941,32.089,0
2024-05-29 00:00:00,32.091,32.125,32.044,32.102,0
2024-05-29 01:00:00,32.104,32.292,32.074,32.124,0
2024-05-29 02:00:00,32.127,32.291,32.01,32.272,0
2024-05-29 03:00:00,32.278,32.278,31.982,32.065,0
2024-05-29 04:00:00,32.068,32.168,31.979,32.001,0
2024-05-29 05:00:00,31.992,32.026,31.848,32.014,0
2024-05-29 06:00:00,32.017,32.037,31.895,31.999,0
2024-05-29 07:00:00,31.999,32.004,31.847,31.954,0
2024-05-29 08:00:00,31.954,31.96,31.592,31.696,0
2024-05-29 09:00:00,31.694,32.016,31.615,31.968,0
2024-05-29 10:00:00,31.972,32.079,31.897,32.046,0
2024-05-29 11:00:00,32.052,32.118,31.938,32.062,0
2024-05-29 12:00:00,32.06,32.141,31.925,32.136,0
2024-05-29 13:00:00,32.135,32.226,32.1,32.212,0
2024-05-29 14:00:00,32.216,32.241,32.012,32.017,0
2024-05-29 15:00:00,32.021,32.045,31.918,31.939,0
2024-05-29 16:00:00,31.933,31.983,31.862,31.945,0
2024-05-29 18:00:00,31.925,32.011,31.901,31.957,0
2024-05-29 19:00:00,31.952,32.052,31.952,32.012,0
2024-05-29 20:00:00,32.009,32.047,31.932,32.031,0
2024-05-29 21:00:00,32.034,32.085,31.659,31.745,0
2024-05-29 22:00:00,31.745,31.857,31.264,31.447,0
2024-05-29 23:00:00,31.448,31.622,31.371,31.592,0
2024-05-30 00:00:00,31.598,31.732,31.582,31.63,0
2024-05-30 01:00:00,31.629,31.682,31.138,31.237,0
2024-05-30 02:00:00,31.24,31.45,31.209,31.433,0
2024-05-30 03:00:00,31.425,31.584,31.396,31.472,0
2024-05-30 04:00:00,31.475,31.54,31.373,31.5,0
2024-05-30 05:00:00,31.5,31.587,31.35,31.401,0
2024-05-30 06:00:00,31.41,31.522,31.305,31.497,0
2024-05-30 07:00:00,31.492,31.503,31.279,31.29,0
2024-05-30 08:00:00,31.285,31.438,31.127,31.316,0
2024-05-30 09:00:00,31.323,31.795,31.284,31.687,0
2024-05-30 10:00:00,31.688,31.715,31.317,31.393,0
2024-05-30 11:00:00,31.399,31.455,31.286,31.338,0
2024-05-30 12:00:00,31.338,31.387,31.192,31.363,0
2024-05-30 13:00:00,31.367,31.4,31.268,31.304,0
2024-05-30 14:00:00,31.304,31.304,31.192,31.214,0
2024-05-30 15:00:00,31.214,31.221,30.996,31.103,0
2024-05-30 16:00:00,31.1,31.169,31.067,31.159,0
2024-05-30 18:00:00,31.156,31.218,31.096,31.179,0
2024-05-30 19:00:00,31.178,31.219,31.094,31.172,0
2024-05-30 20:00:00,31.169,31.186,31.101,31.132,0
2024-05-30 21:00:00,31.137,31.173,30.84,31.096,0
2024-05-30 22:00:00,31.092,31.171,30.918,30.933,0
2024-05-30 23:00:00,30.93,30.96,30.76,30.948,0
2024-05-31 00:00:00,30.947,30.952,30.846,30.938,0
2024-05-31 01:00:00,30.941,31.09,30.881,31.052,0
2024-05-31 02:00:00,31.051,31.228,31.012,31.169,0
2024-05-31 03:00:00,31.163,31.205,31.048,31.072,0
2024-05-31 04:00:00,31.067,31.25,31.046,31.22,0
2024-05-31 05:00:00,31.218,31.234,31.15,31.222,0
2024-05-31 06:00:00,31.218,31.29,31.204,31.288,0
2024-05-31 07:00:00,31.287,31.336,31.23,31.258,0
2024-05-31 08:00:00,31.257,31.526,31.22,31.501,0
2024-05-31 09:00:00,31.503,31.759,31.146,31.318,0
2024-05-31 10:00:00,31.316,31.374,30.936,30.982,0
2024-05-31 11:00:00,30.986,30.988,30.234,30.287,0
2024-05-31 12:00:00,30.287,30.491,30.26,30.421,0
2024-05-31 13:00:00,30.426,30.445,30.178,30.297,0
2024-05-31 14:00:00,30.298,30.35,30.243,30.266,0
2024-05-31 15:00:00,30.264,30.414,30.19,30.365,0
2024-05-31 16:00:00,30.365,30.412,30.33,30.385,0
2024-06-02 18:00:00,30.423,30.503,30.333,30.373,0
2024-06-02 19:00:00,30.376,30.458,30.371,30.387,0
2024-06-02 20:00:00,30.389,30.441,30.279,30.411,0
2024-06-02 21:00:00,30.422,30.611,30.301,30.588,0
2024-06-02 22:00:00,30.588,30.626,30.367,30.407,0
2024-06-02 23:00:00,30.406,30.435,30.101,30.15,0
2024-06-03 00:00:00,30.147,30.229,30.146,30.201,0
2024-06-03 01:00:00,30.208,30.283,29.766,29.978,0
2024-06-03 02:00:00,29.973,30.202,29.836,30.167,0
2024-06-03 03:00:00,30.163,30.269,30.069,30.205,0
2024-06-03 04:00:00,30.202,30.292,30.144,30.221,0
2024-06-03 05:00:00,30.221,30.305,30.184,30.275,0
2024-06-03 06:00:00,30.277,30.461,30.237,30.34,0
2024-06-03 07:00:00,30.334,30.435,30.325,30.381,0
2024-06-03 08:00:00,30.378,30.565,30.305,30.559,0
2024-06-03 09:00:00,30.56,30.607,30.132,30.238,0
2024-06-03 10:00:00,30.288,30.568,30.288,30.39,0
2024-06-03 11:00:00,30.387,30.541,30.293,30.504,0
2024-06-03 12:00:00,30.499,30.663,30.412,30.636,0
2024-06-03 13:00:00,30.637,30.798,30.549,30.602,0
2024-06-03 14:00:00,30.597,30.63,30.544,30.553,0
2024-06-03 15:00:00,30.553,30.591,30.498,30.534,0
2024-06-03 16:00:00,30.536,30.721,30.525,30.705,0
2024-06-03 18:00:00,30.725,30.76,30.664,30.704,0
2024-06-03 19:00:00,30.701,30.76,30.67,30.726,0
2024-06-03 20:00:00,30.728,30.842,30.714,30.79,0
2024-06-03 21:00:00,30.796,30.881,30.512,30.644,0
2024-06-03 22:00:00,30.643,30.785,30.608,30.674,0
2024-06-03 23:00:00,30.676,30.692,30.553,30.556,0
2024-06-04 00:00:00,30.556,30.65,30.546,30.64,0
2024-06-04 01:00:00,30.64,30.652,30.497,30.548,0
2024-06-04 02:00:00,30.552,30.791,30.53,30.638,0
2024-06-04 03:00:00,30.629,30.639,30.236,30.261,0
2024-06-04 04:00:00,30.263,30.263,29.841,29.939,0
2024-06-04 05:00:00,29.944,29.976,29.587,29.821,0
2024-06-04 06:00:00,29.817,29.867,29.561,29.681,0
2024-06-04 07:00:00,29.688,29.789,29.579,29.71,0
2024-06-04 08:00:00,29.715,30.005,29.644,29.949,0
2024-06-04 09:00:00,29.946,30.061,29.391,29.441,0
2024-06-04 10:00:00,29.454,29.68,29.365,29.454,0
2024-06-04 11:00:00,29.46,29.651,29.447,29.512,0
2024-06-04 12:00:00,29.518,29.619,29.366,29.427,0
2024-06-04 13:00:00,29.429,29.575,29.411,29.539,0
2024-06-04 14:00:00,29.539,29.605,29.503,29.567,0
2024-06-04 15:00:00,29.566,29.567,29.493,29.541,0
2024-06-04 16:00:00,29.554,29.565,29.462,29.476,0
2024-06-04 18:00:00,29.478,29.554,29.476,29.525,0
2024-06-04 19:00:00,29.526,29.573,29.521,29.562,0
2024-06-04 20:00:00,29.57,29.621,29.524,29.586,0
2024-06-04 21:00:00,29.585,29.63,29.43,29.601,0
2024-06-04 22:00:00,29.598,29.748,29.544,29.734,0
2024-06-04 23:00:00,29.731,29.769,29.633,29.684,0
2024-06-05 00:00:00,29.687,29.731,29.652,29.711,0
2024-06-05 01:00:00,29.712,29.795,29.669,29.698,0
2024-06-05 02:00:00,29.696,29.73,29.494,29.565,0
2024-06-05 03:00:00,29.567,29.569,29.376,29.495,0
2024-06-05 04:00:00,29.505,29.632,29.489,29.563,0
2024-06-05 05:00:00,29.567,29.604,29.454,29.557,0
2024-06-05 06:00:00,29.555,29.622,29.519,29.594,0
2024-06-05 07:00:00,29.588,29.623,29.506,29.552,0
2024-06-05 08:00:00,29.549,29.676,29.495,29.664,0
2024-06-05 09:00:00,29.666,29.752,29.522,29.636,0
2024-06-05 10:00:00,29.641,29.786,29.42,29.699,0
2024-06-05 11:00:00,29.698,29.949,29.698,29.894,0
2024-06-05 12:00:00,29.891,30.016,29.865,29.884,0
2024-06-05 13:00:00,29.888,30.012,29.879,29.999,0
2024-06-05 14:00:00,30.0,30.039,29.928,30.02,0
2024-06-05 15:00:00,30.018,30.03,29.959,29.989,0
2024-06-05 16:00:00,29.989,30.004,29.941,29.989,0
2024-06-05 18:00:00,30.018,30.028,29.985,30.017,0
2024-06-05 19:00:00,30.018,30.05,29.989,30.001,0
2024-06-05 20:00:00,30.002,30.058,29.959,30.053,0
2024-06-05 21:00:00,30.053,30.535,30.013,30.371,0
2024-06-05 22:00:00,30.367,30.611,30.304,30.544,0
2024-06-05 23:00:00,30.543,30.555,30.372,30.409,0
2024-06-06 00:00:00,30.409,30.458,30.37,30.43,0
2024-06-06 01:00:00,30.432,30.501,30.359,30.433,0
2024-06-06 02:00:00,30.437,30.472,30.25,30.395,0
2024-06-06 03:00:00,30.4,30.416,30.281,30.326,0
2024-06-06 04:00:00,30.326,30.337,30.251,30.306,0
2024-06-06 05:00:00,30.309,30.356,30.257,30.304,0
2024-06-06 06:00:00,30.306,30.312,30.25,30.283,0
2024-06-06 07:00:00,30.281,30.335,30.242,30.305,0
2024-06-06 08:00:00,30.306,30.355,30.1,30.153,0
2024-06-06 09:00:00,30.152,30.582,30.129,30.401,0
2024-06-06 10:00:00,30.402,30.599,30.306,30.582,0
2024-06-06 11:00:00,30.58,31.213,30.576,31.142,0
2024-06-06 12:00:00,31.144,31.289,31.02,31.232,0
2024-06-06 13:00:00,31.231,31.338,31.185,31.317,0
2024-06-06 14:00:00,31.314,31.321,31.188,31.279,0
2024-06-06 15:00:00,31.279,31.309,31.212,31.242,0
2024-06-06 16:00:00,31.242,31.326,31.236,31.316,0
2024-06-06 18:00:00,31.322,31.363,31.29,31.335,0
2024-06-06 19:00:00,31.332,31.374,31.306,31.328,0
2024-06-06 20:00:00,31.323,31.4,31.277,31.355,0
2024-06-06 21:00:00,31.363,31.444,31.092,31.149,0
2024-06-06 22:00:00,31.153,31.262,31.055,31.196,0
2024-06-06 23:00:00,31.196,31.343,31.12,31.317,0
2024-06-07 00:00:00,31.322,31.54,31.288,31.471,0
2024-06-07 01:00:00,31.47,31.507,31.15,31.187,0
2024-06-07 02:00:00,31.191,31.281,31.087,31.21,0
2024-06-07 03:00:00,31.214,31.318,31.173,31.216,0
2024-06-07 04:00:00,31.204,31.221,30.633,30.746,0
2024-06-07 05:00:00,30.745,30.754,30.401,30.549,0
2024-06-07 06:00:00,30.547,30.552,30.238,30.3,0
2024-06-07 07:00:00,30.303,30.474,30.194,30.43,0
2024-06-07 08:00:00,30.426,30.433,29.686,29.828,0
2024-06-07 09:00:00,29.83,29.966,29.258,29.476,0
2024-06-07 10:00:00,29.479,29.781,29.463,29.608,0
2024-06-07 11:00:00,29.608,29.648,29.263,29.27,0
2024-06-07 12:00:00,29.273,29.454,29.236,29.384,0
2024-06-07 13:00:00,29.387,29.437,29.207,29.246,0
2024-06-07 14:00:00,29.251,29.314,29.176,29.227,0
2024-06-07 15:00:00,29.231,29.237,29.114,29.166,0
2024-06-07 16:00:00,29.17,29.217,29.104,29.161,0
2024-06-09 18:00:00,29.182,29.29,29.113,29.279,0
2024-06-09 19:00:00,29.28,29.33,29.252,29.315,0
2024-06-09 20:00:00,29.316,29.367,29.23,29.304,0
2024-06-09 21:00:00,29.307,29.517,29.265,29.465,0
2024-06-09 22:00:00,29.461,29.544,29.425,29.487,0
2024-06-09 23:00:00,29.49,29.555,29.376,29.381,0
2024-06-10 00:00:00,29.38,29.568,29.337,29.529,0
2024-06-10 01:00:00,29.523,29.596,29.439,29.561,0
2024-06-10 02:00:00,29.563,29.598,29.423,29.527,0
2024-06-10 03:00:00,29.53,29.659,29.472,29.652,0
2024-06-10 04:00:00,29.655,29.712,29.611,29.628,0
2024-06-10 05:00:00,29.622,29.697,29.594,29.681,0
2024-06-10 06:00:00,29.681,29.727,29.628,29.706,0
2024-06-10 07:00:00,29.707,29.761,29.629,29.761,0
2024-06-10 08:00:00,29.76,29.805,29.682,29.747,0
2024-06-10 09:00:00,29.747,29.76,29.407,29.533,0
2024-06-10 10:00:00,29.535,29.572,29.381,29.498,0
2024-06-10 11:00:00,29.498,29.723,29.434,29.657,0
2024-06-10 12:00:00,29.665,29.749,29.643,29.738,0
2024-06-10 13:00:00,29.734,29.812,29.702,29.753,0
2024-06-10 14:00:00,29.754,29.754,29.678,29.699,0
2024-06-10 15:00:00,29.697,29.753,29.68,29.693,0
2024-06-10 16:00:00,29.692,29.735,29.663,29.725,0
2024-06-10 18:00:00,29.854,29.863,29.717,29.731,0
2024-06-10 19:00:00,29.725,29.738,29.675,29.704,0
2024-06-10 20:00:00,29.706,29.716,29.606,29.639,0
2024-06-10 21:00:00,29.632,29.632,29.317,29.372,0
2024-06-10 22:00:00,29.374,29.386,29.019,29.132,0
2024-06-10 23:00:00,29.131,29.258,29.106,29.218,0
2024-06-11 00:00:00,29.219,29.24,29.166,29.227,0
2024-06-11 01:00:00,29.226,29.261,29.037,29.114,0
2024-06-11 02:00:00,29.121,29.218,29.074,29.14,0
2024-06-11 03:00:00,29.144,29.245,29.079,29.221,0
2024-06-11 04:00:00,29.219,29.291,29.179,29.232,0
2024-06-11 05:00:00,29.226,29.254,29.122,29.193,0
2024-06-11 06:00:00,29.194,29.261,29.141,29.233,0
2024-06-11 07:00:00,29.232,29.243,29.159,29.228,0
2024-06-11 08:00:00,29.224,29.541,29.215,29.409,0
2024-06-11 09:00:00,29.404,29.457,29.098,29.221,0
2024-06-11 10:00:00,29.219,29.337,29.114,29.206,0
2024-06-11 11:00:00,29.207,29.208,29.058,29.085,0
2024-06-11 12:00:00,29.085,29.22,29.084,29.204,0
2024-06-11 13:00:00,29.204,29.251,29.115,29.173,0
2024-06-11 14:00:00,29.172,29.246,29.159,29.23,0
2024-06-11 15:00:00,29.229,29.249,29.169,29.218,0
2024-06-11 16:00:00,29.222,29.276,29.202,29.271,0
2024-06-11 18:00:00,29.255,29.282,29.255,29.271,0
2024-06-11 19:00:00,29.276,29.313,29.243,29.288,0
2024-06-11 20:00:00,29.296,29.296,29.204,29.219,0
2024-06-11 21:00:00,29.219,29.431,29.174,29.412,0
2024-06-11 22:00:00,29.413,29.472,29.306,29.443,0
2024-06-11 23:00:00,29.444,29.477,29.427,29.435,0
2024-06-12 00:00:00,29.43,29.433,29.347,29.364,0
2024-06-12 01:00:00,29.364,29.459,29.346,29.44,0
2024-06-12 02:00:00,29.441,29.48,29.344,29.35,0
2024-06-12 03:00:00,29.349,29.376,29.301,29.375,0
2024-06-12 04:00:00,29.372,29.404,29.314,29.334,0
2024-06-12 05:00:00,29.333,29.392,29.327,29.374,0
2024-06-12 06:00:00,29.376,29.402,29.319,29.382,0
2024-06-12 07:00:00,29.382,29.425,29.34,29.363,0
2024-06-12 08:00:00,29.365,30.034,29.32,29.877,0
2024-06-12 09:00:00,29.878,30.246,29.677,29.818,0
2024-06-12 10:00:00,29.82,29.948,29.598,29.852,0
2024-06-12 11:00:00,29.856,30.154,29.853,30.105,0
2024-06-12 12:00:00,30.107,30.16,30.043,30.152,0
2024-06-12 13:00:00,30.155,30.172,29.897,29.933,0
2024-06-12 14:00:00,29.933,29.933,29.519,29.656,0
2024-06-12 15:00:00,29.657,29.72,29.485,29.59,0
2024-06-12 16:00:00,29.591,29.735,29.566,29.709,0
2024-06-12 18:00:00,29.717,29.732,29.576,29.582,0
2024-06-12 19:00:00,29.579,29.595,29.525,29.525,0
2024-06-12 20:00:00,29.53,29.648,29.521,29.595,0
2024-06-12 21:00:00,29.593,29.595,28.828,29.029,0
2024-06-12 22:00:00,29.03,29.131,28.979,29.095,0
2024-06-12 23:00:00,29.095,29.194,29.067,29.155,0
2024-06-13 00:00:00,29.144,29.192,29.087,29.176,0
2024-06-13 01:00:00,29.171,29.205,29.082,29.157,0
2024-06-13 02:00:00,29.168,29.359,29.153,29.342,0
2024-06-13 03:00:00,29.335,29.38,29.274,29.303,0
2024-06-13 04:00:00,29.294,29.331,29.237,29.321,0
2024-06-13 05:00:00,29.319,29.393,29.262,29.298,0
2024-06-13 06:00:00,29.3,29.364,29.238,29.238,0
2024-06-13 07:00:00,29.246,29.259,28.996,29.105,0
2024-06-13 08:00:00,29.101,29.447,29.067,29.377,0
2024-06-13 09:00:00,29.375,29.48,29.14,29.2,0
2024-06-13 10:00:00,29.197,29.268,29.016,29.125,0
2024-06-13 11:00:00,29.126,29.167,28.71,28.739,0
2024-06-13 12:00:00,28.736,28.879,28.644,28.878,0
2024-06-13 13:00:00,28.876,29.011,28.853,28.929,0
2024-06-13 14:00:00,28.928,28.975,28.888,28.96,0
2024-06-13 15:00:00,28.959,28.979,28.909,28.933,0
2024-06-13 16:00:00,28.933,28.968,28.915,28.941,0
2024-06-13 18:00:00,28.931,28.946,28.905,28.906,0
2024-06-13 19:00:00,28.906,28.926,28.892,28.904,0
2024-06-13 20:00:00,28.906,29.013,28.874,29.007,0
2024-06-13 21:00:00,29.01,29.069,28.82,29.03,0
2024-06-13 22:00:00,29.032,29.092,28.963,29.048,0
2024-06-13 23:00:00,29.045,29.095,28.96,28.978,0
2024-06-14 00:00:00,28.977,28.983,28.861,28.902,0
2024-06-14 01:00:00,28.903,29.119,28.889,29.022,0
2024-06-14 02:00:00,29.022,29.112,28.966,29.045,0
2024-06-14 03:00:00,29.04,29.099,28.932,29.076,0
2024-06-14 04:00:00,29.078,29.157,29.042,29.078,0
2024-06-14 05:00:00,29.082,29.115,29.001,29.072,0
2024-06-14 06:00:00,29.072,29.254,29.032,29.246,0
2024-06-14 07:00:00,29.245,29.377,29.166,29.267,0
2024-06-14 08:00:00,29.267,29.272,29.147,29.185,0
2024-06-14 09:00:00,29.187,29.267,29.092,29.142,0
2024-06-14 10:00:00,29.143,29.204,29.005,29.123,0
2024-06-14 11:00:00,29.127,29.153,29.036,29.153,0
2024-06-14 12:00:00,29.154,29.446,29.143,29.342,0
2024-06-14 13:00:00,29.341,29.496,29.324,29.475,0
2024-06-14 14:00:00,29.473,29.53,29.423,29.526,0
2024-06-14 15:00:00,29.528,29.573,29.493,29.567,0
2024-06-14 16:00:00,29.569,29.573,29.525,29.54,0
2024-06-16 18:00:00,29.551,29.562,29.476,29.51,0
2024-06-16 19:00:00,29.513,29.524,29.466,29.491,0
2024-06-16 20:00:00,29.492,29.548,29.449,29.525,0
2024-06-16 21:00:00,29.527,29.532,29.289,29.378,0
2024-06-16 22:00:00,29.372,29.375,29.19,29.249,0
2024-06-16 23:00:00,29.248,29.259,29.169,29.219,0
2024-06-17 00:00:00,29.22,29.255,29.189,29.193,0
2024-06-17 01:00:00,29.194,29.206,29.075,29.116,0
2024-06-17 02:00:00,29.116,29.12,29.01,29.074,0
2024-06-17 03:00:00,29.082,29.174,29.063,29.079,0
2024-06-17 04:00:00,29.081,29.198,29.056,29.18,0
2024-06-17 05:00:00,29.174,29.218,29.154,29.191,0
2024-06-17 06:00:00,29.192,29.256,29.175,29.228,0
2024-06-17 07:00:00,29.241,29.283,29.17,29.233,0
2024-06-17 08:00:00,29.234,29.309,29.194,29.306,0
2024-06-17 09:00:00,29.304,29.55,29.245,29.373,0
2024-06-17 10:00:00,29.369,29.472,29.261,29.444,0
2024-06-17 11:00:00,29.447,29.471,29.075,29.163,0
2024-06-17 12:00:00,29.168,29.321,29.165,29.314,0
2024-06-17 13:00:00,29.316,29.366,29.279,29.354,0
2024-06-17 14:00:00,29.352,29.443,29.352,29.412,0
2024-06-17 15:00:00,29.411,29.487,29.399,29.459,0
2024-06-17 16:00:00,29.461,29.47,29.413,29.413,0
2024-06-17 18:00:00,29.437,29.513,29.437,29.506,0
2024-06-17 19:00:00,29.504,29.506,29.46,29.488,0
2024-06-17 20:00:00,29.487,29.666,29.484,29.587,0
2024-06-17 21:00:00,29.589,29.668,29.353,29.443,0
2024-06-17 22:00:00,29.445,29.568,29.37,29.494,0
2024-06-17 23:00:00,29.487,29.539,29.445,29.486,0
2024-06-18 00:00:00,29.486,29.502,29.41,29.429,0
2024-06-18 01:00:00,29.43,29.463,29.362,29.4,0
2024-06-18 02:00:00,29.404,29.431,29.285,29.336,0
2024-06-18 03:00:00,29.338,29.378,29.209,29.216,0
2024-06-18 04:00:00,29.217,29.218,29.075,29.128,0
2024-06-18 05:00:00,29.131,29.203,29.123,29.153,0
2024-06-18 06:00:00,29.154,29.19,29.049,29.106,0
2024-06-18 07:00:00,29.107,29.203,29.056,29.193,0
2024-06-18 08:00:00,29.191,29.268,28.912,28.957,0
2024-06-18 09:00:00,28.963,29.482,28.937,29.457,0
2024-06-18 10:00:00,29.454,29.501,29.321,29.347,0
2024-06-18 11:00:00,29.349,29.425,29.173,29.381,0
2024-06-18 12:00:00,29.381,29.506,29.377,29.485,0
2024-06-18 13:00:00,29.485,29.559,29.439,29.495,0
2024-06-18 14:00:00,29.493,29.568,29.446,29.556,0
2024-06-18 15:00:00,29.553,29.556,29.512,29.52,0
2024-06-18 16:00:00,29.518,29.553,29.517,29.523,0
2024-06-18 18:00:00,29.521,29.533,29.496,29.502,0
2024-06-18 19:00:00,29.5,29.519,29.466,29.514,0
2024-06-18 20:00:00,29.519,29.537,29.407,29.441,0
2024-06-18 21:00:00,29.441,29.538,29.349,29.479,0
2024-06-18 22:00:00,29.477,29.503,29.42,29.469,0
2024-06-18 23:00:00,29.469,29.521,29.395,29.415,0
2024-06-19 00:00:00,29.416,29.425,29.393,29.413,0
2024-06-19 01:00:00,29.41,29.435,29.363,29.409,0
2024-06-19 02:00:00,29.412,29.452,29.333,29.408,0
2024-06-19 03:00:00,29.408,29.574,29.399,29.569,0
2024-06-19 04:00:00,29.569,29.65,29.523,29.529,0
2024-06-19 05:00:00,29.528,29.551,29.47,29.506,0
2024-06-19 06:00:00,29.502,29.535,29.464,29.471,0
2024-06-19 07:00:00,29.47,29.578,29.434,29.494,0
2024-06-19 08:00:00,29.502,29.527,29.384,29.443,0
2024-06-19 09:00:00,29.444,29.659,29.38,29.508,0
2024-06-19 10:00:00,29.503,29.57,29.411,29.52,0
2024-06-19 11:00:00,29.523,29.657,29.515,29.648,0
2024-06-19 12:00:00,29.647,29.737,29.642,29.696,0
2024-06-19 13:00:00,29.691,29.78,29.681,29.746,0
2024-06-19 14:00:00,29.748,29.767,29.659,29.707,0
2024-06-19 18:00:00,29.753,29.789,29.519,29.768,0
2024-06-19 19:00:00,29.768,29.768,29.736,29.754,0
2024-06-19 20:00:00,29.759,29.839,29.739,29.838,0
2024-06-19 21:00:00,29.844,30.247,29.829,30.15,0
2024-06-19 22:00:00,30.149,30.205,30.085,30.113,0
2024-06-19 23:00:00,30.112,30.189,30.092,30.185,0
2024-06-20 00:00:00,30.189,30.363,30.174,30.353,0
2024-06-20 01:00:00,30.359,30.484,30.272,30.287,0
2024-06-20 02:00:00,30.289,30.389,30.261,30.27,0
2024-06-20 03:00:00,30.262,30.378,30.214,30.254,0
2024-06-20 04:00:00,30.248,30.265,30.152,30.166,0
2024-06-20 05:00:00,30.164,30.298,30.152,30.238,0
2024-06-20 06:00:00,30.237,30.297,30.204,30.24,0
2024-06-20 07:00:00,30.243,30.31,30.19,30.297,0
2024-06-20 08:00:00,30.299,30.391,30.069,30.103,0
2024-06-20 09:00:00,30.108,30.357,30.011,30.354,0
2024-06-20 10:00:00,30.356,30.747,30.32,30.713,0
2024-06-20 11:00:00,30.715,30.758,30.47,30.583,0
2024-06-20 12:00:00,30.581,30.758,30.538,30.724,0
2024-06-20 13:00:00,30.726,30.772,30.668,30.73,0
2024-06-20 14:00:00,30.731,30.783,30.679,30.706,0
2024-06-20 15:00:00,30.707,30.724,30.662,30.67,0
2024-06-20 16:00:00,30.672,30.73,30.651,30.72,0
2024-06-20 18:00:00,30.686,30.748,30.686,30.747,0
2024-06-20 19:00:00,30.747,30.786,30.736,30.754,0
2024-06-20 20:00:00,30.752,30.83,30.746,30.823,0
2024-06-20 21:00:00,30.823,30.843,30.459,30.52,0
2024-06-20 22:00:00,30.52,30.578,30.453,30.515,0
2024-06-20 23:00:00,30.515,30.608,30.487,30.606,0
2024-06-21 00:00:00,30.604,30.616,30.576,30.606,0
2024-06-21 01:00:00,30.604,30.669,30.581,30.636,0
2024-06-21 02:00:00,30.636,30.638,30.312,30.353,0
2024-06-21 03:00:00,30.351,30.39,30.225,30.354,0
2024-06-21 04:00:00,30.354,30.491,30.336,30.446,0
2024-06-21 05:00:00,30.445,30.487,30.359,30.416,0
2024-06-21 06:00:00,30.418,30.456,30.355,30.443,0
2024-06-21 07:00:00,30.439,30.559,30.413,30.536,0
2024-06-21 08:00:00,30.539,30.56,30.151,30.158,0
2024-06-21 09:00:00,30.16,30.31,29.663,29.818,0
2024-06-21 10:00:00,29.817,29.888,29.621,29.726,0
2024-06-21 11:00:00,29.732,29.82,29.527,29.713,0
2024-06-21 12:00:00,29.713,29.736,29.58,29.618,0
2024-06-21 13:00:00,29.623,29.623,29.525,29.538,0
2024-06-21 14:00:00,29.538,29.562,29.456,29.541,0
2024-06-21 15:00:00,29.546,29.567,29.507,29.523,0
2024-06-21 16:00:00,29.525,29.539,29.469,29.526,0
2024-06-23 18:00:00,29.518,29.532,29.445,29.466,0
2024-06-23 19:00:00,29.466,29.47,29.332,29.385,0
2024-06-23 20:00:00,29.386,29.472,29.33,29.443,0
2024-06-23 21:00:00,29.443,29.629,29.33,29.504,0
2024-06-23 22:00:00,29.507,29.547,29.385,29.531,0
2024-06-23 23:00:00,29.534,29.619,29.524,29.525,0
2024-06-24 00:00:00,29.533,29.583,29.52,29.545,0
2024-06-24 01:00:00,29.547,29.681,29.542,29.627,0
2024-06-24 02:00:00,29.627,29.631,29.473,29.534,0
2024-06-24 03:00:00,29.529,29.7,29.517,29.685,0
2024-06-24 04:00:00,29.68,29.715,29.633,29.681,0
2024-06-24 05:00:00,29.682,29.697,29.578,29.608,0
2024-06-24 06:00:00,29.604,29.633,29.564,29.565,0
2024-06-24 07:00:00,29.562,29.662,29.527,29.622,0
2024-06-24 08:00:00,29.614,29.638,29.497,29.569,0
2024-06-24 09:00:00,29.572,29.705,29.492,29.575,0
2024-06-24 10:00:00,29.568,29.662,29.534,29.586,0
2024-06-24 11:00:00,29.583,29.656,29.432,29.462,0
2024-06-24 12:00:00,29.454,29.529,29.421,29.522,0
2024-06-24 13:00:00,29.518,29.556,29.446,29.498,0
2024-06-24 14:00:00,29.497,29.608,29.495,29.598,0
2024-06-24 15:00:00,29.593,29.594,29.526,29.541,0
2024-06-24 16:00:00,29.527,29.571,29.508,29.508,0
2024-06-24 18:00:00,29.556,29.578,29.495,29.518,0
2024-06-24 19:00:00,29.518,29.538,29.49,29.532,0
2024-06-24 20:00:00,29.528,29.538,29.452,29.508,0
2024-06-24 21:00:00,29.508,29.568,29.238,29.405,0
2024-06-24 22:00:00,29.409,29.436,29.328,29.376,0
2024-06-24 23:00:00,29.371,29.505,29.371,29.438,0
2024-06-25 00:00:00,29.439,29.551,29.407,29.531,0
2024-06-25 01:00:00,29.522,29.657,29.46,29.505,0
2024-06-25 02:00:00,29.51,29.571,29.456,29.54,0
2024-06-25 03:00:00,29.542,29.575,29.426,29.452,0
2024-06-25 04:00:00,29.445,29.58,29.434,29.569,0
2024-06-25 05:00:00,29.567,29.601,29.543,29.594,0
2024-06-25 06:00:00,29.592,29.647,29.562,29.587,0
2024-06-25 07:00:00,29.586,29.597,29.38,29.484,0
2024-06-25 08:00:00,29.482,29.613,29.465,29.554,0
2024-06-25 09:00:00,29.554,29.554,29.104,29.232,0
2024-06-25 10:00:00,29.23,29.288,29.117,29.216,0
2024-06-25 11:00:00,29.217,29.255,28.885,29.023,0
2024-06-25 12:00:00,29.023,29.045,28.833,28.857,0
2024-06-25 13:00:00,28.862,28.916,28.83,28.886,0
2024-06-25 14:00:00,28.883,28.902,28.844,28.88,0
2024-06-25 15:00:00,28.871,28.925,28.866,28.899,0
2024-06-25 16:00:00,28.892,28.907,28.856,28.892,0
2024-06-25 18:00:00,28.871,28.969,28.871,28.896,0
2024-06-25 19:00:00,28.897,28.919,28.859,28.86,0
2024-06-25 20:00:00,28.862,28.917,28.805,28.837,0
2024-06-25 21:00:00,28.836,28.958,28.688,28.758,0
2024-06-25 22:00:00,28.757,28.943,28.757,28.9,0
2024-06-25 23:00:00,28.903,28.975,28.879,28.914,0
2024-06-26 00:00:00,28.909,28.93,28.868,28.895,0
2024-06-26 01:00:00,28.9,28.957,28.828,28.829,0
2024-06-26 02:00:00,28.837,28.977,28.769,28.939,0
2024-06-26 03:00:00,28.943,28.967,28.885,28.956,0
2024-06-26 04:00:00,28.97,28.999,28.903,28.969,0
2024-06-26 05:00:00,28.972,29.065,28.953,28.996,0
2024-06-26 06:00:00,29.003,29.008,28.852,28.853,0
2024-06-26 07:00:00,28.86,28.926,28.773,28.92,0
2024-06-26 08:00:00,28.923,29.048,28.845,28.858,0
2024-06-26 09:00:00,28.857,28.926,28.558,28.695,0
2024-06-26 10:00:00,28.696,28.859,28.679,28.836,0
2024-06-26 11:00:00,28.826,28.946,28.777,28.851,0
2024-06-26 12:00:00,28.858,28.939,28.843,28.893,0
2024-06-26 13:00:00,28.898,28.943,28.889,28.908,0
2024-06-26 14:00:00,28.908,28.914,28.761,28.774,0
2024-06-26 15:00:00,28.775,28.8,28.71,28.789,0
2024-06-26 16:00:00,28.785,28.79,28.747,28.756,0
2024-06-26 18:00:00,28.756,28.771,28.695,28.709,0
2024-06-26 19:00:00,28.708,28.71,28.667,28.709,0
2024-06-26 20:00:00,28.708,28.745,28.683,28.74,0
2024-06-26 21:00:00,28.75,28.821,28.702,28.743,0
2024-06-26 22:00:00,28.74,28.797,28.678,28.742,0
2024-06-26 23:00:00,28.735,28.781,28.716,28.763,0
2024-06-27 00:00:00,28.761,28.797,28.749,28.773,0
2024-06-27 01:00:00,28.777,28.795,28.678,28.698,0
2024-06-27 02:00:00,28.699,28.804,28.686,28.747,0
2024-06-27 03:00:00,28.741,28.781,28.678,28.759,0
2024-06-27 04:00:00,28.758,28.858,28.697,28.844,0
2024-06-27 05:00:00,28.844,28.938,28.828,28.88,0
2024-06-27 06:00:00,28.88,28.935,28.835,28.877,0
2024-06-27 07:00:00,28.875,28.917,28.844,28.911,0
2024-06-27 08:00:00,28.915,29.218,28.904,29.148,0
2024-06-27 09:00:00,29.149,29.242,28.926,29.028,0
2024-06-27 10:00:00,29.03,29.153,28.973,29.101,0
2024-06-27 11:00:00,29.1,29.107,28.943,28.986,0
2024-06-27 12:00:00,28.982,28.996,28.853,28.909,0
2024-06-27 13:00:00,28.911,28.969,28.901,28.948,0
2024-06-27 14:00:00,28.944,28.948,28.851,28.932,0
2024-06-27 15:00:00,28.936,28.965,28.916,28.943,0
2024-06-27 16:00:00,28.942,28.977,28.931,28.964,0
2024-06-27 18:00:00,28.956,28.959,28.927,28.953,0
2024-06-27 19:00:00,28.952,29.0,28.948,28.999,0
2024-06-27 20:00:00,28.996,29.001,28.85,28.853,0
2024-06-27 21:00:00,28.853,28.911,28.76,28.893,0
2024-06-27 22:00:00,28.892,29.14,28.875,29.112,0
2024-06-27 23:00:00,29.112,29.119,29.031,29.068,0
2024-06-28 00:00:00,29.064,29.071,28.971,29.015,0
2024-06-28 01:00:00,29.013,29.166,29.007,29.104,0
2024-06-28 02:00:00,29.113,29.239,29.089,29.216,0
2024-06-28 03:00:00,29.216,29.268,29.148,29.208,0
2024-06-28 04:00:00,29.206,29.29,29.164,29.258,0
2024-06-28 05:00:00,29.257,29.296,29.211,29.28,0
2024-06-28 06:00:00,29.285,29.37,29.259,29.345,0
2024-06-28 07:00:00,29.346,29.38,29.285,29.311,0
2024-06-28 08:00:00,29.309,29.503,29.286,29.478,0
2024-06-28 09:00:00,29.48,29.618,29.194,29.341,0
2024-06-28 10:00:00,29.342,29.417,29.07,29.253,0
2024-06-28 11:00:00,29.246,29.308,29.193,29.257,0
2024-06-28 12:00:00,29.26,29.302,29.15,29.248,0
2024-06-28 13:00:00,29.241,29.288,29.144,29.171,0
2024-06-28 14:00:00,29.169,29.187,29.106,29.115,0
2024-06-28 15:00:00,29.112,29.134,29.057,29.102,0
2024-06-28 16:00:00,29.1,29.138,29.061,29.122,0
2024-06-30 18:00:00,29.101,29.158,29.046,29.076,0
2024-06-30 19:00:00,29.073,29.121,29.066,29.086,0
2024-06-30 20:00:00,29.087,29.091,28.971,29.045,0
2024-06-30 21:00:00,29.045,29.162,28.958,29.108,0
2024-06-30 22:00:00,29.114,29.125,29.046,29.112,0
2024-06-30 23:00:00,29.111,29.162,29.077,29.093,0
2024-07-01 00:00:00,29.097,29.114,28.975,29.019,0
2024-07-01 01:00:00,29.019,29.06,28.948,29.053,0
2024-07-01 02:00:00,29.051,29.177,29.045,29.122,0
2024-07-01 03:00:00,29.121,29.147,29.063,29.067,0
2024-07-01 04:00:00,29.056,29.22,29.055,29.206,0
2024-07-01 05:00:00,29.201,29.247,29.143,29.184,0
2024-07-01 06:00:00,29.186,29.254,29.153,29.237,0
2024-07-01 07:00:00,29.24,29.317,29.199,29.307,0
2024-07-01 08:00:00,29.295,29.343,29.153,29.201,0
2024-07-01 09:00:00,29.197,29.472,29.16,29.284,0
2024-07-01 10:00:00,29.292,29.416,29.119,29.21,0
2024-07-01 11:00:00,29.214,29.288,29.158,29.249,0
2024-07-01 12:00:00,29.25,29.355,29.22,29.298,0
2024-07-01 13:00:00,29.298,29.334,29.268,29.29,0
2024-07-01 14:00:00,29.277,29.319,29.228,29.318,0
2024-07-01 15:00:00,29.316,29.426,29.316,29.403,0
2024-07-01 16:00:00,29.4,29.452,29.397,29.435,0
2024-07-01 18:00:00,29.433,29.486,29.413,29.415,0
2024-07-01 19:00:00,29.414,29.462,29.414,29.455,0
2024-07-01 20:00:00,29.451,29.471,29.371,29.383,0
2024-07-01 21:00:00,29.384,29.469,29.323,29.457,0
2024-07-01 22:00:00,29.46,29.469,29.358,29.373,0
2024-07-01 23:00:00,29.37,29.388,29.277,29.283,0
2024-07-02 00:00:00,29.278,29.298,29.25,29.279,0
2024-07-02 01:00:00,29.279,29.389,29.251,29.381,0
2024-07-02 02:00:00,29.386,29.426,29.298,29.384,0
2024-07-02 03:00:00,29.382,29.399,29.22,29.327,0
2024-07-02 04:00:00,29.321,29.362,29.247,29.339,0
2024-07-02 05:00:00,29.341,29.365,29.282,29.31,0
2024-07-02 06:00:00,29.314,29.351,29.242,29.323,0
2024-07-02 07:00:00,29.322,29.372,29.201,29.233,0
2024-07-02 08:00:00,29.239,29.561,29.191,29.551,0
2024-07-02 09:00:00,29.548,29.802,29.342,29.763,0
2024-07-02 10:00:00,29.763,29.813,29.482,29.623,0
2024-07-02 11:00:00,29.623,29.697,29.426,29.438,0
2024-07-02 12:00:00,29.439,29.447,29.306,29.338,0
2024-07-02 13:00:00,29.342,29.4,29.33,29.369,0
2024-07-02 14:00:00,29.377,29.51,29.374,29.488,0
2024-07-02 15:00:00,29.482,29.558,29.46,29.537,0
2024-07-02 16:00:00,29.536,29.544,29.482,29.512,0
2024-07-02 18:00:00,29.49,29.598,29.443,29.576,0
2024-07-02 19:00:00,29.574,29.588,29.559,29.576,0
2024-07-02 20:00:00,29.575,29.592,29.526,29.531,0
2024-07-02 21:00:00,29.533,29.619,29.491,29.577,0
2024-07-02 22:00:00,29.578,29.618,29.464,29.532,0
2024-07-02 23:00:00,29.529,29.633,29.515,29.625,0
2024-07-03 00:00:00,29.629,29.732,29.621,29.715,0
2024-07-03 01:00:00,29.713,29.747,29.626,29.651,0
2024-07-03 02:00:00,29.661,29.922,29.655,29.91,0
2024-07-03 03:00:00,29.906,30.165,29.864,30.135,0
2024-07-03 04:00:00,30.131,30.18,30.065,30.073,0
2024-07-03 05:00:00,30.077,30.094,29.999,30.061,0
2024-07-03 06:00:00,30.062,30.144,30.044,30.141,0
2024-07-03 07:00:00,30.138,30.204,30.059,30.154,0
2024-07-03 08:00:00,30.156,30.583,30.156,30.464,0
2024-07-03 09:00:00,30.463,30.487,30.218,30.355,0
2024-07-03 10:00:00,30.355,30.663,30.33,30.533,0
2024-07-03 11:00:00,30.533,30.58,30.423,30.562,0
2024-07-03 12:00:00,30.562,30.573,30.471,30.487,0
2024-07-03 13:00:00,30.473,30.557,30.465,30.497,0
2024-07-03 14:00:00,30.494,30.533,30.471,30.492,0
2024-07-03 15:00:00,30.489,30.497,30.41,30.44,0
2024-07-03 16:00:00,30.437,30.49,30.437,30.473,0
2024-07-03 18:00:00,30.475,30.514,30.423,30.504,0
2024-07-03 19:00:00,30.502,30.543,30.492,30.514,0
2024-07-03 20:00:00,30.519,30.544,30.455,30.517,0
2024-07-03 21:00:00,30.516,30.577,30.448,30.539,0
2024-07-03 22:00:00,30.528,30.538,30.366,30.407,0
2024-07-03 23:00:00,30.415,30.452,30.348,30.371,0
2024-07-04 00:00:00,30.366,30.435,30.361,30.419,0
2024-07-04 01:00:00,30.418,30.429,30.257,30.349,0
2024-07-04 02:00:00,30.344,30.361,30.191,30.297,0
2024-07-04 03:00:00,30.3,30.375,30.286,30.341,0
2024-07-04 04:00:00,30.341,30.427,30.331,30.406,0
2024-07-04 05:00:00,30.402,30.419,30.346,30.368,0
2024-07-04 06:00:00,30.365,30.401,30.339,30.364,0
2024-07-04 07:00:00,30.366,30.371,30.302,30.307,0
2024-07-04 08:00:00,30.312,30.336,30.241,30.261,0
2024-07-04 09:00:00,30.257,30.482,30.242,30.46,0
2024-07-04 10:00:00,30.457,30.518,30.351,30.369,0
2024-07-04 11:00:00,30.368,30.426,30.321,30.401,0
2024-07-04 12:00:00,30.401,30.431,30.367,30.426,0
2024-07-04 13:00:00,30.422,30.43,30.363,30.383,0
2024-07-04 14:00:00,30.384,30.393,30.12,30.122,0
2024-07-04 18:00:00,30.374,30.385,30.312,30.374,0
2024-07-04 19:00:00,30.37,30.376,30.335,30.36,0
2024-07-04 20:00:00,30.36,30.462,30.345,30.452,0
2024-07-04 21:00:00,30.457,30.542,30.389,30.481,0
2024-07-04 22:00:00,30.482,30.593,30.471,30.5,0
2024-07-04 23:00:00,30.491,30.551,30.47,30.537,0
2024-07-05 00:00:00,30.535,30.579,30.526,30.579,0
2024-07-05 01:00:00,30.579,30.624,30.504,30.611,0
2024-07-05 02:00:00,30.614,30.686,30.546,30.572,0
2024-07-05 03:00:00,30.579,30.624,30.493,30.577,0
2024-07-05 04:00:00,30.58,30.612,30.546,30.557,0
2024-07-05 05:00:00,30.558,30.588,30.503,30.524,0
2024-07-05 06:00:00,30.521,30.632,30.505,30.591,0
2024-07-05 07:00:00,30.595,30.617,30.535,30.608,0
2024-07-05 08:00:00,30.604,30.796,29.9,30.731,0
2024-07-05 09:00:00,30.733,30.995,30.608,30.916,0
2024-07-05 10:00:00,30.916,31.113,30.74,31.023,0
2024-07-05 11:00:00,31.018,31.383,30.969,31.375,0
2024-07-05 12:00:00,31.373,31.457,31.304,31.454,0
2024-07-05 13:00:00,31.458,31.481,31.174,31.22,0
2024-07-05 14:00:00,31.223,31.386,31.196,31.332,0
2024-07-05 15:00:00,31.336,31.385,31.184,31.207,0
2024-07-05 16:00:00,31.2,31.227,31.131,31.21,0
2024-07-07 18:00:00,31.133,31.257,31.083,31.096,0
2024-07-07 19:00:00,31.101,31.132,31.072,31.1,0
2024-07-07 20:00:00,31.098,31.204,31.074,31.171,0
2024-07-07 21:00:00,31.167,31.361,31.107,31.204,0
2024-07-07 22:00:00,31.201,31.211,30.986,31.039,0
2024-07-07 23:00:00,31.038,31.108,30.972,31.053,0
2024-07-08 00:00:00,31.054,31.085,31.015,31.085,0
2024-07-08 01:00:00,31.088,31.102,30.935,30.976,0
2024-07-08 02:00:00,30.974,30.981,30.812,30.885,0
2024-07-08 03:00:00,30.885,31.034,30.882,30.959,0
2024-07-08 04:00:00,30.961,30.988,30.882,30.913,0
2024-07-08 05:00:00,30.905,30.994,30.866,30.94,0
2024-07-08 06:00:00,30.94,31.004,30.93,30.985,0
2024-07-08 07:00:00,30.984,31.065,30.968,31.064,0
2024-07-08 08:00:00,31.057,31.104,30.949,31.01,0
2024-07-08 09:00:00,31.009,31.137,30.94,31.1,0
2024-07-08 10:00:00,31.093,31.218,31.032,31.067,0
2024-07-08 11:00:00,31.069,31.096,30.545,30.634,0
2024-07-08 12:00:00,30.626,30.697,30.422,30.663,0
2024-07-08 13:00:00,30.672,30.686,30.58,30.672,0
2024-07-08 14:00:00,30.671,30.682,30.579,30.618,0
2024-07-08 15:00:00,30.618,30.811,30.618,30.794,0
2024-07-08 16:00:00,30.792,30.806,30.72,30.74,0
2024-07-08 18:00:00,30.731,30.8,30.726,30.798,0
2024-07-08 19:00:00,30.797,30.866,30.797,30.847,0
2024-07-08 20:00:00,30.844,30.882,30.793,30.798,0
2024-07-08 21:00:00,30.811,30.973,30.79,30.885,0
2024-07-08 22:00:00,30.883,30.948,30.787,30.874,0
2024-07-08 23:00:00,30.873,30.976,30.857,30.971,0
2024-07-09 00:00:00,30.972,30.979,30.903,30.964,0
2024-07-09 01:00:00,30.962,31.061,30.936,30.999,0
2024-07-09 02:00:00,31.001,31.098,30.974,31.036,0
2024-07-09 03:00:00,31.037,31.046,30.952,30.969,0
2024-07-09 04:00:00,30.969,31.02,30.931,30.991,0
2024-07-09 05:00:00,30.994,31.089,30.987,31.067,0
2024-07-09 06:00:00,31.067,31.14,31.042,31.088,0
2024-07-09 07:00:00,31.09,31.09,30.912,31.023,0
2024-07-09 08:00:00,31.023,31.073,30.803,30.929,0
2024-07-09 09:00:00,30.928,31.122,30.87,31.023,0
2024-07-09 10:00:00,31.004,31.121,30.661,30.712,0
2024-07-09 11:00:00,30.716,30.782,30.497,30.762,0
2024-07-09 12:00:00,30.763,30.824,30.716,30.764,0
2024-07-09 13:00:00,30.765,30.804,30.712,30.763,0
2024-07-09 14:00:00,30.761,30.843,30.742,30.827,0
2024-07-09 15:00:00,30.83,30.846,30.758,30.789,0
2024-07-09 16:00:00,30.79,30.809,30.773,30.773,0
2024-07-09 18:00:00,30.75,30.807,30.505,30.807,0
2024-07-09 19:00:00,30.807,30.822,30.787,30.793,0
2024-07-09 20:00:00,30.79,30.799,30.743,30.763,0
2024-07-09 21:00:00,30.764,30.935,30.743,30.897,0
2024-07-09 22:00:00,30.897,30.97,30.859,30.955,0
2024-07-09 23:00:00,30.958,30.967,30.805,30.811,0
2024-07-10 00:00:00,30.809,30.812,30.72,30.791,0
2024-07-10 01:00:00,30.794,30.813,30.659,30.747,0
2024-07-10 02:00:00,30.747,30.87,30.679,30.845,0
2024-07-10 03:00:00,30.847,30.965,30.846,30.921,0
2024-07-10 04:00:00,30.918,31.003,30.883,30.969,0
2024-07-10 05:00:00,30.965,31.017,30.939,30.951,0
2024-07-10 06:00:00,30.951,30.999,30.904,30.91,0
2024-07-10 07:00:00,30.903,31.063,30.901,31.047,0
2024-07-10 08:00:00,31.047,31.1,30.953,30.968,0
2024-07-10 09:00:00,30.968,31.157,30.911,31.089,0
2024-07-10 10:00:00,31.081,31.126,30.789,30.794,0
2024-07-10 11:00:00,30.793,30.966,30.755,30.89,0
2024-07-10 12:00:00,30.891,30.95,30.837,30.849,0
2024-07-10 13:00:00,30.853,30.876,30.635,30.796,0
2024-07-10 14:00:00,30.797,30.815,30.73,30.799,0
2024-07-10 15:00:00,30.797,30.829,30.768,30.819,0
2024-07-10 16:00:00,30.821,30.838,30.791,30.798,0
2024-07-10 18:00:00,30.781,30.847,30.633,30.841,0
2024-07-10 19:00:00,30.834,30.85,30.824,30.85,0
2024-07-10 20:00:00,30.85,30.885,30.806,30.876,0
2024-07-10 21:00:00,30.875,30.958,30.861,30.936,0
2024-07-10 22:00:00,30.935,30.982,30.91,30.929,0
2024-07-10 23:00:00,30.929,31.022,30.909,31.005,0
2024-07-11 00:00:00,31.005,31.036,31.001,31.032,0
2024-07-11 01:00:00,31.031,31.083,31.018,31.073,0
2024-07-11 02:00:00,31.073,31.097,30.931,31.028,0
2024-07-11 03:00:00,31.022,31.027,30.864,30.913,0
2024-07-11 04:00:00,30.92,30.996,30.885,30.982,0
2024-07-11 05:00:00,30.984,31.073,30.98,31.054,0
2024-07-11 06:00:00,31.057,31.057,30.957,31.018,0
2024-07-11 07:00:00,31.013,31.024,30.867,30.91,0
2024-07-11 08:00:00,30.908,31.744,30.874,31.64,0
2024-07-11 09:00:00,31.643,31.74,31.181,31.473,0
2024-07-11 10:00:00,31.48,31.566,31.263,31.539,0
2024-07-11 11:00:00,31.544,31.664,31.394,31.402,0
2024-07-11 12:00:00,31.401,31.45,31.304,31.322,0
2024-07-11 13:00:00,31.321,31.47,31.274,31.416,0
2024-07-11 14:00:00,31.41,31.47,31.388,31.455,0
2024-07-11 15:00:00,31.455,31.512,31.427,31.427,0
2024-07-11 16:00:00,31.427,31.449,31.354,31.443,0
2024-07-11 18:00:00,31.425,31.433,31.341,31.376,0
2024-07-11 19:00:00,31.373,31.394,31.343,31.389,0
2024-07-11 20:00:00,31.387,31.394,31.28,31.313,0
2024-07-11 21:00:00,31.309,31.375,31.137,31.213,0
2024-07-11 22:00:00,31.216,31.322,31.174,31.278,0
2024-07-11 23:00:00,31.281,31.281,31.145,31.183,0
2024-07-12 00:00:00,31.183,31.219,31.169,31.171,0
2024-07-12 01:00:00,31.174,31.188,30.923,31.016,0
2024-07-12 02:00:00,31.014,31.018,30.742,30.81,0
2024-07-12 03:00:00,30.819,30.821,30.645,30.729,0
2024-07-12 04:00:00,30.73,30.865,30.712,30.859,0
2024-07-12 05:00:00,30.866,30.871,30.751,30.791,0
2024-07-12 06:00:00,30.793,30.812,30.648,30.71,0
2024-07-12 07:00:00,30.71,30.779,30.674,30.727,0
2024-07-12 08:00:00,30.727,30.785,30.373,30.505,0
2024-07-12 09:00:00,30.51,30.793,30.51,30.745,0
2024-07-12 10:00:00,30.746,30.968,30.746,30.929,0
2024-07-12 11:00:00,30.933,30.976,30.865,30.9,0
2024-07-12 12:00:00,30.896,30.995,30.895,30.942,0
2024-07-12 13:00:00,30.938,30.963,30.854,30.958,0
2024-07-12 14:00:00,30.955,30.962,30.848,30.857,0
2024-07-12 15:00:00,30.855,30.866,30.747,30.782,0
2024-07-12 16:00:00,30.767,30.791,30.722,30.775,0
2024-07-14 18:00:00,30.761,30.813,30.524,30.598,0
2024-07-14 19:00:00,30.596,30.624,30.547,30.618,0
2024-07-14 20:00:00,30.621,30.712,30.546,30.68,0
2024-07-14 21:00:00,30.688,30.87,30.595,30.86,0
2024-07-14 22:00:00,30.862,30.938,30.819,30.833,0
2024-07-14 23:00:00,30.83,30.935,30.805,30.924,0
2024-07-15 00:00:00,30.926,31.0,30.917,30.923,0
2024-07-15 01:00:00,30.922,30.991,30.782,30.797,0
2024-07-15 02:00:00,30.802,30.807,30.623,30.628,0
2024-07-15 03:00:00,30.627,30.706,30.575,30.697,0
2024-07-15 04:00:00,30.7,30.718,30.637,30.71,0
2024-07-15 05:00:00,30.707,30.719,30.664,30.689,0
2024-07-15 06:00:00,30.69,30.78,30.664,30.724,0
2024-07-15 07:00:00,30.723,30.825,30.721,30.778,0
2024-07-15 08:00:00,30.772,30.792,30.582,30.651,0
2024-07-15 09:00:00,30.653,30.82,30.509,30.808,0
2024-07-15 10:00:00,30.799,31.018,30.753,31.013,0
2024-07-15 11:00:00,31.016,31.081,30.889,30.942,0
2024-07-15 12:00:00,30.93,31.089,30.82,30.824,0
2024-07-15 13:00:00,30.825,30.829,30.598,30.67,0
2024-07-15 14:00:00,30.673,30.731,30.617,30.693,0
2024-07-15 15:00:00,30.685,30.699,30.644,30.675,0
2024-07-15 16:00:00,30.681,30.693,30.65,30.662,0
2024-07-15 18:00:00,30.652,30.674,30.598,30.608,0
2024-07-15 19:00:00,30.607,30.644,30.582,30.609,0
2024-07-15 20:00:00,30.602,30.618,30.547,30.595,0
2024-07-15 21:00:00,30.599,30.775,30.584,30.744,0
2024-07-15 22:00:00,30.743,30.853,30.721,30.83,0
2024-07-15 23:00:00,30.828,30.865,30.77,30.809,0
2024-07-16 00:00:00,30.806,30.812,30.726,30.77,0
2024-07-16 01:00:00,30.772,30.854,30.733,30.85,0
2024-07-16 02:00:00,30.845,30.864,30.76,30.842,0
2024-07-16 03:00:00,30.839,30.874,30.748,30.797,0
2024-07-16 04:00:00,30.791,30.806,30.66,30.744,0
2024-07-16 05:00:00,30.752,30.899,30.733,30.87,0
2024-07-16 06:00:00,30.878,30.896,30.851,30.858,0
2024-07-16 07:00:00,30.86,30.903,30.766,30.798,0
2024-07-16 08:00:00,30.798,30.893,30.471,30.589,0
2024-07-16 09:00:00,30.593,30.956,30.542,30.809,0
2024-07-16 10:00:00,30.811,31.049,30.723,31.019,0
2024-07-16 11:00:00,31.019,31.394,31.019,31.327,0
2024-07-16 12:00:00,31.326,31.347,31.109,31.203,0
2024-07-16 13:00:00,31.203,31.334,31.165,31.26,0
2024-07-16 14:00:00,31.261,31.307,31.221,31.276,0
2024-07-16 15:00:00,31.273,31.325,31.25,31.312,0
2024-07-16 16:00:00,31.313,31.335,31.229,31.229,0
2024-07-16 18:00:00,31.228,31.266,31.206,31.248,0
2024-07-16 19:00:00,31.249,31.265,31.198,31.256,0
2024-07-16 20:00:00,31.26,31.321,31.201,31.293,0
2024-07-16 21:00:00,31.286,31.422,31.222,31.302,0
2024-07-16 22:00:00,31.306,31.388,31.12,31.265,0
2024-07-16 23:00:00,31.263,31.266,31.013,31.079,0
2024-07-17 00:00:00,31.079,31.133,31.04,31.055,0
2024-07-17 01:00:00,31.055,31.107,30.873,30.883,0
2024-07-17 02:00:00,30.882,30.901,30.764,30.839,0
2024-07-17 03:00:00,30.838,30.936,30.714,30.925,0
2024-07-17 04:00:00,30.925,30.997,30.853,30.963,0
2024-07-17 05:00:00,30.975,30.976,30.85,30.944,0
2024-07-17 06:00:00,30.939,31.016,30.881,30.89,0
2024-07-17 07:00:00,30.903,31.043,30.884,30.973,0
2024-07-17 08:00:00,30.973,31.026,30.876,30.936,0
2024-07-17 09:00:00,30.945,31.056,30.769,31.028,0
2024-07-17 10:00:00,31.033,31.042,30.295,30.335,0
2024-07-17 11:00:00,30.339,30.397,30.146,30.294,0
2024-07-17 12:00:00,30.302,30.33,30.03,30.135,0
2024-07-17 13:00:00,30.141,30.221,30.095,30.153,0
2024-07-17 14:00:00,30.151,30.26,30.131,30.243,0
2024-07-17 15:00:00,30.24,30.308,30.24,30.286,0
2024-07-17 16:00:00,30.288,30.325,30.267,30.287,0
2024-07-17 18:00:00,30.253,30.383,30.198,30.366,0
2024-07-17 19:00:00,30.364,30.397,30.335,30.38,0
2024-07-17 20:00:00,30.374,30.387,30.286,30.297,0
2024-07-17 21:00:00,30.289,30.393,30.228,30.367,0
2024-07-17 22:00:00,30.365,30.384,30.29,30.371,0
2024-07-17 23:00:00,30.367,30.443,30.347,30.402,0
2024-07-18 00:00:00,30.402,30.413,30.348,30.349,0
2024-07-18 01:00:00,30.354,30.468,30.338,30.405,0
2024-07-18 02:00:00,30.406,30.528,30.352,30.526,0
2024-07-18 03:00:00,30.526,30.542,30.462,30.494,0
2024-07-18 04:00:00,30.494,30.513,30.421,30.484,0
2024-07-18 05:00:00,30.488,30.588,30.484,30.531,0
2024-07-18 06:00:00,30.529,30.534,30.394,30.458,0
2024-07-18 07:00:00,30.463,30.482,30.355,30.363,0
2024-07-18 08:00:00,30.367,30.453,30.33,30.368,0
2024-07-18 09:00:00,30.366,30.433,30.271,30.357,0
2024-07-18 10:00:00,30.357,30.426,30.083,30.29,0
2024-07-18 11:00:00,30.288,30.288,29.992,30.002,0
2024-07-18 12:00:00,29.991,30.065,29.871,30.03,0
2024-07-18 13:00:00,30.027,30.1,29.966,30.018,0
2024-07-18 14:00:00,30.019,30.025,29.865,29.91,0
2024-07-18 15:00:00,29.907,29.919,29.732,29.785,0
2024-07-18 16:00:00,29.784,29.844,29.76,29.804,0
2024-07-18 18:00:00,29.76,29.831,29.752,29.764,0
2024-07-18 19:00:00,29.761,29.814,29.72,29.721,0
2024-07-18 20:00:00,29.718,29.726,29.486,29.685,0
2024-07-18 21:00:00,29.68,29.689,29.369,29.469,0
2024-07-18 22:00:00,29.475,29.639,29.46,29.602,0
2024-07-18 23:00:00,29.601,29.671,29.558,29.656,0
2024-07-19 00:00:00,29.656,29.673,29.552,29.58,0
2024-07-19 01:00:00,29.584,29.591,29.452,29.496,0
2024-07-19 02:00:00,29.504,29.516,29.321,29.36,0
2024-07-19 03:00:00,29.365,29.39,29.175,29.279,0
2024-07-19 04:00:00,29.281,29.364,29.22,29.335,0
2024-07-19 05:00:00,29.336,29.34,29.182,29.252,0
2024-07-19 06:00:00,29.245,29.255,29.118,29.162,0
2024-07-19 07:00:00,29.163,29.228,29.031,29.076,0
2024-07-19 08:00:00,29.079,29.093,28.935,29.047,0
2024-07-19 09:00:00,29.047,29.176,28.859,29.139,0
2024-07-19 10:00:00,29.131,29.233,29.02,29.096,0
2024-07-19 11:00:00,29.095,29.281,29.083,29.217,0
2024-07-19 12:00:00,29.218,29.229,29.087,29.129,0
2024-07-19 13:00:00,29.129,29.173,29.065,29.121,0
2024-07-19 14:00:00,29.117,29.185,29.111,29.176,0
2024-07-19 15:00:00,29.176,29.236,29.164,29.212,0
2024-07-19 16:00:00,29.208,29.226,29.036,29.212,0
2024-07-21 18:00:00,29.188,29.403,29.146,29.403,0
2024-07-21 19:00:00,29.398,29.42,29.345,29.408,0
2024-07-21 20:00:00,29.407,29.41,29.278,29.293,0
2024-07-21 21:00:00,29.283,29.384,29.177,29.187,0
2024-07-21 22:00:00,29.177,29.189,29.051,29.149,0
2024-07-21 23:00:00,29.15,29.211,29.13,29.132,0
2024-07-22 00:00:00,29.132,29.134,29.059,29.111,0
2024-07-22 01:00:00,29.104,29.148,29.044,29.053,0
2024-07-22 02:00:00,29.051,29.087,28.973,29.004,0
2024-07-22 03:00:00,29.005,29.072,28.893,29.032,0
2024-07-22 04:00:00,29.031,29.13,28.998,29.083,0
2024-07-22 05:00:00,29.079,29.12,29.024,29.102,0
2024-07-22 06:00:00,29.104,29.132,29.047,29.05,0
2024-07-22 07:00:00,29.048,29.069,28.875,28.88,0
2024-07-22 08:00:00,28.884,28.956,28.734,28.799,0
2024-07-22 09:00:00,28.802,29.021,28.787,28.869,0
2024-07-22 10:00:00,28.869,29.007,28.798,28.953,0
2024-07-22 11:00:00,28.953,29.021,28.912,28.964,0
2024-07-22 12:00:00,28.966,29.113,28.966,29.088,0
2024-07-22 13:00:00,29.085,29.153,29.064,29.074,0
2024-07-22 14:00:00,29.077,29.145,29.037,29.116,0
2024-07-22 15:00:00,29.115,29.187,29.084,29.171,0
2024-07-22 16:00:00,29.167,29.171,29.095,29.112,0
2024-07-22 18:00:00,29.085,29.123,29.018,29.024,0
2024-07-22 19:00:00,29.025,29.065,29.024,29.063,0
2024-07-22 20:00:00,29.068,29.134,29.03,29.128,0
2024-07-22 21:00:00,29.132,29.294,29.109,29.167,0
2024-07-22 22:00:00,29.164,29.169,28.985,29.015,0
2024-07-22 23:00:00,29.017,29.028,28.954,29.018,0
2024-07-23 00:00:00,29.012,29.032,28.948,28.971,0
2024-07-23 01:00:00,28.972,28.981,28.855,28.901,0
2024-07-23 02:00:00,28.905,28.927,28.65,28.723,0
2024-07-23 03:00:00,28.724,28.85,28.674,28.825,0
2024-07-23 04:00:00,28.832,28.995,28.807,28.937,0
2024-07-23 05:00:00,28.943,29.062,28.927,29.03,0
2024-07-23 06:00:00,29.026,29.071,28.99,29.057,0
2024-07-23 07:00:00,29.06,29.139,29.006,29.047,0
2024-07-23 08:00:00,29.053,29.087,28.968,29.003,0
2024-07-23 09:00:00,29.008,29.066,28.921,29.003,0
2024-07-23 10:00:00,29.005,29.203,28.981,29.022,0
2024-07-23 11:00:00,29.022,29.093,28.97,29.087,0
2024-07-23 12:00:00,29.083,29.135,29.038,29.11,0
2024-07-23 13:00:00,29.11,29.156,29.071,29.114,0
2024-07-23 14:00:00,29.113,29.143,29.084,29.13,0
2024-07-23 15:00:00,29.123,29.222,29.123,29.206,0
2024-07-23 16:00:00,29.204,29.238,29.171,29.22,0
2024-07-23 18:00:00,29.219,29.224,29.15,29.188,0
2024-07-23 19:00:00,29.183,29.213,29.159,29.188,0
2024-07-23 20:00:00,29.189,29.232,29.183,29.198,0
2024-07-23 21:00:00,29.207,29.246,29.06,29.142,0
2024-07-23 22:00:00,29.145,29.335,29.106,29.299,0
2024-07-23 23:00:00,29.304,29.358,29.277,29.296,0
2024-07-24 00:00:00,29.298,29.311,29.204,29.298,0
2024-07-24 01:00:00,29.298,29.312,29.223,29.268,0
2024-07-24 02:00:00,29.265,29.364,29.227,29.319,0
2024-07-24 03:00:00,29.32,29.327,29.18,29.238,0
2024-07-24 04:00:00,29.241,29.247,29.169,29.195,0
2024-07-24 05:00:00,29.197,29.247,29.14,29.237,0
2024-07-24 06:00:00,29.234,29.308,29.231,29.288,0
2024-07-24 07:00:00,29.294,29.38,29.25,29.357,0
2024-07-24 08:00:00,29.352,29.383,29.226,29.363,0
2024-07-24 09:00:00,29.361,29.444,29.209,29.259,0
2024-07-24 10:00:00,29.26,29.409,29.17,29.385,0
2024-07-24 11:00:00,29.387,29.436,29.274,29.285,0
2024-07-24 12:00:00,29.28,29.288,29.161,29.191,0
2024-07-24 13:00:00,29.195,29.201,29.011,29.029,0
2024-07-24 14:00:00,29.033,29.047,28.969,29.005,0
2024-07-24 15:00:00,29.005,29.013,28.925,28.937,0
2024-07-24 16:00:00,28.934,28.945,28.877,28.9,0
2024-07-24 18:00:00,28.847,28.882,28.79,28.856,0
2024-07-24 19:00:00,28.856,28.906,28.846,28.879,0
2024-07-24 20:00:00,28.885,28.888,28.796,28.85,0
2024-07-24 21:00:00,28.854,28.902,28.178,28.285,0
2024-07-24 22:00:00,28.284,28.287,27.874,27.99,0
2024-07-24 23:00:00,27.99,27.997,27.788,27.9,0
2024-07-25 00:00:00,27.9,27.955,27.849,27.941,0
2024-07-25 01:00:00,27.941,27.975,27.725,27.958,0
2024-07-25 02:00:00,27.967,28.107,27.901,27.979,0
2024-07-25 03:00:00,27.974,27.99,27.862,27.908,0
2024-07-25 04:00:00,27.906,28.029,27.9,27.99,0
2024-07-25 05:00:00,27.98,27.987,27.773,27.893,0
2024-07-25 06:00:00,27.892,28.016,27.839,27.966,0
2024-07-25 07:00:00,27.97,27.995,27.495,27.556,0
2024-07-25 08:00:00,27.559,27.706,27.398,27.622,0
2024-07-25 09:00:00,27.625,27.8,27.558,27.695,0
2024-07-25 10:00:00,27.695,27.958,27.603,27.935,0
2024-07-25 11:00:00,27.935,27.974,27.822,27.9,0
2024-07-25 12:00:00,27.889,27.967,27.816,27.879,0
2024-07-25 13:00:00,27.886,27.94,27.725,27.809,0
2024-07-25 14:00:00,27.812,27.883,27.768,27.774,0
2024-07-25 15:00:00,27.768,27.877,27.753,27.825,0
2024-07-25 16:00:00,27.824,27.845,27.758,27.827,0
2024-07-25 18:00:00,27.818,27.845,27.797,27.839,0
2024-07-25 19:00:00,27.839,27.861,27.803,27.824,0
2024-07-25 20:00:00,27.829,27.883,27.822,27.83,0
2024-07-25 21:00:00,27.832,28.064,27.604,28.033,0
2024-07-25 22:00:00,28.036,28.046,27.899,27.91,0
2024-07-25 23:00:00,27.908,27.97,27.774,27.777,0
2024-07-26 00:00:00,27.776,27.803,27.695,27.7,0
2024-07-26 01:00:00,27.696,27.889,27.654,27.863,0
2024-07-26 02:00:00,27.866,27.866,27.642,27.697,0
2024-07-26 03:00:00,27.696,27.731,27.575,27.668,0
2024-07-26 04:00:00,27.663,27.772,27.66,27.762,0
2024-07-26 05:00:00,27.767,27.803,27.713,27.775,0
2024-07-26 06:00:00,27.776,27.802,27.731,27.737,0
2024-07-26 07:00:00,27.736,27.79,27.707,27.753,0
2024-07-26 08:00:00,27.751,27.929,27.612,27.831,0
2024-07-26 09:00:00,27.832,27.895,27.675,27.738,0
2024-07-26 10:00:00,27.723,27.861,27.599,27.691,0
2024-07-26 11:00:00,27.686,27.826,27.617,27.806,0
2024-07-26 12:00:00,27.809,27.95,27.781,27.931,0
2024-07-26 13:00:00,27.937,27.94,27.775,27.799,0
2024-07-26 14:00:00,27.798,27.84,27.772,27.794,0
2024-07-26 15:00:00,27.789,27.898,27.755,27.893,0
2024-07-26 16:00:00,27.895,27.936,27.863,27.897,0
2024-07-28 18:00:00,27.886,28.126,27.854,28.071,0
2024-07-28 19:00:00,28.072,28.128,28.049,28.11,0
2024-07-28 20:00:00,28.106,28.177,28.09,28.099,0
2024-07-28 21:00:00,28.122,28.186,27.883,27.946,0
2024-07-28 22:00:00,27.945,28.014,27.905,27.964,0
2024-07-28 23:00:00,27.966,28.096,27.927,28.085,0
2024-07-29 00:00:00,28.085,28.106,28.047,28.087,0
2024-07-29 01:00:00,28.088,28.126,28.011,28.081,0
2024-07-29 02:00:00,28.081,28.167,27.989,28.021,0
2024-07-29 03:00:00,28.026,28.043,27.951,28.002,0
2024-07-29 04:00:00,28.001,28.053,27.924,28.046,0
2024-07-29 05:00:00,28.042,28.14,28.015,28.134,0
2024-07-29 06:00:00,28.135,28.169,28.074,28.129,0
2024-07-29 07:00:00,28.125,28.135,28.012,28.024,0
2024-07-29 08:00:00,28.021,28.072,27.928,28.038,0
2024-07-29 09:00:00,28.034,28.048,27.84,27.921,0
2024-07-29 10:00:00,27.926,27.958,27.558,27.62,0
2024-07-29 11:00:00,27.625,27.625,27.296,27.548,0
2024-07-29 12:00:00,27.554,27.626,27.517,27.594,0
2024-07-29 13:00:00,27.593,27.769,27.574,27.695,0
2024-07-29 14:00:00,27.695,27.752,27.667,27.734,0
2024-07-29 15:00:00,27.735,27.905,27.725,27.865,0
2024-07-29 16:00:00,27.866,27.881,27.822,27.854,0
2024-07-29 18:00:00,27.865,27.894,27.804,27.893,0
2024-07-29 19:00:00,27.889,27.893,27.803,27.811,0
2024-07-29 20:00:00,27.816,27.831,27.76,27.791,0
2024-07-29 21:00:00,27.791,27.801,27.619,27.687,0
2024-07-29 22:00:00,27.687,27.886,27.637,27.818,0
2024-07-29 23:00:00,27.821,27.859,27.776,27.83,0
2024-07-30 00:00:00,27.832,27.931,27.831,27.901,0
2024-07-30 01:00:00,27.901,27.974,27.834,27.905,0
2024-07-30 02:00:00,27.907,27.98,27.847,27.931,0
2024-07-30 03:00:00,27.931,27.965,27.896,27.931,0
2024-07-30 04:00:00,27.931,27.989,27.838,27.856,0
2024-07-30 05:00:00,27.858,27.86,27.79,27.806,0
2024-07-30 06:00:00,27.807,27.925,27.792,27.887,0
2024-07-30 07:00:00,27.889,27.899,27.761,27.778,0
2024-07-30 08:00:00,27.784,27.891,27.751,27.82,0
2024-07-30 09:00:00,27.816,28.08,27.779,27.958,0
2024-07-30 10:00:00,27.957,28.128,27.596,28.018,0
2024-07-30 11:00:00,28.013,28.079,27.904,27.968,0
2024-07-30 12:00:00,27.966,28.217,27.952,28.17,0
2024-07-30 13:00:00,28.168,28.405,28.156,28.316,0
2024-07-30 14:00:00,28.307,28.355,28.277,28.304,0
2024-07-30 15:00:00,28.3,28.361,28.276,28.297,0
2024-07-30 16:00:00,28.292,28.4,28.289,28.367,0
2024-07-30 18:00:00,28.377,28.403,28.319,28.326,0
2024-07-30 19:00:00,28.329,28.36,28.311,28.343,0
2024-07-30 20:00:00,28.339,28.389,28.295,28.384,0
2024-07-30 21:00:00,28.376,28.542,28.23,28.491,0
2024-07-30 22:00:00,28.486,28.505,28.387,28.479,0
2024-07-30 23:00:00,28.468,28.623,28.467,28.586,0
2024-07-31 00:00:00,28.591,28.609,28.541,28.594,0
2024-07-31 01:00:00,28.597,28.684,28.538,28.566,0
2024-07-31 02:00:00,28.569,28.649,28.535,28.579,0
2024-07-31 03:00:00,28.58,28.605,28.496,28.546,0
2024-07-31 04:00:00,28.547,28.603,28.45,28.574,0
2024-07-31 05:00:00,28.573,28.577,28.5,28.554,0
2024-07-31 06:00:00,28.552,28.616,28.536,28.563,0
2024-07-31 07:00:00,28.561,28.682,28.541,28.678,0
2024-07-31 08:00:00,28.683,28.746,28.601,28.631,0
2024-07-31 09:00:00,28.631,28.874,28.58,28.806,0
2024-07-31 10:00:00,28.808,28.859,28.664,28.737,0
2024-07-31 11:00:00,28.736,28.817,28.696,28.78,0
2024-07-31 12:00:00,28.777,28.827,28.737,28.754,0
2024-07-31 13:00:00,28.758,28.807,28.642,28.693,0
2024-07-31 14:00:00,28.688,28.892,28.558,28.845,0
2024-07-31 15:00:00,28.845,29.03,28.77,28.92,0
2024-07-31 16:00:00,28.92,29.022,28.91,28.997,0
2024-07-31 18:00:00,28.979,29.076,28.978,29.068,0
2024-07-31 19:00:00,29.063,29.087,29.02,29.034,0
2024-07-31 20:00:00,29.032,29.1,29.011,29.028,0
2024-07-31 21:00:00,29.027,29.151,28.98,29.023,0
2024-07-31 22:00:00,29.018,29.033,28.776,28.825,0
2024-07-31 23:00:00,28.817,28.895,28.776,28.887,0
2024-08-01 00:00:00,28.882,28.959,28.84,28.854,0
2024-08-01 01:00:00,28.851,28.981,28.849,28.938,0
2024-08-01 02:00:00,28.942,28.996,28.817,28.945,0
2024-08-01 03:00:00,28.94,28.943,28.801,28.809,0
2024-08-01 04:00:00,28.809,28.825,28.719,28.773,0
2024-08-01 05:00:00,28.772,28.881,28.769,28.855,0
2024-08-01 06:00:00,28.848,28.902,28.83,28.877,0
2024-08-01 07:00:00,28.875,28.99,28.844,28.939,0
2024-08-01 08:00:00,28.943,29.13,28.909,29.053,0
2024-08-01 09:00:00,29.049,29.109,28.913,28.987,0
2024-08-01 10:00:00,28.988,29.085,28.374,28.466,0
2024-08-01 11:00:00,28.464,28.654,28.396,28.429,0
2024-08-01 12:00:00,28.433,28.511,28.329,28.398,0
2024-08-01 13:00:00,28.393,28.397,28.252,28.34,0
2024-08-01 14:00:00,28.338,28.359,28.207,28.314,0
2024-08-01 15:00:00,28.313,28.521,28.287,28.51,0
2024-08-01 16:00:00,28.509,28.534,28.411,28.501,0
2024-08-01 18:00:00,28.503,28.535,28.441,28.501,0
2024-08-01 19:00:00,28.501,28.536,28.471,28.492,0
2024-08-01 20:00:00,28.497,28.506,28.434,28.453,0
2024-08-01 21:00:00,28.451,28.533,28.164,28.506,0
2024-08-01 22:00:00,28.506,28.808,28.491,28.771,0
2024-08-01 23:00:00,28.769,28.929,28.722,28.775,0
2024-08-02 00:00:00,28.775,28.864,28.747,28.835,0
2024-08-02 01:00:00,28.835,28.988,28.78,28.935,0
2024-08-02 02:00:00,28.936,28.984,28.856,28.907,0
2024-08-02 03:00:00,28.894,28.944,28.825,28.891,0
2024-08-02 04:00:00,28.893,28.953,28.858,28.885,0
2024-08-02 05:00:00,28.884,28.941,28.878,28.918,0
2024-08-02 06:00:00,28.916,28.966,28.837,28.927,0
2024-08-02 07:00:00,28.93,28.97,28.866,28.888,0
2024-08-02 08:00:00,28.89,29.218,28.821,29.039,0
2024-08-02 09:00:00,29.044,29.09,28.635,28.799,0
2024-08-02 10:00:00,28.801,28.896,28.067,28.133,0
2024-08-02 11:00:00,28.131,28.328,27.933,28.322,0
2024-08-02 12:00:00,28.319,28.516,28.233,28.326,0
2024-08-02 13:00:00,28.325,28.373,28.239,28.337,0
2024-08-02 14:00:00,28.337,28.502,28.313,28.357,0
2024-08-02 15:00:00,28.357,28.542,28.338,28.525,0
2024-08-02 16:00:00,28.525,28.574,28.488,28.562,0
2024-08-04 18:00:00,28.541,28.623,28.423,28.505,0
2024-08-04 19:00:00,28.5,28.622,28.478,28.499,0
2024-08-04 20:00:00,28.498,28.501,27.993,28.154,0
2024-08-04 21:00:00,28.143,28.623,28.027,28.513,0
2024-08-04 22:00:00,28.512,28.56,28.265,28.488,0
2024-08-04 23:00:00,28.486,28.603,28.484,28.581,0
2024-08-05 00:00:00,28.584,28.664,28.561,28.569,0
2024-08-05 01:00:00,28.568,28.568,28.149,28.277,0
2024-08-05 02:00:00,28.278,28.29,28.062,28.09,0
2024-08-05 03:00:00,28.089,28.39,28.015,28.114,0
2024-08-05 04:00:00,28.109,28.12,27.744,27.79,0
2024-08-05 05:00:00,27.793,27.834,27.555,27.567,0
2024-08-05 06:00:00,27.571,27.585,27.077,27.099,0
2024-08-05 07:00:00,27.092,27.11,26.564,26.67,0
2024-08-05 08:00:00,26.675,26.856,26.487,26.659,0
2024-08-05 09:00:00,26.661,27.207,26.65,27.096,0
2024-08-05 10:00:00,27.094,27.239,26.952,27.139,0
2024-08-05 11:00:00,27.141,27.412,27.137,27.164,0
2024-08-05 12:00:00,27.162,27.329,27.068,27.093,0
2024-08-05 13:00:00,27.087,27.155,27.013,27.094,0
2024-08-05 14:00:00,27.093,27.211,27.075,27.094,0
2024-08-05 15:00:00,27.089,27.255,27.086,27.206,0
2024-08-05 16:00:00,27.207,27.262,27.174,27.252,0
2024-08-05 18:00:00,27.22,27.284,27.199,27.235,0
2024-08-05 19:00:00,27.235,27.274,27.226,27.244,0
2024-08-05 20:00:00,27.249,27.505,27.231,27.453,0
2024-08-05 21:00:00,27.459,27.561,27.266,27.329,0
2024-08-05 22:00:00,27.328,27.374,27.128,27.16,0
2024-08-05 23:00:00,27.16,27.263,27.132,27.235,0
2024-08-06 00:00:00,27.234,27.295,27.18,27.187,0
2024-08-06 01:00:00,27.188,27.219,26.779,26.81,0
2024-08-06 02:00:00,26.815,27.014,26.587,26.829,0
2024-08-06 03:00:00,26.833,26.971,26.818,26.936,0
2024-08-06 04:00:00,26.938,27.0,26.903,26.947,0
2024-08-06 05:00:00,26.943,26.996,26.899,26.939,0
2024-08-06 06:00:00,26.944,27.104,26.914,27.046,0
2024-08-06 07:00:00,27.046,27.098,27.015,27.021,0
2024-08-06 08:00:00,27.02,27.075,26.645,26.725,0
2024-08-06 09:00:00,26.716,26.988,26.711,26.986,0
2024-08-06 10:00:00,26.986,27.251,26.952,27.091,0
2024-08-06 11:00:00,27.094,27.106,26.962,27.08,0
2024-08-06 12:00:00,27.088,27.177,27.035,27.156,0
2024-08-06 13:00:00,27.154,27.183,27.068,27.106,0
2024-08-06 14:00:00,27.102,27.204,27.09,27.134,0
2024-08-06 15:00:00,27.134,27.158,26.982,26.995,0
2024-08-06 16:00:00,26.998,27.001,26.91,26.982,0
2024-08-06 18:00:00,26.956,26.978,26.891,26.909,0
2024-08-06 19:00:00,26.91,26.926,26.75,26.817,0
2024-08-06 20:00:00,26.82,27.01,26.815,27.003,0
2024-08-06 21:00:00,27.006,27.045,26.778,27.014,0
2024-08-06 22:00:00,27.023,27.148,27.004,27.05,0
2024-08-06 23:00:00,27.052,27.101,27.024,27.097,0
2024-08-07 00:00:00,27.095,27.255,27.095,27.211,0
2024-08-07 01:00:00,27.211,27.258,27.01,27.075,0
2024-08-07 02:00:00,27.072,27.132,26.964,27.022,0
2024-08-07 03:00:00,27.02,27.02,26.836,26.89,0
2024-08-07 04:00:00,26.887,26.954,26.842,26.912,0
2024-08-07 05:00:00,26.908,27.017,26.908,27.0,0
2024-08-07 06:00:00,27.006,27.149,26.963,27.149,0
2024-08-07 07:00:00,27.148,27.152,27.035,27.118,0
2024-08-07 08:00:00,27.121,27.141,26.948,27.064,0
2024-08-07 09:00:00,27.062,27.145,26.838,26.924,0
2024-08-07 10:00:00,26.924,27.078,26.835,27.006,0
2024-08-07 11:00:00,26.999,27.13,26.913,26.959,0
2024-08-07 12:00:00,26.96,26.975,26.883,26.934,0
2024-08-07 13:00:00,26.934,26.935,26.719,26.727,0
2024-08-07 14:00:00,26.725,26.744,26.567,26.61,0
2024-08-07 15:00:00,26.608,26.793,26.608,26.659,0
2024-08-07 16:00:00,26.658,26.75,26.563,26.592,0
2024-08-07 18:00:00,26.581,26.62,26.395,26.583,0
2024-08-07 19:00:00,26.584,26.661,26.584,26.637,0
2024-08-07 20:00:00,26.635,26.708,26.601,26.651,0
2024-08-07 21:00:00,26.651,26.89,26.651,26.701,0
2024-08-07 22:00:00,26.695,26.857,26.666,26.843,0
2024-08-07 23:00:00,26.845,26.948,26.811,26.92,0
2024-08-08 00:00:00,26.922,26.94,26.821,26.893,0
2024-08-08 01:00:00,26.894,26.957,26.819,26.892,0
2024-08-08 02:00:00,26.893,26.955,26.765,26.879,0
2024-08-08 03:00:00,26.882,26.929,26.737,26.814,0
2024-08-08 04:00:00,26.819,26.899,26.771,26.848,0
2024-08-08 05:00:00,26.846,26.912,26.777,26.812,0
2024-08-08 06:00:00,26.81,26.962,26.81,26.941,0
2024-08-08 07:00:00,26.938,27.08,26.906,27.049,0
2024-08-08 08:00:00,27.05,27.121,26.934,26.947,0
2024-08-08 09:00:00,26.942,27.237,26.904,27.236,0
2024-08-08 10:00:00,27.237,27.596,27.167,27.355,0
2024-08-08 11:00:00,27.351,27.46,27.296,27.404,0
2024-08-08 12:00:00,27.403,27.59,27.402,27.46,0
2024-08-08 13:00:00,27.462,27.565,27.394,27.525,0
2024-08-08 14:00:00,27.524,27.555,27.478,27.487,0
2024-08-08 15:00:00,27.489,27.492,27.392,27.41,0
2024-08-08 16:00:00,27.414,27.537,27.405,27.517,0
2024-08-08 18:00:00,27.496,27.546,27.439,27.466,0
2024-08-08 19:00:00,27.466,27.543,27.457,27.531,0
2024-08-08 20:00:00,27.533,27.533,27.444,27.467,0
2024-08-08 21:00:00,27.471,27.753,27.413,27.697,0
2024-08-08 22:00:00,27.695,27.723,27.587,27.647,0
2024-08-08 23:00:00,27.651,27.698,27.53,27.638,0
2024-08-09 00:00:00,27.636,27.669,27.598,27.628,0
2024-08-09 01:00:00,27.627,27.628,27.4,27.43,0
2024-08-09 02:00:00,27.435,27.543,27.399,27.504,0
2024-08-09 03:00:00,27.498,27.608,27.473,27.478,0
2024-08-09 04:00:00,27.486,27.567,27.458,27.526,0
2024-08-09 05:00:00,27.527,27.549,27.453,27.453,0
2024-08-09 06:00:00,27.458,27.592,27.425,27.554,0
2024-08-09 07:00:00,27.561,27.601,27.452,27.48,0
2024-08-09 08:00:00,27.476,27.525,27.407,27.5,0
2024-08-09 09:00:00,27.498,27.541,27.242,27.418,0
2024-08-09 10:00:00,27.414,27.654,27.382,27.444,0
2024-08-09 11:00:00,27.446,27.509,27.335,27.417,0
2024-08-09 12:00:00,27.415,27.501,27.345,27.482,0
2024-08-09 13:00:00,27.481,27.535,27.45,27.463,0
2024-08-09 14:00:00,27.462,27.489,27.42,27.484,0
2024-08-09 15:00:00,27.49,27.51,27.366,27.394,0
2024-08-09 16:00:00,27.389,27.464,27.384,27.437,0
2024-08-11 18:00:00,27.453,27.468,27.381,27.408,0
2024-08-11 19:00:00,27.408,27.412,27.283,27.323,0
2024-08-11 20:00:00,27.327,27.383,27.293,27.355,0
2024-08-11 21:00:00,27.342,27.453,27.209,27.284,0
2024-08-11 22:00:00,27.288,27.385,27.21,27.346,0
2024-08-11 23:00:00,27.345,27.397,27.289,27.371,0
2024-08-12 00:00:00,27.368,27.504,27.359,27.498,0
2024-08-12 01:00:00,27.498,27.638,27.468,27.615,0
2024-08-12 02:00:00,27.615,27.743,27.565,27.737,0
2024-08-12 03:00:00,27.737,27.935,27.71,27.919,0
2024-08-12 04:00:00,27.924,27.948,27.825,27.838,0
2024-08-12 05:00:00,27.842,27.929,27.801,27.909,0
2024-08-12 06:00:00,27.911,27.943,27.876,27.93,0
2024-08-12 07:00:00,27.927,27.991,27.857,27.882,0
2024-08-12 08:00:00,27.883,27.941,27.784,27.825,0
2024-08-12 09:00:00,27.825,27.915,27.693,27.804,0
2024-08-12 10:00:00,27.801,27.868,27.518,27.862,0
2024-08-12 11:00:00,27.869,27.91,27.758,27.877,0
2024-08-12 12:00:00,27.876,27.93,27.835,27.868,0
2024-08-12 13:00:00,27.866,27.957,27.836,27.938,0
2024-08-12 14:00:00,27.94,27.992,27.914,27.976,0
2024-08-12 15:00:00,27.977,28.032,27.918,27.928,0
2024-08-12 16:00:00,27.931,27.969,27.92,27.964,0
2024-08-12 18:00:00,27.928,27.982,27.916,27.959,0
2024-08-12 19:00:00,27.958,28.013,27.955,28.002,0
2024-08-12 20:00:00,28.002,28.04,27.914,27.96,0
2024-08-12 21:00:00,27.959,28.028,27.72,27.822,0
2024-08-12 22:00:00,27.827,27.837,27.651,27.651,0
2024-08-12 23:00:00,27.656,27.732,27.652,27.702,0
2024-08-13 00:00:00,27.701,27.743,27.688,27.713,0
2024-08-13 01:00:00,27.713,27.721,27.614,27.682,0
2024-08-13 02:00:00,27.685,27.74,27.629,27.714,0
2024-08-13 03:00:00,27.71,27.808,27.694,27.773,0
2024-08-13 04:00:00,27.771,27.775,27.669,27.745,0
2024-08-13 05:00:00,27.751,27.762,27.663,27.73,0
2024-08-13 06:00:00,27.729,27.745,27.661,27.693,0
2024-08-13 07:00:00,27.695,27.814,27.669,27.786,0
2024-08-13 08:00:00,27.78,27.864,27.676,27.702,0
2024-08-13 09:00:00,27.702,27.765,27.436,27.698,0
2024-08-13 10:00:00,27.698,27.713,27.499,27.654,0
2024-08-13 11:00:00,27.661,27.683,27.572,27.623,0
2024-08-13 12:00:00,27.614,27.782,27.611,27.762,0
2024-08-13 13:00:00,27.762,27.764,27.638,27.711,0
2024-08-13 14:00:00,27.715,27.847,27.7,27.819,0
2024-08-13 15:00:00,27.82,27.855,27.734,27.839,0
2024-08-13 16:00:00,27.827,27.875,27.802,27.802,0
2024-08-13 18:00:00,27.835,27.874,27.75,27.858,0
2024-08-13 19:00:00,27.858,27.862,27.791,27.828,0
2024-08-13 20:00:00,27.834,27.865,27.811,27.833,0
2024-08-13 21:00:00,27.833,27.993,27.76,27.803,0
2024-08-13 22:00:00,27.796,27.815,27.533,27.647,0
2024-08-13 23:00:00,27.645,27.703,27.621,27.696,0
2024-08-14 00:00:00,27.692,27.778,27.677,27.746,0
2024-08-14 01:00:00,27.746,27.757,27.66,27.75,0
2024-08-14 02:00:00,27.758,27.889,27.74,27.856,0
2024-08-14 03:00:00,27.853,27.926,27.84,27.867,0
2024-08-14 04:00:00,27.858,27.915,27.822,27.896,0
2024-08-14 05:00:00,27.891,27.954,27.863,27.91,0
2024-08-14 06:00:00,27.912,27.995,27.843,27.942,0
2024-08-14 07:00:00,27.93,27.946,27.836,27.906,0
2024-08-14 08:00:00,27.906,28.019,27.707,27.845,0
2024-08-14 09:00:00,27.843,27.966,27.625,27.721,0
2024-08-14 10:00:00,27.723,27.723,27.386,27.559,0
2024-08-14 11:00:00,27.565,27.62,27.371,27.456,0
2024-08-14 12:00:00,27.456,27.468,27.165,27.308,0
2024-08-14 13:00:00,27.311,27.341,27.229,27.287,0
2024-08-14 14:00:00,27.288,27.589,27.262,27.578,0
2024-08-14 15:00:00,27.578,27.595,27.449,27.513,0
2024-08-14 16:00:00,27.511,27.571,27.505,27.526,0
2024-08-14 18:00:00,27.53,27.58,27.492,27.578,0
2024-08-14 19:00:00,27.576,27.584,27.53,27.575,0
2024-08-14 20:00:00,27.57,27.616,27.529,27.537,0
2024-08-14 21:00:00,27.533,27.683,27.467,27.575,0
2024-08-14 22:00:00,27.579,27.695,27.564,27.649,0
2024-08-14 23:00:00,27.648,27.72,27.641,27.705,0
2024-08-15 00:00:00,27.711,27.761,27.688,27.74,0
2024-08-15 01:00:00,27.739,27.875,27.645,27.829,0
2024-08-15 02:00:00,27.829,27.975,27.771,27.963,0
2024-08-15 03:00:00,27.958,28.059,27.916,28.048,0
2024-08-15 04:00:00,28.051,28.065,27.975,28.038,0
2024-08-15 05:00:00,28.04,28.078,28.029,28.068,0
2024-08-15 06:00:00,28.067,28.101,28.008,28.04,0
2024-08-15 07:00:00,28.046,28.289,28.024,28.276,0
2024-08-15 08:00:00,28.285,28.426,27.95,27.973,0
2024-08-15 09:00:00,27.974,28.355,27.746,28.056,0
2024-08-15 10:00:00,28.066,28.443,28.052,28.361,0
2024-08-15 11:00:00,28.353,28.475,28.335,28.459,0
2024-08-15 12:00:00,28.461,28.513,28.304,28.335,0
2024-08-15 13:00:00,28.325,28.384,28.259,28.33,0
2024-08-15 14:00:00,28.328,28.392,28.306,28.386,0
2024-08-15 15:00:00,28.383,28.428,28.277,28.323,0
2024-08-15 16:00:00,28.326,28.362,28.318,28.348,0
2024-08-15 18:00:00,28.314,28.355,28.255,28.345,0
2024-08-15 19:00:00,28.346,28.38,28.33,28.348,0
2024-08-15 20:00:00,28.344,28.422,28.324,28.391,0
2024-08-15 21:00:00,28.401,28.426,28.246,28.329,0
2024-08-15 22:00:00,28.332,28.332,28.225,28.246,0
2024-08-15 23:00:00,28.254,28.254,28.104,28.142,0
2024-08-16 00:00:00,28.143,28.16,28.073,28.109,0
2024-08-16 01:00:00,28.11,28.198,28.084,28.168,0
2024-08-16 02:00:00,28.165,28.279,28.159,28.226,0
2024-08-16 03:00:00,28.231,28.296,28.097,28.254,0
2024-08-16 04:00:00,28.266,28.28,28.2,28.249,0
2024-08-16 05:00:00,28.243,28.287,28.225,28.25,0
2024-08-16 06:00:00,28.248,28.25,28.097,28.115,0
2024-08-16 07:00:00,28.115,28.239,28.028,28.232,0
2024-08-16 08:00:00,28.233,28.424,28.178,28.418,0
2024-08-16 09:00:00,28.42,28.487,28.197,28.412,0
2024-08-16 10:00:00,28.408,28.479,28.226,28.322,0
2024-08-16 11:00:00,28.326,28.451,28.276,28.437,0
2024-08-16 12:00:00,28.448,28.831,28.436,28.794,0
2024-08-16 13:00:00,28.798,28.825,28.669,28.808,0
2024-08-16 14:00:00,28.803,28.909,28.752,28.894,0
2024-08-16 15:00:00,28.899,28.967,28.859,28.956,0
2024-08-16 16:00:00,28.946,29.031,28.905,29.019,0
2024-08-18 18:00:00,29.027,29.06,28.874,28.926,0
2024-08-18 19:00:00,28.929,28.99,28.882,28.99,0
2024-08-18 20:00:00,28.991,29.045,28.919,28.947,0
2024-08-18 21:00:00,28.95,28.985,28.713,28.874,0
2024-08-18 22:00:00,28.875,29.039,28.826,29.017,0
2024-08-18 23:00:00,29.014,29.113,28.976,28.996,0
2024-08-19 00:00:00,28.992,29.002,28.929,28.941,0
2024-08-19 01:00:00,28.942,29.031,28.921,28.941,0
2024-08-19 02:00:00,28.944,29.091,28.923,29.059,0
2024-08-19 03:00:00,29.068,29.128,28.98,28.981,0
2024-08-19 04:00:00,28.98,29.043,28.894,28.93,0
2024-08-19 05:00:00,28.929,28.997,28.917,28.978,0
2024-08-19 06:00:00,28.972,28.998,28.836,28.839,0
2024-08-19 07:00:00,28.846,28.99,28.797,28.982,0
2024-08-19 08:00:00,28.982,29.035,28.906,28.973,0
2024-08-19 09:00:00,28.976,29.101,28.888,29.094,0
2024-08-19 10:00:00,29.094,29.403,29.081,29.35,0
2024-08-19 11:00:00,29.347,29.457,29.294,29.328,0
2024-08-19 12:00:00,29.328,29.368,29.223,29.259,0
2024-08-19 13:00:00,29.257,29.299,29.178,29.272,0
2024-08-19 14:00:00,29.275,29.332,29.256,29.322,0
2024-08-19 15:00:00,29.319,29.396,29.254,29.392,0
2024-08-19 16:00:00,29.39,29.475,29.367,29.436,0
2024-08-19 18:00:00,29.409,29.49,29.409,29.479,0
2024-08-19 19:00:00,29.475,29.479,29.38,29.4,0
2024-08-19 20:00:00,29.396,29.448,29.373,29.389,0
2024-08-19 21:00:00,29.384,29.459,29.33,29.357,0
2024-08-19 22:00:00,29.358,29.362,29.189,29.242,0
2024-08-19 23:00:00,29.242,29.337,29.222,29.308,0
2024-08-20 00:00:00,29.312,29.354,29.281,29.318,0
2024-08-20 01:00:00,29.312,29.382,29.312,29.347,0
2024-08-20 02:00:00,29.341,29.502,29.296,29.455,0
2024-08-20 03:00:00,29.458,29.605,29.398,29.599,0
2024-08-20 04:00:00,29.608,29.706,29.534,29.658,0
2024-08-20 05:00:00,29.658,29.758,29.656,29.686,0
2024-08-20 06:00:00,29.682,29.779,29.641,29.748,0
2024-08-20 07:00:00,29.751,29.828,29.709,29.82,0
2024-08-20 08:00:00,29.823,29.894,29.706,29.814,0
2024-08-20 09:00:00,29.807,29.962,29.692,29.823,0
2024-08-20 10:00:00,29.813,29.821,29.516,29.552,0
2024-08-20 11:00:00,29.548,29.571,29.388,29.429,0
2024-08-20 12:00:00,29.419,29.457,29.274,29.444,0
2024-08-20 13:00:00,29.438,29.481,29.384,29.428,0
2024-08-20 14:00:00,29.426,29.524,29.413,29.496,0
2024-08-20 15:00:00,29.496,29.507,29.425,29.425,0
2024-08-20 16:00:00,29.436,29.459,29.419,29.426,0
2024-08-20 18:00:00,29.414,29.484,29.382,29.445,0
2024-08-20 19:00:00,29.442,29.482,29.425,29.435,0
2024-08-20 20:00:00,29.432,29.462,29.416,29.44,0
2024-08-20 21:00:00,29.436,29.506,29.317,29.478,0
2024-08-20 22:00:00,29.48,29.561,29.47,29.544,0
2024-08-20 23:00:00,29.548,29.552,29.426,29.524,0
2024-08-21 00:00:00,29.524,29.537,29.456,29.5,0
2024-08-21 01:00:00,29.495,29.59,29.488,29.52,0
2024-08-21 02:00:00,29.522,29.589,29.457,29.531,0
2024-08-21 03:00:00,29.535,29.575,29.407,29.425,0
2024-08-21 04:00:00,29.422,29.537,29.409,29.482,0
2024-08-21 05:00:00,29.481,29.592,29.48,29.545,0
2024-08-21 06:00:00,29.54,29.609,29.528,29.58,0
2024-08-21 07:00:00,29.568,29.645,29.52,29.634,0
2024-08-21 08:00:00,29.632,29.663,29.563,29.614,0
2024-08-21 09:00:00,29.614,29.614,29.25,29.353,0
2024-08-21 10:00:00,29.353,29.496,29.195,29.379,0
2024-08-21 11:00:00,29.389,29.621,29.382,29.509,0
2024-08-21 12:00:00,29.509,29.516,29.389,29.465,0
2024-08-21 13:00:00,29.456,29.517,29.424,29.47,0
2024-08-21 14:00:00,29.461,29.729,29.461,29.624,0
2024-08-21 15:00:00,29.631,29.638,29.514,29.525,0
2024-08-21 16:00:00,29.529,29.596,29.485,29.586,0
2024-08-21 18:00:00,29.563,29.609,29.521,29.598,0
2024-08-21 19:00:00,29.595,29.633,29.563,29.592,0
2024-08-21 20:00:00,29.594,29.636,29.56,29.613,0
2024-08-21 21:00:00,29.608,29.634,29.459,29.486,0
2024-08-21 22:00:00,29.481,29.497,29.321,29.421,0
2024-08-21 23:00:00,29.419,29.489,29.403,29.431,0
2024-08-22 00:00:00,29.434,29.441,29.381,29.428,0
2024-08-22 01:00:00,29.431,29.556,29.42,29.52,0
2024-08-22 02:00:00,29.521,29.545,29.344,29.4,0
2024-08-22 03:00:00,29.406,29.513,29.371,29.48,0
2024-08-22 04:00:00,29.482,29.5,29.427,29.48,0
2024-08-22 05:00:00,29.476,29.595,29.426,29.58,0
2024-08-22 06:00:00,29.583,29.664,29.555,29.592,0
2024-08-22 07:00:00,29.581,29.588,29.446,29.49,0
2024-08-22 08:00:00,29.488,29.674,29.443,29.584,0
2024-08-22 09:00:00,29.587,29.638,29.318,29.436,0
2024-08-22 10:00:00,29.437,29.438,28.859,29.056,0
2024-08-22 11:00:00,29.054,29.127,28.901,29.082,0
2024-08-22 12:00:00,29.082,29.232,29.063,29.138,0
2024-08-22 13:00:00,29.133,29.139,28.976,28.983,0
2024-08-22 14:00:00,28.979,29.014,28.912,28.951,0
2024-08-22 15:00:00,28.955,28.974,28.772,28.929,0
2024-08-22 16:00:00,28.924,28.985,28.906,28.976,0
2024-08-22 18:00:00,28.968,28.994,28.932,28.973,0
2024-08-22 19:00:00,28.975,29.036,28.968,29.036,0
2024-08-22 20:00:00,29.03,29.105,29.013,29.072,0
2024-08-22 21:00:00,29.074,29.14,29.026,29.112,0
2024-08-22 22:00:00,29.107,29.128,29.003,29.05,0
2024-08-22 23:00:00,29.049,29.192,29.038,29.18,0
2024-08-23 00:00:00,29.18,29.22,29.168,29.209,0
2024-08-23 01:00:00,29.2,29.291,29.2,29.243,0
2024-08-23 02:00:00,29.238,29.3,29.177,29.272,0
2024-08-23 03:00:00,29.272,29.343,29.26,29.332,0
2024-08-23 04:00:00,29.33,29.442,29.312,29.407,0
2024-08-23 05:00:00,29.422,29.451,29.368,29.384,0
2024-08-23 06:00:00,29.376,29.441,29.339,29.431,0
2024-08-23 07:00:00,29.433,29.479,29.374,29.439,0
2024-08-23 08:00:00,29.443,29.467,29.346,29.36,0
2024-08-23 09:00:00,29.36,29.378,29.175,29.251,0
2024-08-23 10:00:00,29.25,29.781,29.241,29.55,0
2024-08-23 11:00:00,29.548,29.876,29.521,29.683,0
2024-08-23 12:00:00,29.678,29.728,29.539,29.723,0
2024-08-23 13:00:00,29.721,29.842,29.714,29.783,0
2024-08-23 14:00:00,29.779,29.845,29.752,29.768,0
2024-08-23 15:00:00,29.766,29.866,29.744,29.816,0
2024-08-23 16:00:00,29.81,29.835,29.802,29.817,0
2024-08-25 18:00:00,29.826,29.918,29.714,29.796,0
2024-08-25 19:00:00,29.797,29.904,29.792,29.899,0
2024-08-25 20:00:00,29.901,29.918,29.832,29.851,0
2024-08-25 21:00:00,29.851,29.916,29.703,29.788,0
2024-08-25 22:00:00,29.788,29.829,29.707,29.714,0
2024-08-25 23:00:00,29.714,29.737,29.638,29.676,0
2024-08-26 00:00:00,29.677,29.692,29.645,29.669,0
2024-08-26 01:00:00,29.667,29.746,29.657,29.738,0
2024-08-26 02:00:00,29.74,30.069,29.736,30.069,0
2024-08-26 03:00:00,30.069,30.099,29.981,30.095,0
2024-08-26 04:00:00,30.094,30.152,30.073,30.136,0
2024-08-26 05:00:00,30.134,30.166,30.062,30.117,0
2024-08-26 06:00:00,30.115,30.182,30.066,30.106,0
2024-08-26 07:00:00,30.115,30.13,29.987,30.115,0
2024-08-26 08:00:00,30.108,30.151,29.956,29.976,0
2024-08-26 09:00:00,29.968,30.046,29.809,29.826,0
2024-08-26 10:00:00,29.817,29.916,29.728,29.831,0
2024-08-26 11:00:00,29.831,29.866,29.72,29.817,0
2024-08-26 12:00:00,29.816,29.969,29.775,29.958,0
2024-08-26 13:00:00,29.958,30.006,29.921,29.963,0
2024-08-26 14:00:00,29.959,29.978,29.882,29.955,0
2024-08-26 15:00:00,29.958,30.016,29.931,29.941,0
2024-08-26 16:00:00,29.936,29.947,29.846,29.846,0
2024-08-26 18:00:00,29.889,29.911,29.635,29.872,0
2024-08-26 19:00:00,29.872,29.91,29.859,29.86,0
2024-08-26 20:00:00,29.856,29.878,29.826,29.84,0
2024-08-26 21:00:00,29.84,29.952,29.752,29.944,0
2024-08-26 22:00:00,29.947,29.966,29.843,29.923,0
2024-08-26 23:00:00,29.925,29.936,29.853,29.892,0
2024-08-27 00:00:00,29.896,29.896,29.842,29.853,0
2024-08-27 01:00:00,29.851,30.069,29.846,30.045,0
2024-08-27 02:00:00,30.045,30.075,29.942,29.991,0
2024-08-27 03:00:00,29.989,30.03,29.778,29.787,0
2024-08-27 04:00:00,29.781,29.955,29.773,29.924,0
2024-08-27 05:00:00,29.925,29.977,29.878,29.892,0
2024-08-27 06:00:00,29.886,29.912,29.833,29.884,0
2024-08-27 07:00:00,29.878,29.979,29.873,29.974,0
2024-08-27 08:00:00,29.973,30.045,29.888,29.92,0
2024-08-27 09:00:00,29.913,29.951,29.772,29.846,0
2024-08-27 10:00:00,29.834,30.025,29.688,29.98,0
2024-08-27 11:00:00,29.974,30.044,29.841,29.879,0
2024-08-27 12:00:00,29.876,29.965,29.851,29.93,0
2024-08-27 13:00:00,29.931,30.03,29.891,30.012,0
2024-08-27 14:00:00,30.005,30.079,30.005,30.063,0
2024-08-27 15:00:00,30.06,30.066,29.987,29.988,0
2024-08-27 16:00:00,29.986,30.002,29.954,29.961,0
2024-08-27 18:00:00,29.941,30.084,29.941,30.029,0
2024-08-27 19:00:00,30.024,30.094,30.003,30.004,0
2024-08-27 20:00:00,30.008,30.039,29.988,30.015,0
2024-08-27 21:00:00,30.005,30.02,29.855,29.859,0
2024-08-27 22:00:00,29.858,29.868,29.755,29.816,0
2024-08-27 23:00:00,29.812,29.864,29.763,29.859,0
2024-08-28 00:00:00,29.859,29.862,29.802,29.833,0
2024-08-28 01:00:00,29.835,29.837,29.387,29.454,0
2024-08-28 02:00:00,29.457,29.503,29.334,29.437,0
2024-08-28 03:00:00,29.44,29.548,29.431,29.5,0
2024-08-28 04:00:00,29.497,29.53,29.427,29.51,0
2024-08-28 05:00:00,29.514,29.602,29.503,29.561,0
2024-08-28 06:00:00,29.557,29.568,29.435,29.473,0
2024-08-28 07:00:00,29.475,29.481,29.306,29.336,0
2024-08-28 08:00:00,29.336,29.402,29.175,29.337,0
2024-08-28 09:00:00,29.336,29.431,29.219,29.314,0
2024-08-28 10:00:00,29.317,29.416,29.27,29.372,0
2024-08-28 11:00:00,29.368,29.415,29.294,29.337,0
2024-08-28 12:00:00,29.331,29.343,29.065,29.205,0
2024-08-28 13:00:00,29.205,29.258,29.159,29.191,0
2024-08-28 14:00:00,29.188,29.259,29.124,29.254,0
2024-08-28 15:00:00,29.253,29.308,29.222,29.227,0
2024-08-28 16:00:00,29.229,29.247,29.074,29.115,0
2024-08-28 18:00:00,29.054,29.18,28.958,29.153,0
2024-08-28 19:00:00,29.154,29.178,29.139,29.172,0
2024-08-28 20:00:00,29.175,29.283,29.17,29.253,0
2024-08-28 21:00:00,29.257,29.386,29.201,29.329,0
2024-08-28 22:00:00,29.334,29.392,29.287,29.338,0
2024-08-28 23:00:00,29.339,29.463,29.332,29.456,0
2024-08-29 00:00:00,29.456,29.474,29.421,29.433,0
2024-08-29 01:00:00,29.433,29.563,29.391,29.508,0
2024-08-29 02:00:00,29.512,29.599,29.483,29.545,0
2024-08-29 03:00:00,29.55,29.675,29.516,29.67,0
2024-08-29 04:00:00,29.667,29.675,29.456,29.482,0
2024-08-29 05:00:00,29.483,29.611,29.456,29.588,0
2024-08-29 06:00:00,29.59,29.616,29.519,29.563,0
2024-08-29 07:00:00,29.564,29.57,29.449,29.471,0
2024-08-29 08:00:00,29.469,29.471,29.289,29.413,0
2024-08-29 09:00:00,29.418,29.462,29.179,29.427,0
2024-08-29 10:00:00,29.428,29.627,29.383,29.598,0
2024-08-29 11:00:00,29.593,29.636,29.448,29.494,0
2024-08-29 12:00:00,29.495,29.514,29.402,29.498,0
2024-08-29 13:00:00,29.496,29.598,29.485,29.556,0
2024-08-29 14:00:00,29.557,29.561,29.374,29.408,0
2024-08-29 15:00:00,29.405,29.448,29.366,29.379,0
2024-08-29 16:00:00,29.375,29.415,29.199,29.41,0
2024-08-29 18:00:00,29.408,29.419,29.223,29.401,0
2024-08-29 19:00:00,29.398,29.42,29.359,29.369,0
2024-08-29 20:00:00,29.373,29.424,29.341,29.419,0
2024-08-29 21:00:00,29.418,29.502,29.315,29.39,0
2024-08-29 22:00:00,29.39,29.446,29.342,29.405,0
2024-08-29 23:00:00,29.409,29.417,29.309,29.329,0
2024-08-30 00:00:00,29.327,29.378,29.308,29.363,0
2024-08-30 01:00:00,29.362,29.522,29.342,29.478,0
2024-08-30 02:00:00,29.485,29.553,29.404,29.451,0
2024-08-30 03:00:00,29.449,29.535,29.434,29.509,0
2024-08-30 04:00:00,29.499,29.58,29.489,29.506,0
2024-08-30 05:00:00,29.507,29.554,29.493,29.514,0
2024-08-30 06:00:00,29.514,29.534,29.406,29.418,0
2024-08-30 07:00:00,29.409,29.55,29.401,29.498,0
2024-08-30 08:00:00,29.49,29.58,29.315,29.427,0
2024-08-30 09:00:00,29.427,29.44,29.148,29.28,0
2024-08-30 10:00:00,29.274,29.364,28.878,28.979,0
2024-08-30 11:00:00,28.976,28.995,28.817,28.952,0
2024-08-30 12:00:00,28.955,28.99,28.697,28.714,0
2024-08-30 13:00:00,28.712,28.832,28.674,28.798,0
2024-08-30 14:00:00,28.798,28.886,28.797,28.86,0
2024-08-30 15:00:00,28.857,28.87,28.748,28.851,0
2024-08-30 16:00:00,28.845,28.863,28.828,28.844,0
2024-09-01 18:00:00,28.829,28.866,28.781,28.85,0
2024-09-01 19:00:00,28.85,28.865,28.81,28.86,0
2024-09-01 20:00:00,28.857,28.963,28.843,28.853,0
2024-09-01 21:00:00,28.85,28.897,28.495,28.537,0
2024-09-01 22:00:00,28.535,28.542,28.311,28.383,0
2024-09-01 23:00:00,28.383,28.45,28.317,28.438,0
2024-09-02 00:00:00,28.435,28.458,28.415,28.428,0
2024-09-02 01:00:00,28.433,28.484,28.384,28.389,0
2024-09-02 02:00:00,28.393,28.445,28.349,28.389,0
2024-09-02 03:00:00,28.392,28.503,28.376,28.483,0
2024-09-02 04:00:00,28.481,28.652,28.479,28.646,0
2024-09-02 05:00:00,28.65,28.663,28.582,28.609,0
2024-09-02 06:00:00,28.604,28.659,28.579,28.614,0
2024-09-02 07:00:00,28.615,28.628,28.556,28.6,0
2024-09-02 08:00:00,28.598,28.643,28.562,28.582,0
2024-09-02 09:00:00,28.582,28.588,28.463,28.487,0
2024-09-02 10:00:00,28.48,28.559,28.448,28.529,0
2024-09-02 11:00:00,28.532,28.574,28.46,28.533,0
2024-09-02 12:00:00,28.528,28.544,28.485,28.511,0
2024-09-02 13:00:00,28.515,28.524,28.488,28.512,0
2024-09-02 14:00:00,28.509,28.551,28.496,28.542,0
2024-09-02 18:00:00,28.524,28.548,28.491,28.496,0
2024-09-02 19:00:00,28.491,28.516,28.489,28.514,0
2024-09-02 20:00:00,28.505,28.56,28.452,28.471,0
2024-09-02 21:00:00,28.471,28.491,28.275,28.476,0
2024-09-02 22:00:00,28.476,28.561,28.458,28.482,0
2024-09-02 23:00:00,28.479,28.491,28.414,28.421,0
2024-09-03 00:00:00,28.425,28.479,28.405,28.432,0
2024-09-03 01:00:00,28.432,28.432,28.329,28.38,0
2024-09-03 02:00:00,28.38,28.423,28.323,28.385,0
2024-09-03 03:00:00,28.38,28.503,28.38,28.452,0
2024-09-03 04:00:00,28.449,28.486,28.426,28.427,0
2024-09-03 05:00:00,28.438,28.479,28.253,28.28,0
2024-09-03 06:00:00,28.278,28.32,28.21,28.298,0
2024-09-03 07:00:00,28.29,28.37,28.144,28.232,0
2024-09-03 08:00:00,28.23,28.442,28.199,28.337,0
2024-09-03 09:00:00,28.337,28.383,27.787,27.839,0
2024-09-03 10:00:00,27.844,27.97,27.697,27.8,0
2024-09-03 11:00:00,27.807,27.991,27.775,27.968,0
2024-09-03 12:00:00,27.971,27.989,27.905,27.942,0
2024-09-03 13:00:00,27.94,28.034,27.913,27.979,0
2024-09-03 14:00:00,27.98,28.011,27.936,27.994,0
2024-09-03 15:00:00,27.982,28.065,27.98,28.021,0
2024-09-03 16:00:00,28.023,28.038,27.745,28.017,0
2024-09-03 18:00:00,28.017,28.05,27.983,28.022,0
2024-09-03 19:00:00,28.02,28.065,28.018,28.051,0
2024-09-03 20:00:00,28.051,28.058,27.977,27.989,0
2024-09-03 21:00:00,27.985,27.991,27.867,27.927,0
2024-09-03 22:00:00,27.924,28.062,27.873,28.013,0
2024-09-03 23:00:00,28.016,28.063,27.962,27.998,0
2024-09-04 00:00:00,27.998,28.065,27.992,28.052,0
2024-09-04 01:00:00,28.055,28.064,27.904,27.924,0
2024-09-04 02:00:00,27.925,27.941,27.81,27.834,0
2024-09-04 03:00:00,27.835,27.954,27.825,27.866,0
2024-09-04 04:00:00,27.866,27.913,27.757,27.786,0
2024-09-04 05:00:00,27.788,27.986,27.778,27.965,0
2024-09-04 06:00:00,27.963,28.091,27.942,28.046,0
2024-09-04 07:00:00,28.041,28.075,27.996,28.046,0
2024-09-04 08:00:00,28.044,28.203,28.001,28.087,0
2024-09-04 09:00:00,28.089,28.147,28.018,28.07,0
2024-09-04 10:00:00,28.067,28.35,28.056,28.277,0
2024-09-04 11:00:00,28.273,28.316,28.12,28.157,0
2024-09-04 12:00:00,28.154,28.264,28.111,28.237,0
2024-09-04 13:00:00,28.235,28.249,28.127,28.145,0
2024-09-04 14:00:00,28.137,28.167,28.088,28.109,0
2024-09-04 15:00:00,28.104,28.166,28.088,28.145,0
2024-09-04 16:00:00,28.138,28.271,28.131,28.256,0
2024-09-04 18:00:00,28.247,28.25,28.179,28.243,0
2024-09-04 19:00:00,28.24,28.27,28.233,28.258,0
2024-09-04 20:00:00,28.262,28.267,28.213,28.243,0
2024-09-04 21:00:00,28.246,28.37,28.208,28.301,0
2024-09-04 22:00:00,28.301,28.403,28.296,28.375,0
2024-09-04 23:00:00,28.375,28.385,28.206,28.206,0
2024-09-05 00:00:00,28.206,28.248,28.201,28.245,0
2024-09-05 01:00:00,28.24,28.363,28.198,28.296,0
2024-09-05 02:00:00,28.301,28.372,28.197,28.274,0
2024-09-05 03:00:00,28.274,28.393,28.225,28.39,0
2024-09-05 04:00:00,28.396,28.773,28.379,28.701,0
2024-09-05 05:00:00,28.69,28.745,28.675,28.709,0
2024-09-05 06:00:00,28.703,28.751,28.636,28.709,0
2024-09-05 07:00:00,28.707,28.739,28.628,28.634,0
2024-09-05 08:00:00,28.636,28.857,28.623,28.771,0
2024-09-05 09:00:00,28.78,28.987,28.711,28.905,0
2024-09-05 10:00:00,28.904,29.167,28.855,28.972,0
2024-09-05 11:00:00,28.969,28.983,28.705,28.714,0
2024-09-05 12:00:00,28.706,28.8,28.642,28.724,0
2024-09-05 13:00:00,28.719,28.795,28.676,28.791,0
2024-09-05 14:00:00,28.786,28.851,28.786,28.809,0
2024-09-05 15:00:00,28.804,28.83,28.726,28.748,0
2024-09-05 16:00:00,28.751,28.814,28.749,28.808,0
2024-09-05 18:00:00,28.791,28.828,28.786,28.798,0
2024-09-05 19:00:00,28.8,28.848,28.798,28.826,0
2024-09-05 20:00:00,28.825,28.837,28.777,28.791,0
2024-09-05 21:00:00,28.797,28.806,28.661,28.729,0
2024-09-05 22:00:00,28.729,28.822,28.701,28.813,0
2024-09-05 23:00:00,28.805,28.827,28.742,28.779,0
2024-09-06 00:00:00,28.78,28.854,28.756,28.825,0
2024-09-06 01:00:00,28.833,28.859,28.692,28.813,0
2024-09-06 02:00:00,28.814,28.896,28.763,28.886,0
2024-09-06 03:00:00,28.888,28.891,28.763,28.791,0
2024-09-06 04:00:00,28.788,28.866,28.739,28.778,0
2024-09-06 05:00:00,28.772,28.843,28.732,28.833,0
2024-09-06 06:00:00,28.832,28.862,28.782,28.831,0
2024-09-06 07:00:00,28.827,28.88,28.737,28.771,0
2024-09-06 08:00:00,28.773,29.105,28.684,28.959,0
2024-09-06 09:00:00,28.959,28.969,28.533,28.698,0
2024-09-06 10:00:00,28.701,28.701,28.291,28.389,0
2024-09-06 11:00:00,28.387,28.623,28.193,28.237,0
2024-09-06 12:00:00,28.229,28.248,27.672,27.799,0
2024-09-06 13:00:00,27.801,27.945,27.719,27.902,0
2024-09-06 14:00:00,27.895,27.955,27.843,27.927,0
2024-09-06 15:00:00,27.931,27.956,27.856,27.916,0
2024-09-06 16:00:00,27.91,27.929,27.875,27.893,0
2024-09-08 18:00:00,27.922,28.019,27.901,28.017,0
2024-09-08 19:00:00,28.012,28.022,27.927,27.972,0
2024-09-08 20:00:00,27.972,28.012,27.904,27.908,0
2024-09-08 21:00:00,27.91,28.037,27.758,28.018,0
2024-09-08 22:00:00,28.02,28.115,27.994,28.022,0
2024-09-08 23:00:00,28.025,28.1,27.988,28.073,0
2024-09-09 00:00:00,28.063,28.078,27.988,28.014,0
2024-09-09 01:00:00,28.012,28.016,27.682,27.742,0
2024-09-09 02:00:00,27.745,27.989,27.719,27.951,0
2024-09-09 03:00:00,27.951,28.092,27.941,28.078,0
2024-09-09 04:00:00,28.082,28.135,27.994,28.084,0
2024-09-09 05:00:00,28.078,28.158,28.067,28.154,0
2024-09-09 06:00:00,28.152,28.189,28.082,28.116,0
2024-09-09 07:00:00,28.113,28.165,28.078,28.103,0
2024-09-09 08:00:00,28.105,28.233,28.088,28.127,0
2024-09-09 09:00:00,28.117,28.236,28.074,28.125,0
2024-09-09 10:00:00,28.131,28.351,28.074,28.112,0
2024-09-09 11:00:00,28.108,28.274,28.023,28.254,0
2024-09-09 12:00:00,28.241,28.339,28.241,28.331,0
2024-09-09 13:00:00,28.327,28.358,28.226,28.252,0
2024-09-09 14:00:00,28.248,28.318,28.236,28.312,0
2024-09-09 15:00:00,28.31,28.329,28.275,28.323,0
2024-09-09 16:00:00,28.315,28.357,28.303,28.343,0
2024-09-09 18:00:00,28.32,28.357,28.223,28.351,0
2024-09-09 19:00:00,28.347,28.351,28.321,28.338,0
2024-09-09 20:00:00,28.334,28.341,28.266,28.306,0
2024-09-09 21:00:00,28.317,28.406,28.254,28.285,0
2024-09-09 22:00:00,28.282,28.308,28.217,28.284,0
2024-09-09 23:00:00,28.28,28.357,28.253,28.277,0
2024-09-10 00:00:00,28.277,28.282,28.235,28.262,0
2024-09-10 01:00:00,28.261,28.334,28.212,28.308,0
2024-09-10 02:00:00,28.309,28.422,28.301,28.401,0
2024-09-10 03:00:00,28.401,28.492,28.316,28.406,0
2024-09-10 04:00:00,28.404,28.411,28.282,28.33,0
2024-09-10 05:00:00,28.323,28.413,28.255,28.402,0
2024-09-10 06:00:00,28.407,28.463,28.39,28.44,0
2024-09-10 07:00:00,28.438,28.461,28.378,28.428,0
2024-09-10 08:00:00,28.428,28.545,28.404,28.533,0
2024-09-10 09:00:00,28.529,28.544,28.223,28.234,0
2024-09-10 10:00:00,28.226,28.32,28.014,28.32,0
2024-09-10 11:00:00,28.326,28.422,28.213,28.225,0
2024-09-10 12:00:00,28.231,28.297,28.169,28.268,0
2024-09-10 13:00:00,28.265,28.323,28.238,28.287,0
2024-09-10 14:00:00,28.287,28.409,28.273,28.406,0
2024-09-10 15:00:00,28.403,28.438,28.355,28.432,0
2024-09-10 16:00:00,28.43,28.43,28.373,28.386,0
2024-09-10 18:00:00,28.373,28.42,28.344,28.41,0
2024-09-10 19:00:00,28.412,28.431,28.394,28.43,0
2024-09-10 20:00:00,28.422,28.429,28.322,28.336,0
2024-09-10 21:00:00,28.341,28.568,28.293,28.451,0
2024-09-10 22:00:00,28.452,28.535,28.433,28.453,0
2024-09-10 23:00:00,28.452,28.488,28.397,28.453,0
2024-09-11 00:00:00,28.446,28.464,28.417,28.457,0
2024-09-11 01:00:00,28.447,28.586,28.432,28.574,0
2024-09-11 02:00:00,28.57,28.825,28.562,28.803,0
2024-09-11 03:00:00,28.797,28.866,28.723,28.733,0
2024-09-11 04:00:00,28.733,28.799,28.716,28.769,0
2024-09-11 05:00:00,28.771,28.804,28.734,28.772,0
2024-09-11 06:00:00,28.776,28.808,28.715,28.802,0
2024-09-11 07:00:00,28.803,28.839,28.771,28.831,0
2024-09-11 08:00:00,28.826,28.838,28.399,28.551,0
2024-09-11 09:00:00,28.552,28.738,28.404,28.507,0
2024-09-11 10:00:00,28.504,28.519,28.053,28.265,0
2024-09-11 11:00:00,28.271,28.604,28.246,28.593,0
2024-09-11 12:00:00,28.59,28.72,28.572,28.616,0
2024-09-11 13:00:00,28.613,28.657,28.54,28.623,0
2024-09-11 14:00:00,28.625,28.657,28.533,28.553,0
2024-09-11 15:00:00,28.549,28.637,28.529,28.618,0
2024-09-11 16:00:00,28.616,28.724,28.61,28.617,0
2024-09-11 18:00:00,28.706,28.727,28.318,28.718,0
2024-09-11 19:00:00,28.716,28.718,28.662,28.665,0
2024-09-11 20:00:00,28.665,28.698,28.647,28.653,0
2024-09-11 21:00:00,28.651,28.78,28.609,28.623,0
2024-09-11 22:00:00,28.627,28.643,28.515,28.615,0
2024-09-11 23:00:00,28.618,28.709,28.599,28.698,0
2024-09-12 00:00:00,28.702,28.736,28.685,28.726,0
2024-09-12 01:00:00,28.728,28.817,28.722,28.779,0
2024-09-12 02:00:00,28.78,28.821,28.706,28.724,0
2024-09-12 03:00:00,28.72,28.867,28.713,28.831,0
2024-09-12 04:00:00,28.823,28.903,28.771,28.794,0
2024-09-12 05:00:00,28.783,28.82,28.727,28.792,0
2024-09-12 06:00:00,28.789,28.836,28.742,28.748,0
2024-09-12 07:00:00,28.743,28.811,28.695,28.789,0
2024-09-12 08:00:00,28.789,29.156,28.736,29.053,0
2024-09-12 09:00:00,29.052,29.375,28.952,29.239,0
2024-09-12 10:00:00,29.238,29.556,29.175,29.51,0
2024-09-12 11:00:00,29.503,29.715,29.474,29.682,0
2024-09-12 12:00:00,29.69,29.791,29.609,29.772,0
2024-09-12 13:00:00,29.77,29.832,29.713,29.78,0
2024-09-12 14:00:00,29.78,29.821,29.683,29.744,0
2024-09-12 15:00:00,29.745,29.902,29.723,29.879,0
2024-09-12 16:00:00,29.88,29.907,29.819,29.863,0
2024-09-12 18:00:00,29.873,29.939,29.849,29.88,0
2024-09-12 19:00:00,29.877,29.913,29.85,29.91,0
2024-09-12 20:00:00,29.91,29.971,29.875,29.965,0
2024-09-12 21:00:00,29.969,30.055,29.836,29.935,0
2024-09-12 22:00:00,29.94,29.977,29.891,29.958,0
2024-09-12 23:00:00,29.961,30.015,29.907,29.932,0
2024-09-13 00:00:00,29.933,29.996,29.91,29.973,0
2024-09-13 01:00:00,29.973,30.08,29.909,29.927,0
2024-09-13 02:00:00,29.932,30.047,29.865,30.023,0
2024-09-13 03:00:00,30.024,30.097,29.998,30.061,0
2024-09-13 04:00:00,30.067,30.153,30.032,30.129,0
2024-09-13 05:00:00,30.12,30.158,30.022,30.028,0
2024-09-13 06:00:00,30.036,30.079,29.976,29.986,0
2024-09-13 07:00:00,29.99,30.072,29.923,30.039,0
2024-09-13 08:00:00,30.033,30.2,30.011,30.192,0
2024-09-13 09:00:00,30.194,30.792,30.176,30.623,0
2024-09-13 10:00:00,30.623,30.757,30.502,30.621,0
2024-09-13 11:00:00,30.621,30.888,30.425,30.881,0
2024-09-13 12:00:00,30.875,30.912,30.708,30.822,0
2024-09-13 13:00:00,30.822,30.822,30.595,30.626,0
2024-09-13 14:00:00,30.626,30.675,30.524,30.595,0
2024-09-13 15:00:00,30.592,30.724,30.525,30.72,0
2024-09-13 16:00:00,30.714,30.734,30.301,30.691,0
2024-09-15 18:00:00,30.69,30.88,30.69,30.88,0
2024-09-15 19:00:00,30.874,30.994,30.847,30.852,0
2024-09-15 20:00:00,30.855,30.913,30.814,30.822,0
2024-09-15 21:00:00,30.81,30.923,30.81,30.914,0
2024-09-15 22:00:00,30.909,30.985,30.849,30.957,0
2024-09-15 23:00:00,30.954,30.995,30.911,30.979,0
2024-09-16 00:00:00,30.986,31.005,30.938,30.979,0
2024-09-16 01:00:00,30.97,31.086,30.965,31.086,0
2024-09-16 02:00:00,31.079,31.086,30.926,30.968,0
2024-09-16 03:00:00,30.972,30.977,30.744,30.786,0
2024-09-16 04:00:00,30.79,30.966,30.784,30.925,0
2024-09-16 05:00:00,30.923,30.998,30.891,30.935,0
2024-09-16 06:00:00,30.94,30.956,30.861,30.897,0
2024-09-16 07:00:00,30.898,30.977,30.876,30.913,0
2024-09-16 08:00:00,30.916,30.987,30.827,30.972,0
2024-09-16 09:00:00,30.965,31.02,30.771,30.934,0
2024-09-16 10:00:00,30.943,30.946,30.576,30.699,0
2024-09-16 11:00:00,30.7,30.775,30.64,30.713,0
2024-09-16 12:00:00,30.712,30.79,30.664,30.779,0
2024-09-16 13:00:00,30.781,30.847,30.72,30.806,0
2024-09-16 14:00:00,30.807,30.821,30.706,30.752,0
2024-09-16 15:00:00,30.745,30.776,30.699,30.764,0
2024-09-16 16:00:00,30.762,30.763,30.697,30.712,0
2024-09-16 18:00:00,30.721,30.763,30.711,30.729,0
2024-09-16 19:00:00,30.73,30.749,30.703,30.742,0
2024-09-16 20:00:00,30.735,30.759,30.664,30.672,0
2024-09-16 21:00:00,30.672,30.806,30.67,30.806,0
2024-09-16 22:00:00,30.806,30.868,30.787,30.812,0
2024-09-16 23:00:00,30.812,30.843,30.782,30.788,0
2024-09-17 00:00:00,30.788,30.808,30.713,30.728,0
2024-09-17 01:00:00,30.726,30.777,30.699,30.774,0
2024-09-17 02:00:00,30.767,30.872,30.766,30.792,0
2024-09-17 03:00:00,30.792,30.857,30.736,30.746,0
2024-09-17 04:00:00,30.744,30.781,30.693,30.779,0
2024-09-17 05:00:00,30.778,30.778,30.623,30.647,0
2024-09-17 06:00:00,30.637,30.717,30.621,30.682,0
2024-09-17 07:00:00,30.686,30.815,30.63,30.782,0
2024-09-17 08:00:00,30.786,30.846,30.598,30.797,0
2024-09-17 09:00:00,30.799,30.941,30.652,30.83,0
2024-09-17 10:00:00,30.822,30.981,30.755,30.857,0
2024-09-17 11:00:00,30.862,30.873,30.56,30.686,0
2024-09-17 12:00:00,30.686,30.692,30.576,30.605,0
2024-09-17 13:00:00,30.609,30.714,30.5,30.696,0
2024-09-17 14:00:00,30.692,30.715,30.626,30.688,0
2024-09-17 15:00:00,30.68,30.711,30.593,30.641,0
2024-09-17 16:00:00,30.651,30.694,30.638,30.687,0
2024-09-17 18:00:00,30.657,30.718,30.631,30.698,0
2024-09-17 19:00:00,30.696,30.773,30.696,30.718,0
2024-09-17 20:00:00,30.72,30.743,30.553,30.573,0
2024-09-17 21:00:00,30.574,30.718,30.331,30.384,0
2024-09-17 22:00:00,30.379,30.514,30.344,30.512,0
2024-09-17 23:00:00,30.512,30.52,30.359,30.462,0
2024-09-18 00:00:00,30.461,30.492,30.383,30.397,0
2024-09-18 01:00:00,30.395,30.452,30.333,30.436,0
2024-09-18 02:00:00,30.441,30.549,30.434,30.548,0
2024-09-18 03:00:00,30.55,30.639,30.544,30.623,0
2024-09-18 04:00:00,30.617,30.639,30.574,30.599,0
2024-09-18 05:00:00,30.602,30.618,30.518,30.561,0
2024-09-18 06:00:00,30.566,30.632,30.544,30.587,0
2024-09-18 07:00:00,30.585,30.661,30.569,30.606,0
2024-09-18 08:00:00,30.609,30.644,30.548,30.617,0
2024-09-18 09:00:00,30.616,30.671,30.368,30.477,0
2024-09-18 10:00:00,30.475,30.534,30.303,30.444,0
2024-09-18 11:00:00,30.446,30.494,30.299,30.376,0
2024-09-18 12:00:00,30.375,30.477,30.329,30.463,0
2024-09-18 13:00:00,30.464,30.464,30.21,30.263,0
2024-09-18 14:00:00,30.248,31.226,30.248,30.635,0
2024-09-18 15:00:00,30.633,30.649,29.69,29.858,0
2024-09-18 16:00:00,29.854,30.089,29.843,30.059,0
2024-09-18 18:00:00,30.11,30.216,30.004,30.128,0
2024-09-18 19:00:00,30.13,30.178,30.044,30.168,0
2024-09-18 20:00:00,30.171,30.268,30.13,30.215,0
2024-09-18 21:00:00,30.208,30.241,29.895,30.063,0
2024-09-18 22:00:00,30.071,30.392,30.069,30.287,0
2024-09-18 23:00:00,30.278,30.376,30.221,30.355,0
2024-09-19 00:00:00,30.354,30.441,30.313,30.439,0
2024-09-19 01:00:00,30.431,30.754,30.421,30.747,0
2024-09-19 02:00:00,30.755,31.04,30.751,30.998,0
2024-09-19 03:00:00,31.005,31.189,30.957,31.184,0
2024-09-19 04:00:00,31.174,31.192,31.077,31.113,0
2024-09-19 05:00:00,31.113,31.293,31.082,31.191,0
2024-09-19 06:00:00,31.195,31.22,31.098,31.129,0
2024-09-19 07:00:00,31.131,31.201,31.046,31.195,0
2024-09-19 08:00:00,31.195,31.253,30.924,30.982,0
2024-09-19 09:00:00,30.981,31.074,30.637,30.799,0
2024-09-19 10:00:00,30.802,30.967,30.61,30.865,0
2024-09-19 11:00:00,30.868,31.086,30.814,31.065,0
2024-09-19 12:00:00,31.066,31.13,31.007,31.08,0
2024-09-19 13:00:00,31.074,31.12,31.043,31.11,0
2024-09-19 14:00:00,31.11,31.119,30.945,30.997,0
2024-09-19 15:00:00,30.997,30.997,30.789,30.812,0
2024-09-19 16:00:00,30.806,30.84,30.524,30.771,0
2024-09-19 18:00:00,30.756,30.81,30.746,30.798,0
2024-09-19 19:00:00,30.797,30.802,30.762,30.763,0
2024-09-19 20:00:00,30.767,30.861,30.737,30.851,0
2024-09-19 21:00:00,30.853,30.877,30.716,30.798,0
2024-09-19 22:00:00,30.798,30.988,30.756,30.971,0
2024-09-19 23:00:00,30.969,31.135,30.965,31.036,0
2024-09-20 00:00:00,31.038,31.084,31.014,31.054,0
2024-09-20 01:00:00,31.057,31.116,30.988,31.081,0
2024-09-20 02:00:00,31.082,31.229,31.069,31.121,0
2024-09-20 03:00:00,31.118,31.253,31.098,31.165,0
2024-09-20 04:00:00,31.162,31.298,31.123,31.237,0
2024-09-20 05:00:00,31.243,31.262,31.083,31.154,0
2024-09-20 06:00:00,31.155,31.333,31.121,31.324,0
2024-09-20 07:00:00,31.315,31.334,31.231,31.302,0
2024-09-20 08:00:00,31.3,31.424,31.277,31.378,0
2024-09-20 09:00:00,31.379,31.408,30.929,31.078,0
2024-09-20 10:00:00,31.081,31.214,30.887,31.077,0
2024-09-20 11:00:00,31.071,31.26,30.917,31.259,0
2024-09-20 12:00:00,31.259,31.34,31.212,31.295,0
2024-09-20 13:00:00,31.295,31.307,31.114,31.128,0
2024-09-20 14:00:00,31.129,31.188,31.027,31.18,0
2024-09-20 15:00:00,31.177,31.227,31.132,31.139,0
2024-09-20 16:00:00,31.14,31.172,31.077,31.149,0
2024-09-22 18:00:00,31.198,31.22,31.066,31.085,0
2024-09-22 19:00:00,31.086,31.098,31.04,31.085,0
2024-09-22 20:00:00,31.085,31.091,31.037,31.049,0
2024-09-22 21:00:00,31.043,31.177,30.936,31.11,0
2024-09-22 22:00:00,31.119,31.174,30.996,31.067,0
2024-09-22 23:00:00,31.071,31.175,31.04,31.051,0
2024-09-23 00:00:00,31.052,31.138,31.042,31.096,0
2024-09-23 01:00:00,31.087,31.124,30.999,31.053,0
2024-09-23 02:00:00,31.054,31.054,30.846,30.877,0
2024-09-23 03:00:00,30.88,30.906,30.388,30.449,0
2024-09-23 04:00:00,30.44,30.519,30.339,30.42,0
2024-09-23 05:00:00,30.417,30.575,30.417,30.569,0
2024-09-23 06:00:00,30.561,30.697,30.555,30.62,0
2024-09-23 07:00:00,30.621,30.75,30.606,30.744,0
2024-09-23 08:00:00,30.743,30.854,30.66,30.83,0
2024-09-23 09:00:00,30.834,30.987,30.82,30.923,0
2024-09-23 10:00:00,30.909,31.01,30.769,30.833,0
2024-09-23 11:00:00,30.832,30.89,30.648,30.742,0
2024-09-23 12:00:00,30.736,30.775,30.616,30.745,0
2024-09-23 13:00:00,30.734,30.82,30.707,30.793,0
2024-09-23 14:00:00,30.786,30.794,30.707,30.728,0
2024-09-23 15:00:00,30.726,30.737,30.632,30.66,0
2024-09-23 16:00:00,30.664,30.691,30.648,30.677,0
2024-09-23 18:00:00,30.686,30.712,30.665,30.681,0
2024-09-23 19:00:00,30.682,30.707,30.657,30.67,0
2024-09-23 20:00:00,30.664,30.705,30.635,30.656,0
2024-09-23 21:00:00,30.655,30.911,30.65,30.841,0
2024-09-23 22:00:00,30.843,30.893,30.767,30.883,0
2024-09-23 23:00:00,30.873,31.111,30.863,31.07,0
2024-09-24 00:00:00,31.066,31.092,30.963,31.083,0
2024-09-24 01:00:00,31.078,31.18,30.726,30.744,0
2024-09-24 02:00:00,30.738,30.881,30.663,30.849,0
2024-09-24 03:00:00,30.858,30.934,30.742,30.877,0
2024-09-24 04:00:00,30.871,30.928,30.807,30.92,0
2024-09-24 05:00:00,30.906,30.924,30.826,30.923,0
2024-09-24 06:00:00,30.92,31.001,30.866,30.87,0
2024-09-24 07:00:00,30.877,30.91,30.745,30.857,0
2024-09-24 08:00:00,30.864,30.924,30.786,30.911,0
2024-09-24 09:00:00,30.913,31.104,30.877,31.034,0
2024-09-24 10:00:00,31.041,31.402,30.862,31.375,0
2024-09-24 11:00:00,31.373,31.726,31.326,31.721,0
2024-09-24 12:00:00,31.715,32.202,31.702,32.178,0
2024-09-24 13:00:00,32.179,32.201,31.982,32.084,0
2024-09-24 14:00:00,32.092,32.221,32.079,32.198,0
2024-09-24 15:00:00,32.188,32.259,32.106,32.208,0
2024-09-24 16:00:00,32.207,32.237,32.05,32.068,0
2024-09-24 18:00:00,32.066,32.174,32.066,32.154,0
2024-09-24 19:00:00,32.154,32.159,32.106,32.142,0
2024-09-24 20:00:00,32.147,32.15,32.063,32.134,0
2024-09-24 21:00:00,32.134,32.273,31.872,32.041,0
2024-09-24 22:00:00,32.035,32.17,31.929,32.148,0
2024-09-24 23:00:00,32.146,32.15,31.925,31.955,0
2024-09-25 00:00:00,31.959,31.966,31.847,31.914,0
2024-09-25 01:00:00,31.911,31.962,31.761,31.819,0
2024-09-25 02:00:00,31.822,31.886,31.693,31.745,0
2024-09-25 03:00:00,31.746,31.824,31.672,31.791,0
2024-09-25 04:00:00,31.799,31.9,31.775,31.858,0
2024-09-25 05:00:00,31.868,31.869,31.71,31.767,0
2024-09-25 06:00:00,31.767,31.873,31.749,31.821,0
2024-09-25 07:00:00,31.827,31.92,31.789,31.9,0
2024-09-25 08:00:00,31.901,31.991,31.753,31.764,0
2024-09-25 09:00:00,31.761,32.022,31.724,32.019,0
2024-09-25 10:00:00,32.017,32.24,31.782,31.938,0
2024-09-25 11:00:00,31.943,31.965,31.794,31.853,0
2024-09-25 12:00:00,31.852,31.902,31.55,31.62,0
2024-09-25 13:00:00,31.611,31.841,31.601,31.816,0
2024-09-25 14:00:00,31.815,31.841,31.748,31.825,0
2024-09-25 15:00:00,31.816,31.847,31.781,31.833,0
2024-09-25 16:00:00,31.824,31.842,31.782,31.788,0
2024-09-25 18:00:00,31.772,31.854,31.771,31.817,0
2024-09-25 19:00:00,31.817,31.848,31.797,31.818,0
2024-09-25 20:00:00,31.823,31.937,31.82,31.904,0
2024-09-25 21:00:00,31.904,31.967,31.82,31.934,0
2024-09-25 22:00:00,31.935,31.935,31.74,31.799,0
2024-09-25 23:00:00,31.8,31.905,31.754,31.886,0
2024-09-26 00:00:00,31.885,31.91,31.841,31.868,0
2024-09-26 01:00:00,31.865,31.966,31.842,31.931,0
2024-09-26 02:00:00,31.933,32.003,31.787,31.986,0
2024-09-26 03:00:00,31.988,32.1,31.968,32.057,0
2024-09-26 04:00:00,32.05,32.219,32.041,32.213,0
2024-09-26 05:00:00,32.214,32.265,32.142,32.258,0
2024-09-26 06:00:00,32.255,32.477,32.183,32.418,0
2024-09-26 07:00:00,32.411,32.709,32.382,32.606,0
2024-09-26 08:00:00,32.604,32.629,32.161,32.335,0
2024-09-26 09:00:00,32.328,32.447,31.729,31.978,0
2024-09-26 10:00:00,31.978,32.289,31.939,32.108,0
2024-09-26 11:00:00,32.097,32.271,31.987,32.199,0
2024-09-26 12:00:00,32.189,32.199,31.89,31.97,0
2024-09-26 13:00:00,31.962,32.09,31.943,32.052,0
2024-09-26 14:00:00,32.05,32.176,32.035,32.139,0
2024-09-26 15:00:00,32.133,32.198,32.026,32.088,0
2024-09-26 16:00:00,32.082,32.091,31.793,31.886,0
2024-09-26 18:00:00,32.004,32.05,31.936,32.017,0
2024-09-26 19:00:00,32.011,32.016,31.953,31.97,0
2024-09-26 20:00:00,31.968,31.978,31.85,31.905,0
2024-09-26 21:00:00,31.901,31.978,31.721,31.794,0
2024-09-26 22:00:00,31.795,31.858,31.661,31.779,0
2024-09-26 23:00:00,31.778,31.946,31.757,31.939,0
2024-09-27 00:00:00,31.939,31.947,31.85,31.914,0
2024-09-27 01:00:00,31.918,31.987,31.57,31.703,0
2024-09-27 02:00:00,31.702,31.859,31.69,31.796,0
2024-09-27 03:00:00,31.798,31.859,31.627,31.78,0
2024-09-27 04:00:00,31.772,31.842,31.74,31.778,0
2024-09-27 05:00:00,31.781,31.816,31.69,31.769,0
2024-09-27 06:00:00,31.776,31.946,31.741,31.927,0
2024-09-27 07:00:00,31.92,32.047,31.888,31.988,0
2024-09-27 08:00:00,31.983,32.226,31.924,32.081,0
2024-09-27 09:00:00,32.085,32.288,32.008,32.171,0
2024-09-27 10:00:00,32.161,32.175,31.753,31.779,0
2024-09-27 11:00:00,31.777,31.81,31.571,31.657,0
2024-09-27 12:00:00,31.658,31.674,31.393,31.61,0
2024-09-27 13:00:00,31.61,31.651,31.409,31.462,0
2024-09-27 14:00:00,31.462,31.558,31.349,31.532,0
2024-09-27 15:00:00,31.532,31.661,31.493,31.613,0
2024-09-27 16:00:00,31.613,31.655,31.532,31.532,0
2024-09-29 18:00:00,31.605,31.796,31.605,31.785,0
2024-09-29 19:00:00,31.785,31.848,31.735,31.741,0
2024-09-29 20:00:00,31.735,31.811,31.64,31.657,0
2024-09-29 21:00:00,31.656,31.847,31.232,31.395,0
2024-09-29 22:00:00,31.396,31.584,31.366,31.526,0
2024-09-29 23:00:00,31.532,31.563,31.461,31.494,0
2024-09-30 00:00:00,31.494,31.584,31.468,31.572,0
2024-09-30 01:00:00,31.576,31.709,31.527,31.656,0
2024-09-30 02:00:00,31.653,31.656,31.465,31.57,0
2024-09-30 03:00:00,31.572,31.635,31.376,31.417,0
2024-09-30 04:00:00,31.417,31.532,31.417,31.496,0
2024-09-30 05:00:00,31.504,31.506,31.385,31.466,0
2024-09-30 06:00:00,31.465,31.481,31.089,31.1,0
2024-09-30 07:00:00,31.103,31.295,31.034,31.286,0
2024-09-30 08:00:00,31.288,31.39,31.176,31.346,0
2024-09-30 09:00:00,31.345,31.372,30.965,31.061,0
2024-09-30 10:00:00,31.056,31.209,30.921,31.151,0
2024-09-30 11:00:00,31.145,31.181,31.041,31.155,0
2024-09-30 12:00:00,31.156,31.276,31.144,31.269,0
2024-09-30 13:00:00,31.264,31.28,31.109,31.134,0
2024-09-30 14:00:00,31.133,31.151,30.87,31.084,0
2024-09-30 15:00:00,31.08,31.173,30.992,31.149,0
2024-09-30 16:00:00,31.149,31.179,31.042,31.145,0
2024-09-30 18:00:00,31.12,31.157,31.084,31.137,0
2024-09-30 19:00:00,31.141,31.232,31.141,31.232,0
2024-09-30 20:00:00,31.231,31.288,31.178,31.266,0
2024-09-30 21:00:00,31.268,31.346,31.204,31.339,0
2024-09-30 22:00:00,31.348,31.35,31.26,31.295,0
2024-09-30 23:00:00,31.297,31.343,31.24,31.319,0
2024-10-01 00:00:00,31.313,31.362,31.293,31.354,0
2024-10-01 01:00:00,31.354,31.409,31.331,31.388,0
2024-10-01 02:00:00,31.378,31.47,31.352,31.451,0
2024-10-01 03:00:00,31.449,31.473,31.243,31.394,0
2024-10-01 04:00:00,31.395,31.424,31.31,31.365,0
2024-10-01 05:00:00,31.374,31.405,31.264,31.309,0
2024-10-01 06:00:00,31.308,31.383,31.297,31.356,0
2024-10-01 07:00:00,31.351,31.449,31.265,31.349,0
2024-10-01 08:00:00,31.344,31.448,31.277,31.426,0
2024-10-01 09:00:00,31.431,31.842,31.393,31.763,0
2024-10-01 10:00:00,31.768,31.835,31.373,31.429,0
2024-10-01 11:00:00,31.432,31.64,31.291,31.544,0
2024-10-01 12:00:00,31.55,31.678,31.477,31.593,0
2024-10-01 13:00:00,31.594,31.618,31.308,31.38,0
2024-10-01 14:00:00,31.378,31.464,31.293,31.385,0
2024-10-01 15:00:00,31.384,31.453,31.332,31.335,0
2024-10-01 16:00:00,31.336,31.434,31.315,31.426,0
2024-10-01 18:00:00,31.391,31.413,31.322,31.386,0
2024-10-01 19:00:00,31.387,31.399,31.344,31.358,0
2024-10-01 20:00:00,31.352,31.374,31.283,31.322,0
2024-10-01 21:00:00,31.322,31.417,31.288,31.397,0
2024-10-01 22:00:00,31.397,31.432,31.359,31.423,0
2024-10-01 23:00:00,31.425,31.439,31.286,31.31,0
2024-10-02 00:00:00,31.308,31.326,31.122,31.177,0
2024-10-02 01:00:00,31.172,31.256,30.983,31.09,0
2024-10-02 02:00:00,31.094,31.203,31.061,31.198,0
2024-10-02 03:00:00,31.19,31.566,31.177,31.555,0
2024-10-02 04:00:00,31.548,31.572,31.421,31.451,0
2024-10-02 05:00:00,31.444,31.503,31.401,31.451,0
2024-10-02 06:00:00,31.449,31.492,31.408,31.434,0
2024-10-02 07:00:00,31.43,31.465,31.381,31.412,0
2024-10-02 08:00:00,31.416,31.703,31.393,31.661,0
2024-10-02 09:00:00,31.661,32.231,31.643,32.201,0
2024-10-02 10:00:00,32.205,32.297,31.631,31.656,0
2024-10-02 11:00:00,31.655,31.8,31.444,31.697,0
2024-10-02 12:00:00,31.697,31.799,31.622,31.628,0
2024-10-02 13:00:00,31.621,31.734,31.583,31.725,0
2024-10-02 14:00:00,31.726,31.744,31.616,31.691,0
2024-10-02 15:00:00,31.69,31.836,31.668,31.8,0
2024-10-02 16:00:00,31.795,31.857,31.785,31.812,0
2024-10-02 18:00:00,31.832,31.889,31.564,31.844,0
2024-10-02 19:00:00,31.844,31.866,31.817,31.839,0
2024-10-02 20:00:00,31.832,31.856,31.717,31.768,0
2024-10-02 21:00:00,31.76,31.799,31.631,31.763,0
2024-10-02 22:00:00,31.766,31.803,31.637,31.649,0
2024-10-02 23:00:00,31.649,31.7,31.552,31.637,0
2024-10-03 00:00:00,31.641,31.667,31.543,31.554,0
2024-10-03 01:00:00,31.55,31.652,31.518,31.59,0
2024-10-03 02:00:00,31.584,31.721,31.537,31.689,0
2024-10-03 03:00:00,31.679,31.695,31.397,31.465,0
2024-10-03 04:00:00,31.469,31.546,31.425,31.506,0
2024-10-03 05:00:00,31.507,31.6,31.441,31.516,0
2024-10-03 06:00:00,31.52,31.556,31.444,31.478,0
2024-10-03 07:00:00,31.477,31.561,31.423,31.506,0
2024-10-03 08:00:00,31.505,31.617,31.447,31.512,0
2024-10-03 09:00:00,31.503,31.786,31.476,31.694,0
2024-10-03 10:00:00,31.692,31.897,31.554,31.781,0
2024-10-03 11:00:00,31.776,31.963,31.745,31.84,0
2024-10-03 12:00:00,31.843,32.151,31.809,32.122,0
2024-10-03 13:00:00,32.125,32.203,31.998,32.057,0
2024-10-03 14:00:00,32.058,32.138,32.019,32.092,0
2024-10-03 15:00:00,32.088,32.116,32.032,32.039,0
2024-10-03 16:00:00,32.044,32.077,32.0,32.005,0
2024-10-03 18:00:00,31.978,32.068,31.974,32.043,0
2024-10-03 19:00:00,32.039,32.043,31.995,32.035,0
2024-10-03 20:00:00,32.029,32.051,31.962,32.041,0
2024-10-03 21:00:00,32.039,32.131,31.968,32.093,0
2024-10-03 22:00:00,32.098,32.206,32.087,32.179,0
2024-10-03 23:00:00,32.179,32.209,32.087,32.103,0
2024-10-04 00:00:00,32.103,32.236,32.088,32.162,0
2024-10-04 01:00:00,32.171,32.266,32.163,32.235,0
2024-10-04 02:00:00,32.234,32.235,32.018,32.034,0
2024-10-04 03:00:00,32.027,32.155,31.991,32.084,0
2024-10-04 04:00:00,32.081,32.085,31.954,31.999,0
2024-10-04 05:00:00,31.998,32.046,31.975,32.012,0
2024-10-04 06:00:00,32.008,32.113,31.998,32.032,0
2024-10-04 07:00:00,32.039,32.169,32.011,32.16,0
2024-10-04 08:00:00,32.16,32.161,31.488,31.661,0
2024-10-04 09:00:00,31.657,32.041,31.657,31.888,0
2024-10-04 10:00:00,31.887,32.389,31.748,32.33,0
2024-10-04 11:00:00,32.329,32.951,32.166,32.455,0
2024-10-04 12:00:00,32.461,32.499,32.063,32.136,0
2024-10-04 13:00:00,32.133,32.241,32.027,32.202,0
2024-10-04 14:00:00,32.201,32.221,32.081,32.155,0
2024-10-04 15:00:00,32.151,32.221,32.087,32.181,0
2024-10-04 16:00:00,32.184,32.209,32.107,32.165,0
2024-10-06 18:00:00,32.168,32.333,32.157,32.258,0
2024-10-06 19:00:00,32.258,32.272,32.17,32.205,0
2024-10-06 20:00:00,32.205,32.252,32.12,32.163,0
2024-10-06 21:00:00,32.159,32.287,32.09,32.181,0
2024-10-06 22:00:00,32.18,32.231,32.089,32.097,0
2024-10-06 23:00:00,32.1,32.125,32.033,32.092,0
2024-10-07 00:00:00,32.095,32.117,32.053,32.081,0
2024-10-07 01:00:00,32.083,32.083,31.846,31.862,0
2024-10-07 02:00:00,31.866,31.913,31.815,31.843,0
2024-10-07 03:00:00,31.842,31.999,31.807,31.977,0
2024-10-07 04:00:00,31.98,32.053,31.876,31.93,0
2024-10-07 05:00:00,31.934,31.98,31.856,31.906,0
2024-10-07 06:00:00,31.909,31.999,31.832,31.85,0
2024-10-07 07:00:00,31.852,32.006,31.838,31.95,0
2024-10-07 08:00:00,31.955,31.959,31.395,31.477,0
2024-10-07 09:00:00,31.476,31.912,31.467,31.771,0
2024-10-07 10:00:00,31.775,31.882,31.503,31.52,0
2024-10-07 11:00:00,31.52,31.77,31.461,31.684,0
2024-10-07 12:00:00,31.683,31.825,31.659,31.822,0
2024-10-07 13:00:00,31.821,31.83,31.713,31.782,0
2024-10-07 14:00:00,31.787,31.797,31.624,31.648,0
2024-10-07 15:00:00,31.639,31.731,31.624,31.711,0
2024-10-07 16:00:00,31.701,31.713,31.645,31.673,0
2024-10-07 18:00:00,31.615,31.705,31.6,31.62,0
2024-10-07 19:00:00,31.619,31.658,31.611,31.632,0
2024-10-07 20:00:00,31.63,31.713,31.617,31.661,0
2024-10-07 21:00:00,31.659,31.768,31.253,31.716,0
2024-10-07 22:00:00,31.722,31.747,31.003,31.205,0
2024-10-07 23:00:00,31.204,31.473,31.19,31.385,0
2024-10-08 00:00:00,31.387,31.435,31.339,31.43,0
2024-10-08 01:00:00,31.432,31.543,31.366,31.493,0
2024-10-08 02:00:00,31.499,31.555,31.07,31.128,0
2024-10-08 03:00:00,31.134,31.216,31.047,31.083,0
2024-10-08 04:00:00,31.082,31.217,30.982,31.202,0
2024-10-08 05:00:00,31.207,31.278,31.15,31.231,0
2024-10-08 06:00:00,31.228,31.314,31.169,31.288,0
2024-10-08 07:00:00,31.279,31.402,31.26,31.352,0
2024-10-08 08:00:00,31.348,31.446,31.002,31.149,0
2024-10-08 09:00:00,31.153,31.284,31.039,31.128,0
2024-10-08 10:00:00,31.138,31.152,30.484,30.578,0
2024-10-08 11:00:00,30.584,30.592,30.106,30.365,0
2024-10-08 12:00:00,30.365,30.418,30.237,30.259,0
2024-10-08 13:00:00,30.262,30.401,30.207,30.356,0
2024-10-08 14:00:00,30.357,30.502,30.34,30.472,0
2024-10-08 15:00:00,30.47,30.712,30.422,30.685,0
2024-10-08 16:00:00,30.685,30.697,30.617,30.619,0
2024-10-08 18:00:00,30.612,30.707,30.605,30.692,0
2024-10-08 19:00:00,30.691,30.721,30.654,30.658,0
2024-10-08 20:00:00,30.657,30.674,30.543,30.55,0
2024-10-08 21:00:00,30.55,30.735,30.523,30.61,0
2024-10-08 22:00:00,30.609,30.642,30.531,30.564,0
2024-10-08 23:00:00,30.569,30.575,30.445,30.56,0
2024-10-09 00:00:00,30.557,30.579,30.49,30.507,0
2024-10-09 01:00:00,30.508,30.757,30.491,30.637,0
2024-10-09 02:00:00,30.639,30.64,30.453,30.526,0
2024-10-09 03:00:00,30.527,30.598,30.393,30.502,0
2024-10-09 04:00:00,30.505,30.637,30.465,30.618,0
2024-10-09 05:00:00,30.628,30.697,30.585,30.671,0
2024-10-09 06:00:00,30.673,30.698,30.606,30.665,0
2024-10-09 07:00:00,30.652,30.773,30.624,30.664,0
2024-10-09 08:00:00,30.663,30.746,30.487,30.502,0
2024-10-09 09:00:00,30.507,30.543,30.203,30.407,0
2024-10-09 10:00:00,30.41,30.551,30.286,30.514,0
2024-10-09 11:00:00,30.516,30.676,30.494,30.56,0
2024-10-09 12:00:00,30.558,30.596,30.371,30.394,0
2024-10-09 13:00:00,30.396,30.474,30.358,30.469,0
2024-10-09 14:00:00,30.47,30.53,30.381,30.421,0
2024-10-09 15:00:00,30.424,30.548,30.413,30.532,0
2024-10-09 16:00:00,30.53,30.537,30.408,30.471,0
2024-10-09 18:00:00,30.41,30.467,30.355,30.467,0
2024-10-09 19:00:00,30.466,30.468,30.458,30.468,0
2024-10-09 20:00:00,30.473,30.588,30.453,30.574,0
2024-10-09 21:00:00,30.576,30.603,30.344,30.44,0
2024-10-09 22:00:00,30.442,30.621,30.405,30.59,0
2024-10-09 23:00:00,30.588,30.644,30.457,30.479,0
2024-10-10 00:00:00,30.478,30.54,30.474,30.519,0
2024-10-10 01:00:00,30.518,30.583,30.479,30.49,0
2024-10-10 02:00:00,30.481,30.58,30.432,30.473,0
2024-10-10 03:00:00,30.477,30.609,30.464,30.558,0
2024-10-10 04:00:00,30.547,30.555,30.482,30.506,0
2024-10-10 05:00:00,30.506,30.662,30.482,30.613,0
2024-10-10 06:00:00,30.614,30.679,30.581,30.646,0
2024-10-10 07:00:00,30.641,30.679,30.517,30.568,0
2024-10-10 08:00:00,30.573,30.806,30.355,30.684,0
2024-10-10 09:00:00,30.671,31.016,30.558,30.972,0
2024-10-10 10:00:00,30.974,31.03,30.745,30.865,0
2024-10-10 11:00:00,30.862,30.966,30.767,30.961,0
2024-10-10 12:00:00,30.963,31.18,30.933,30.948,0
2024-10-10 13:00:00,30.948,31.085,30.892,31.025,0
2024-10-10 14:00:00,31.025,31.115,30.971,31.056,0
2024-10-10 15:00:00,31.049,31.177,31.028,31.117,0
2024-10-10 16:00:00,31.118,31.171,31.109,31.144,0
2024-10-10 18:00:00,31.128,31.155,31.084,31.105,0
2024-10-10 19:00:00,31.103,31.165,31.103,31.139,0
2024-10-10 20:00:00,31.139,31.175,31.111,31.124,0
2024-10-10 21:00:00,31.122,31.246,31.053,31.22,0
2024-10-10 22:00:00,31.223,31.313,31.141,31.299,0
2024-10-10 23:00:00,31.291,31.328,31.219,31.28,0
2024-10-11 00:00:00,31.282,31.338,31.256,31.314,0
2024-10-11 01:00:00,31.317,31.324,31.193,31.22,0
2024-10-11 02:00:00,31.22,31.22,31.045,31.103,0
2024-10-11 03:00:00,31.108,31.195,31.046,31.167,0
2024-10-11 04:00:00,31.172,31.213,31.109,31.122,0
2024-10-11 05:00:00,31.12,31.177,31.09,31.114,0
2024-10-11 06:00:00,31.113,31.193,31.09,31.178,0
2024-10-11 07:00:00,31.18,31.222,31.116,31.206,0
2024-10-11 08:00:00,31.193,31.451,31.18,31.226,0
2024-10-11 09:00:00,31.228,31.559,31.197,31.397,0
2024-10-11 10:00:00,31.397,31.583,31.346,31.493,0
2024-10-11 11:00:00,31.493,31.598,31.483,31.596,0
2024-10-11 12:00:00,31.587,31.616,31.524,31.572,0
2024-10-11 13:00:00,31.561,31.615,31.466,31.551,0
2024-10-11 14:00:00,31.551,31.588,31.437,31.572,0
2024-10-11 15:00:00,31.575,31.628,31.512,31.556,0
2024-10-11 16:00:00,31.556,31.566,31.416,31.425,0
2024-10-13 18:00:00,31.487,31.493,30.723,31.179,0
2024-10-13 19:00:00,31.181,31.196,31.116,31.167,0
2024-10-13 20:00:00,31.168,31.295,31.104,31.275,0
2024-10-13 21:00:00,31.27,31.27,30.953,31.019,0
2024-10-13 22:00:00,31.015,31.194,30.889,31.193,0
2024-10-13 23:00:00,31.189,31.313,31.15,31.267,0
2024-10-14 00:00:00,31.269,31.351,31.256,31.326,0
2024-10-14 01:00:00,31.322,31.422,31.316,31.41,0
2024-10-14 02:00:00,31.408,31.539,31.356,31.486,0
2024-10-14 03:00:00,31.489,31.533,31.416,31.466,0
2024-10-14 04:00:00,31.462,31.53,31.422,31.434,0
2024-10-14 05:00:00,31.438,31.496,31.343,31.366,0
2024-10-14 06:00:00,31.37,31.387,31.228,31.24,0
2024-10-14 07:00:00,31.244,31.265,31.103,31.158,0
2024-10-14 08:00:00,31.155,31.237,31.102,31.187,0
2024-10-14 09:00:00,31.18,31.519,31.075,31.392,0
2024-10-14 10:00:00,31.395,31.466,31.148,31.164,0
2024-10-14 11:00:00,31.165,31.215,31.01,31.127,0
2024-10-14 12:00:00,31.132,31.202,31.094,31.157,0
2024-10-14 13:00:00,31.157,31.178,31.079,31.158,0
2024-10-14 14:00:00,31.163,31.249,31.142,31.176,0
2024-10-14 15:00:00,31.171,31.276,31.116,31.272,0
2024-10-14 16:00:00,31.262,31.304,31.153,31.192,0
2024-10-14 18:00:00,31.2,31.274,31.16,31.255,0
2024-10-14 19:00:00,31.258,31.282,31.214,31.217,0
2024-10-14 20:00:00,31.214,31.235,31.154,31.158,0
2024-10-14 21:00:00,31.155,31.269,31.136,31.155,0
2024-10-14 22:00:00,31.155,31.307,31.138,31.253,0
2024-10-14 23:00:00,31.253,31.275,31.106,31.127,0
2024-10-15 00:00:00,31.129,31.147,31.086,31.091,0
2024-10-15 01:00:00,31.09,31.09,30.748,30.971,0
2024-10-15 02:00:00,30.96,31.133,30.933,31.104,0
2024-10-15 03:00:00,31.096,31.136,31.028,31.085,0
2024-10-15 04:00:00,31.082,31.202,31.041,31.161,0
2024-10-15 05:00:00,31.161,31.187,31.106,31.158,0
2024-10-15 06:00:00,31.16,31.207,31.11,31.122,0
2024-10-15 07:00:00,31.12,31.179,31.063,31.11,0
2024-10-15 08:00:00,31.112,31.288,30.88,30.969,0
2024-10-15 09:00:00,30.965,31.285,30.956,31.195,0
2024-10-15 10:00:00,31.187,31.681,31.151,31.513,0
2024-10-15 11:00:00,31.505,31.595,31.43,31.458,0
2024-10-15 15:00:00,31.564,31.581,31.445,31.481,0
2024-10-15 19:00:00,31.483,31.508,31.45,31.458,0
2024-10-15 20:00:00,31.458,31.471,31.396,31.464,0
2024-10-15 21:00:00,31.463,31.582,31.437,31.557,0
2024-10-15 22:00:00,31.557,31.634,31.523,31.624,0
2024-10-15 23:00:00,31.626,31.662,31.531,31.59,0
2024-10-16 00:00:00,31.591,31.649,31.561,31.644,0
2024-10-16 01:00:00,31.648,31.674,31.566,31.614,0
2024-10-16 02:00:00,31.613,31.791,31.553,31.784,0
2024-10-16 03:00:00,31.786,31.822,31.673,31.786,0
2024-10-16 04:00:00,31.786,31.851,31.744,31.832,0
2024-10-16 05:00:00,31.834,31.922,31.82,31.889,0
2024-10-16 06:00:00,31.89,31.909,31.77,31.774,0
2024-10-16 07:00:00,31.783,31.886,31.763,31.854,0
2024-10-16 08:00:00,31.855,31.917,31.781,31.911,0
2024-10-16 09:00:00,31.909,32.171,31.839,31.925,0
2024-10-16 10:00:00,31.913,32.143,31.773,31.824,0
2024-10-16 11:00:00,31.825,31.826,31.542,31.64,0
2024-10-16 12:00:00,31.64,31.752,31.575,31.749,0
2024-10-16 13:00:00,31.752,31.803,31.728,31.754,0
2024-10-16 14:00:00,31.748,31.79,31.733,31.766,0
2024-10-16 15:00:00,31.756,31.764,31.687,31.708,0
2024-10-16 16:00:00,31.707,31.709,31.644,31.672,0
2024-10-16 18:00:00,31.697,31.712,31.406,31.693,0
2024-10-16 19:00:00,31.696,31.735,31.683,31.733,0
2024-10-16 20:00:00,31.734,31.814,31.708,31.808,0
2024-10-16 21:00:00,31.81,31.857,31.694,31.85,0
2024-10-16 22:00:00,31.852,31.917,31.491,31.667,0
2024-10-16 23:00:00,31.67,31.719,31.487,31.541,0
2024-10-17 00:00:00,31.545,31.602,31.511,31.597,0
2024-10-17 01:00:00,31.593,31.684,31.434,31.632,0
2024-10-17 02:00:00,31.639,31.643,31.343,31.483,0
2024-10-17 03:00:00,31.485,31.558,31.463,31.551,0
2024-10-17 04:00:00,31.55,31.641,31.51,31.61,0
2024-10-17 05:00:00,31.6,31.631,31.532,31.584,0
2024-10-17 06:00:00,31.58,31.834,31.569,31.801,0
2024-10-17 07:00:00,31.8,31.88,31.733,31.759,0
2024-10-17 08:00:00,31.754,31.818,31.604,31.687,0
2024-10-17 09:00:00,31.688,31.831,31.489,31.769,0
2024-10-17 10:00:00,31.757,32.012,31.521,31.914,0
2024-10-17 11:00:00,31.904,31.959,31.581,31.663,0
2024-10-17 12:00:00,31.663,31.678,31.298,31.615,0
2024-10-17 13:00:00,31.616,31.659,31.52,31.628,0
2024-10-17 14:00:00,31.63,31.691,31.585,31.649,0
2024-10-17 15:00:00,31.648,31.7,31.617,31.671,0
2024-10-17 16:00:00,31.674,31.706,31.647,31.666,0
2024-10-17 18:00:00,31.482,31.685,31.434,31.682,0
2024-10-17 19:00:00,31.676,31.777,31.658,31.77,0
2024-10-17 20:00:00,31.77,31.789,31.709,31.715,0
2024-10-17 21:00:00,31.715,31.968,31.7,31.941,0
2024-10-17 22:00:00,31.949,32.164,31.888,32.019,0
2024-10-17 23:00:00,32.013,32.045,31.907,31.983,0
2024-10-18 00:00:00,31.977,32.032,31.958,32.023,0
2024-10-18 01:00:00,32.026,32.171,32.018,32.133,0
2024-10-18 02:00:00,32.13,32.155,31.784,31.951,0
2024-10-18 03:00:00,31.95,32.045,31.909,31.996,0
2024-10-18 04:00:00,32.0,32.028,31.917,32.012,0
2024-10-18 05:00:00,32.006,32.104,31.991,32.086,0
2024-10-18 06:00:00,32.089,32.168,32.046,32.143,0
2024-10-18 07:00:00,32.145,32.161,32.02,32.071,0
2024-10-18 08:00:00,32.072,32.327,32.065,32.303,0
2024-10-18 09:00:00,32.292,32.605,32.158,32.527,0
2024-10-18 10:00:00,32.521,32.603,32.387,32.461,0
2024-10-18 11:00:00,32.451,32.685,32.356,32.638,0
2024-10-18 12:00:00,32.637,32.888,32.636,32.883,0
2024-10-18 13:00:00,32.883,33.133,32.867,33.096,0
2024-10-18 14:00:00,33.095,33.606,33.074,33.583,0
2024-10-18 15:00:00,33.585,33.673,33.526,33.611,0
2024-10-18 16:00:00,33.598,33.749,33.429,33.691,0
2024-10-20 18:00:00,33.735,34.008,33.58,33.87,0
2024-10-20 19:00:00,33.87,33.891,33.73,33.78,0
2024-10-20 20:00:00,33.784,33.83,33.549,33.566,0
2024-10-20 21:00:00,33.569,33.918,33.513,33.786,0
2024-10-20 22:00:00,33.782,34.096,33.77,34.086,0
2024-10-20 23:00:00,34.085,34.104,33.999,34.047,0
2024-10-21 00:00:00,34.04,34.076,33.96,34.003,0
2024-10-21 01:00:00,34.003,34.008,33.799,33.82,0
2024-10-21 02:00:00,33.819,34.067,33.786,34.055,0
2024-10-21 03:00:00,34.058,34.123,33.819,34.026,0
2024-10-21 04:00:00,34.024,34.081,33.966,33.992,0
2024-10-21 05:00:00,34.004,34.083,33.96,34.018,0
2024-10-21 06:00:00,34.018,34.032,33.89,33.995,0
2024-10-21 07:00:00,33.995,34.093,33.976,34.003,0
2024-10-21 08:00:00,33.992,34.208,33.911,34.188,0
2024-10-21 09:00:00,34.183,34.263,33.991,34.057,0
2024-10-21 10:00:00,34.058,34.136,33.593,33.741,0
2024-10-21 11:00:00,33.741,33.833,33.439,33.667,0
2024-10-21 12:00:00,33.668,33.872,33.642,33.843,0
2024-10-21 13:00:00,33.836,33.9,33.762,33.802,0
2024-10-21 14:00:00,33.807,33.828,33.566,33.605,0
2024-10-21 15:00:00,33.614,33.835,33.561,33.804,0
2024-10-21 16:00:00,33.813,33.842,33.574,33.574,0
2024-10-21 18:00:00,33.77,33.841,33.748,33.821,0
2024-10-21 19:00:00,33.82,33.883,33.815,33.828,0
2024-10-21 20:00:00,33.828,33.89,33.796,33.817,0
2024-10-21 21:00:00,33.815,33.929,33.781,33.874,0
2024-10-21 22:00:00,33.873,33.959,33.844,33.903,0
2024-10-21 23:00:00,33.9,34.092,33.894,34.047,0
2024-10-22 00:00:00,34.045,34.187,34.039,34.182,0
2024-10-22 01:00:00,34.178,34.194,33.909,33.994,0
2024-10-22 02:00:00,33.992,34.153,33.971,34.126,0
2024-10-22 03:00:00,34.126,34.199,34.107,34.179,0
2024-10-22 04:00:00,34.177,34.245,34.121,34.225,0
2024-10-22 05:00:00,34.228,34.231,34.108,34.159,0
2024-10-22 06:00:00,34.157,34.422,34.129,34.417,0
2024-10-22 07:00:00,34.421,34.49,34.3,34.33,0
2024-10-22 08:00:00,34.326,34.517,34.32,34.504,0
2024-10-22 09:00:00,34.501,34.631,34.366,34.366,0
2024-10-22 10:00:00,34.37,34.531,34.246,34.514,0
2024-10-22 11:00:00,34.517,34.748,34.502,34.535,0
2024-10-22 12:00:00,34.529,34.82,34.518,34.803,0
2024-10-22 13:00:00,34.802,34.859,34.761,34.859,0
2024-10-22 14:00:00,34.854,34.856,34.675,34.704,0
2024-10-22 15:00:00,34.703,34.815,34.638,34.791,0
2024-10-22 16:00:00,34.792,34.851,34.616,34.641,0
2024-10-22 18:00:00,34.857,34.863,34.643,34.782,0
2024-10-22 19:00:00,34.775,34.8,34.705,34.717,0
2024-10-22 20:00:00,34.71,34.757,34.651,34.653,0
2024-10-22 21:00:00,34.644,34.672,34.441,34.46,0
2024-10-22 22:00:00,34.456,34.544,34.434,34.531,0
2024-10-22 23:00:00,34.529,34.672,34.521,34.637,0
2024-10-23 00:00:00,34.634,34.743,34.627,34.72,0
2024-10-23 01:00:00,34.719,34.832,34.646,34.717,0
2024-10-23 02:00:00,34.718,34.747,34.5,34.623,0
2024-10-23 03:00:00,34.623,34.705,34.561,34.674,0
2024-10-23 04:00:00,34.674,34.72,34.631,34.656,0
2024-10-23 05:00:00,34.658,34.688,34.498,34.602,0
2024-10-23 06:00:00,34.609,34.636,34.513,34.53,0
2024-10-23 07:00:00,34.53,34.619,34.457,34.495,0
2024-10-23 08:00:00,34.497,34.524,34.276,34.328,0
2024-10-23 09:00:00,34.331,34.335,33.762,34.009,0
2024-10-23 10:00:00,34.01,34.051,33.543,33.693,0
2024-10-23 11:00:00,33.699,33.812,33.415,33.779,0
2024-10-23 12:00:00,33.771,33.791,33.643,33.656,0
2024-10-23 13:00:00,33.656,33.673,33.559,33.63,0
2024-10-23 14:00:00,33.63,33.639,33.455,33.558,0
2024-10-23 15:00:00,33.557,33.696,33.529,33.659,0
2024-10-23 16:00:00,33.657,33.699,33.61,33.668,0
2024-10-23 19:00:00,33.749,33.85,33.743,33.81,0
2024-10-23 20:00:00,33.811,33.829,33.721,33.824,0
2024-10-23 21:00:00,33.828,33.929,33.735,33.802,0
2024-10-23 22:00:00,33.802,33.902,33.733,33.867,0
2024-10-23 23:00:00,33.875,33.895,33.808,33.876,0
2024-10-24 00:00:00,33.883,33.921,33.852,33.916,0
2024-10-24 01:00:00,33.916,33.959,33.873,33.925,0
2024-10-24 02:00:00,33.927,34.157,33.888,34.119,0
2024-10-24 03:00:00,34.118,34.269,34.075,34.162,0
2024-10-24 04:00:00,34.167,34.272,34.153,34.214,0
2024-10-24 05:00:00,34.212,34.294,34.2,34.242,0
2024-10-24 06:00:00,34.245,34.263,34.089,34.093,0
2024-10-24 07:00:00,34.092,34.156,34.029,34.067,0
2024-10-24 08:00:00,34.065,34.111,33.934,34.074,0
2024-10-24 09:00:00,34.075,34.248,33.758,33.851,0
2024-10-24 10:00:00,33.852,33.966,33.477,33.697,0
2024-10-24 11:00:00,33.699,33.739,33.337,33.495,0
2024-10-24 20:00:00,33.655,33.683,33.629,33.676,0
2024-10-24 21:00:00,33.676,33.781,33.574,33.584,0
2024-10-24 22:00:00,33.584,33.675,33.496,33.509,0
2024-10-24 23:00:00,33.506,33.515,33.368,33.425,0
2024-10-25 00:00:00,33.426,33.472,33.383,33.441,0
2024-10-25 01:00:00,33.441,33.566,33.439,33.531,0
2024-10-25 02:00:00,33.525,33.581,33.362,33.545,0
2024-10-25 03:00:00,33.548,33.548,33.372,33.391,0
2024-10-25 04:00:00,33.382,33.408,33.171,33.203,0
2024-10-25 05:00:00,33.204,33.31,33.076,33.167,0
2024-10-25 06:00:00,33.174,33.221,33.073,33.205,0
2024-10-25 07:00:00,33.207,33.374,33.116,33.227,0
2024-10-25 08:00:00,33.223,33.52,33.203,33.48,0
2024-10-25 09:00:00,33.478,33.576,33.4,33.544,0
2024-10-25 10:00:00,33.542,33.96,33.539,33.884,0
2024-10-25 11:00:00,33.887,34.01,33.776,33.795,0
2024-10-25 12:00:00,33.791,33.834,33.5,33.59,0
2024-10-25 13:00:00,33.595,33.713,33.561,33.694,0
2024-10-25 14:00:00,33.695,33.704,33.573,33.598,0
2024-10-25 15:00:00,33.599,33.647,33.535,33.584,0
2024-10-25 16:00:00,33.573,33.706,33.564,33.69,0
2024-10-27 17:00:00,33.64,33.64,33.326,33.483,0
2024-10-27 18:00:00,33.485,33.679,33.485,33.586,0
2024-10-27 19:00:00,33.584,33.65,33.51,33.513,0
2024-10-27 20:00:00,33.515,33.515,33.213,33.447,0
2024-10-27 21:00:00,33.449,33.486,33.361,33.414,0
2024-10-27 22:00:00,33.413,33.454,33.262,33.266,0
2024-10-27 23:00:00,33.267,33.331,33.241,33.311,0
2024-10-28 00:00:00,33.309,33.474,33.267,33.465,0
2024-10-28 01:00:00,33.467,33.66,33.452,33.606,0
2024-10-28 02:00:00,33.61,33.702,33.529,33.561,0
2024-10-28 03:00:00,33.566,33.611,33.451,33.471,0
2024-10-28 04:00:00,33.48,33.515,33.284,33.33,0
2024-10-28 05:00:00,33.318,33.447,33.308,33.404,0
2024-10-28 06:00:00,33.396,33.428,33.321,33.392,0
2024-10-28 07:00:00,33.387,33.595,33.362,33.574,0
2024-10-28 08:00:00,33.58,33.867,33.518,33.743,0
2024-10-28 09:00:00,33.742,33.981,33.635,33.898,0
2024-10-28 10:00:00,33.908,33.915,33.642,33.655,0
2024-10-28 11:00:00,33.652,33.855,33.632,33.783,0
2024-10-28 12:00:00,33.783,33.826,33.713,33.748,0
2024-10-28 13:00:00,33.751,33.753,33.556,33.671,0
2024-10-28 14:00:00,33.666,33.719,33.627,33.693,0
2024-10-28 15:00:00,33.691,33.702,33.624,33.624,0
2024-10-28 17:00:00,33.643,33.678,33.559,33.638,0
2024-10-28 18:00:00,33.638,33.705,33.608,33.694,0
2024-10-28 19:00:00,33.693,33.724,33.635,33.715,0
2024-10-28 20:00:00,33.719,33.935,33.699,33.927,0
2024-10-28 21:00:00,33.933,34.094,33.887,33.929,0
2024-10-28 22:00:00,33.926,33.926,33.781,33.872,0
2024-10-28 23:00:00,33.87,33.946,33.845,33.937,0
2024-10-29 00:00:00,33.939,33.95,33.707,33.772,0
2024-10-29 01:00:00,33.774,33.921,33.704,33.898,0
2024-10-29 02:00:00,33.891,33.987,33.876,33.928,0
2024-10-29 03:00:00,33.935,34.119,33.759,34.109,0
2024-10-29 04:00:00,34.097,34.188,34.02,34.085,0
2024-10-29 05:00:00,34.083,34.157,34.017,34.133,0
2024-10-29 06:00:00,34.125,34.18,34.033,34.133,0
2024-10-29 07:00:00,34.122,34.247,33.99,34.003,0
2024-10-29 08:00:00,33.996,34.343,33.975,34.258,0
2024-10-29 09:00:00,34.265,34.537,34.241,34.413,0
2024-10-29 10:00:00,34.413,34.459,34.05,34.228,0
2024-10-29 11:00:00,34.234,34.333,34.15,34.255,0
2024-10-29 12:00:00,34.255,34.347,34.229,34.329,0
2024-10-29 13:00:00,34.331,34.472,34.293,34.434,0
2024-10-29 14:00:00,34.435,34.467,34.392,34.426,0
2024-10-29 15:00:00,34.412,34.47,34.404,34.413,0
2024-10-29 17:00:00,34.411,34.471,34.395,34.435,0
2024-10-29 18:00:00,34.437,34.479,34.419,34.465,0
2024-10-29 19:00:00,34.466,34.517,34.436,34.44,0
2024-10-29 20:00:00,34.441,34.469,34.342,34.431,0
2024-10-29 21:00:00,34.432,34.439,34.232,34.377,0
2024-10-29 22:00:00,34.368,34.393,34.136,34.216,0
2024-10-29 23:00:00,34.206,34.236,34.143,34.192,0
2024-10-30 00:00:00,34.185,34.28,34.15,34.204,0
2024-10-30 01:00:00,34.204,34.35,34.114,34.299,0
2024-10-30 02:00:00,34.305,34.342,34.1,34.125,0
2024-10-30 03:00:00,34.127,34.219,34.099,34.163,0
2024-10-30 04:00:00,34.157,34.264,34.127,34.239,0
2024-10-30 05:00:00,34.249,34.283,34.011,34.055,0
2024-10-30 06:00:00,34.056,34.139,34.0,34.013,0
2024-10-30 07:00:00,34.005,34.194,33.932,34.029,0
2024-10-30 08:00:00,34.026,34.12,33.395,33.733,0
2024-10-30 09:00:00,33.734,33.888,33.676,33.786,0
2024-10-30 10:00:00,33.783,33.977,33.586,33.93,0
2024-10-30 11:00:00,33.936,33.965,33.81,33.84,0
2024-10-30 12:00:00,33.838,33.914,33.791,33.868,0
2024-10-30 13:00:00,33.865,33.968,33.843,33.852,0
2024-10-30 14:00:00,33.851,33.865,33.763,33.767,0
2024-10-30 15:00:00,33.768,33.779,33.684,33.741,0
2024-10-30 17:00:00,33.755,33.758,33.674,33.748,0
2024-10-30 18:00:00,33.746,33.788,33.722,33.73,0
2024-10-30 19:00:00,33.728,33.842,33.712,33.834,0
2024-10-30 20:00:00,33.833,33.889,33.683,33.71,0
2024-10-30 21:00:00,33.71,33.792,33.588,33.659,0
2024-10-30 22:00:00,33.664,33.738,33.587,33.604,0
2024-10-30 23:00:00,33.604,33.623,33.518,33.542,0
2024-10-31 00:00:00,33.536,33.695,33.5,33.692,0
2024-10-31 01:00:00,33.692,33.748,33.626,33.64,0
2024-10-31 02:00:00,33.641,33.713,33.543,33.709,0
2024-10-31 03:00:00,33.713,33.723,33.491,33.509,0
2024-10-31 04:00:00,33.5,33.666,33.451,33.585,0
2024-10-31 05:00:00,33.583,33.594,33.417,33.452,0
2024-10-31 06:00:00,33.453,33.597,33.45,33.575,0
2024-10-31 07:00:00,33.58,33.658,33.356,33.41,0
2024-10-31 08:00:00,33.409,33.413,32.889,32.901,0
2024-10-31 09:00:00,32.9,32.903,32.488,32.571,0
2024-10-31 10:00:00,32.561,32.707,32.511,32.672,0
2024-10-31 11:00:00,32.677,32.716,32.552,32.595,0
2024-10-31 12:00:00,32.604,32.684,32.594,32.665,0
2024-10-31 13:00:00,32.664,32.798,32.642,32.766,0
2024-10-31 14:00:00,32.771,32.82,32.666,32.68,0
2024-10-31 15:00:00,32.678,32.705,32.633,32.645,0
2024-10-31 17:00:00,32.638,32.684,32.6,32.659,0
2024-10-31 18:00:00,32.664,32.689,32.634,32.649,0
2024-10-31 19:00:00,32.652,32.724,32.629,32.664,0
2024-10-31 20:00:00,32.663,32.777,32.644,32.672,0
2024-10-31 21:00:00,32.67,32.732,32.605,32.688,0
2024-10-31 22:00:00,32.689,32.762,32.644,32.758,0
2024-10-31 23:00:00,32.759,32.808,32.749,32.771,0
2024-11-01 00:00:00,32.77,32.808,32.718,32.783,0
2024-11-01 01:00:00,32.788,32.833,32.671,32.677,0
2024-11-01 02:00:00,32.682,32.686,32.544,32.667,0
2024-11-01 03:00:00,32.655,32.868,32.639,32.834,0
2024-11-01 04:00:00,32.834,32.887,32.771,32.81,0
2024-11-01 05:00:00,32.801,32.845,32.721,32.837,0
2024-11-01 06:00:00,32.838,32.873,32.781,32.815,0
2024-11-01 07:00:00,32.82,32.948,32.666,32.801,0
2024-11-01 08:00:00,32.801,33.114,32.794,33.003,0
2024-11-01 09:00:00,33.007,33.081,32.467,32.722,0
2024-11-01 10:00:00,32.725,32.816,32.611,32.673,0
2024-11-03 18:00:00,32.359,32.538,32.203,32.483,0
2024-11-03 19:00:00,32.483,32.612,32.48,32.597,0
2024-11-03 20:00:00,32.593,32.657,32.492,32.554,0
2024-11-03 21:00:00,32.552,32.59,32.448,32.58,0
2024-11-03 22:00:00,32.582,32.705,32.569,32.67,0
2024-11-03 23:00:00,32.662,32.725,32.652,32.699,0
2024-11-04 00:00:00,32.697,32.77,32.598,32.769,0
2024-11-04 01:00:00,32.771,32.82,32.653,32.8,0
2024-11-04 02:00:00,32.799,32.849,32.558,32.597,0
2024-11-04 03:00:00,32.599,32.74,32.571,32.647,0
2024-11-04 04:00:00,32.65,32.832,32.603,32.808,0
2024-11-04 05:00:00,32.817,32.848,32.718,32.756,0
2024-11-04 06:00:00,32.76,32.8,32.691,32.793,0
2024-11-04 07:00:00,32.794,32.869,32.769,32.807,0
2024-11-04 08:00:00,32.808,32.859,32.531,32.778,0
2024-11-04 09:00:00,32.777,32.847,32.533,32.707,0
2024-11-04 10:00:00,32.705,32.738,32.467,32.511,0
2024-11-04 11:00:00,32.505,32.533,32.289,32.321,0
2024-11-04 12:00:00,32.332,32.524,32.277,32.514,0
2024-11-04 13:00:00,32.515,32.537,32.442,32.475,0
2024-11-04 14:00:00,32.473,32.508,32.437,32.465,0
2024-11-04 15:00:00,32.467,32.522,32.438,32.49,0
2024-11-04 16:00:00,32.492,32.492,32.429,32.444,0
2024-11-04 18:00:00,32.434,32.474,32.363,32.396,0
2024-11-04 19:00:00,32.395,32.417,32.342,32.375,0
2024-11-04 20:00:00,32.37,32.426,32.326,32.375,0
2024-11-04 21:00:00,32.376,32.51,32.231,32.356,0
2024-11-04 22:00:00,32.359,32.497,32.325,32.474,0
2024-11-04 23:00:00,32.475,32.493,32.432,32.446,0
2024-11-05 00:00:00,32.44,32.507,32.406,32.428,0
2024-11-05 01:00:00,32.427,32.562,32.389,32.505,0
2024-11-05 02:00:00,32.505,32.603,32.46,32.477,0
2024-11-05 03:00:00,32.478,32.646,32.402,32.641,0
2024-11-05 04:00:00,32.64,32.667,32.582,32.605,0
2024-11-05 05:00:00,32.606,32.641,32.539,32.618,0
2024-11-05 06:00:00,32.621,32.663,32.6,32.612,0
2024-11-05 07:00:00,32.622,32.654,32.554,32.568,0
2024-11-05 08:00:00,32.575,32.845,32.555,32.745,0
2024-11-05 09:00:00,32.736,32.915,32.722,32.863,0
2024-11-05 10:00:00,32.863,32.863,32.599,32.733,0
2024-11-05 11:00:00,32.724,32.762,32.585,32.622,0
2024-11-05 12:00:00,32.623,32.751,32.566,32.642,0
2024-11-05 13:00:00,32.642,32.682,32.565,32.597,0
2024-11-05 14:00:00,32.596,32.653,32.57,32.608,0
2024-11-05 15:00:00,32.606,32.629,32.566,32.624,0
2024-11-05 16:00:00,32.623,32.675,32.609,32.629,0
2024-11-05 18:00:00,32.611,32.716,32.587,32.696,0
2024-11-05 19:00:00,32.694,32.696,32.323,32.43,0
2024-11-05 20:00:00,32.43,32.608,32.257,32.542,0
2024-11-05 21:00:00,32.543,32.58,32.291,32.304,0
2024-11-05 22:00:00,32.306,32.337,32.009,32.077,0
2024-11-05 23:00:00,32.08,32.347,32.068,32.323,0
2024-11-06 00:00:00,32.324,32.334,32.096,32.243,0
2024-11-06 01:00:00,32.243,32.258,31.442,31.605,0
2024-11-06 02:00:00,31.608,32.069,31.57,32.029,0
2024-11-06 03:00:00,32.029,32.36,31.954,32.283,0
2024-11-06 04:00:00,32.284,32.325,32.101,32.294,0
2024-11-06 05:00:00,32.287,32.3,32.129,32.137,0
2024-11-06 06:00:00,32.139,32.205,31.7,31.771,0
2024-11-06 07:00:00,31.772,31.953,31.62,31.638,0
2024-11-06 08:00:00,31.637,31.659,30.931,31.041,0
2024-11-06 09:00:00,31.04,31.138,30.816,30.963,0
2024-11-06 10:00:00,30.967,31.403,30.892,31.393,0
2024-11-06 11:00:00,31.394,31.412,31.026,31.206,0
2024-11-06 12:00:00,31.211,31.222,31.07,31.089,0
2024-11-06 13:00:00,31.089,31.262,31.081,31.227,0
2024-11-06 14:00:00,31.234,31.278,31.183,31.194,0
2024-11-06 15:00:00,31.196,31.219,31.058,31.184,0
2024-11-06 16:00:00,31.174,31.198,31.137,31.166,0
2024-11-06 18:00:00,31.164,31.22,31.133,31.169,0
2024-11-06 19:00:00,31.172,31.24,31.113,31.128,0
2024-11-06 20:00:00,31.128,31.204,30.895,31.028,0
2024-11-06 21:00:00,31.029,31.18,31.003,31.106,0
2024-11-06 22:00:00,31.105,31.143,31.032,31.058,0
2024-11-06 23:00:00,31.046,31.066,30.852,30.953,0
2024-11-07 00:00:00,30.958,31.139,30.953,31.115,0
2024-11-07 01:00:00,31.113,31.123,30.919,31.078,0
2024-11-07 02:00:00,31.064,31.228,31.022,31.175,0
2024-11-07 03:00:00,31.174,31.222,31.03,31.037,0
2024-11-07 04:00:00,31.037,31.189,31.034,31.091,0
2024-11-07 05:00:00,31.089,31.193,31.074,31.14,0
2024-11-07 06:00:00,31.14,31.154,31.012,31.05,0
2024-11-07 07:00:00,31.055,31.32,31.041,31.314,0
2024-11-07 08:00:00,31.318,31.664,31.289,31.615,0
2024-11-07 09:00:00,31.614,31.864,31.545,31.768,0
2024-11-07 10:00:00,31.77,31.875,31.696,31.802,0
2024-11-07 11:00:00,31.802,31.816,31.589,31.712,0
2024-11-07 12:00:00,31.722,31.84,31.663,31.81,0
2024-11-07 13:00:00,31.798,31.807,31.688,31.711,0
2024-11-07 14:00:00,31.71,31.819,31.586,31.759,0
2024-11-07 15:00:00,31.764,32.148,31.723,31.944,0
2024-11-07 16:00:00,31.939,32.054,31.93,32.01,0
2024-11-07 18:00:00,32.018,32.051,31.981,32.005,0
2024-11-07 19:00:00,32.004,32.021,31.81,31.819,0
2024-11-07 20:00:00,31.823,31.868,31.728,31.797,0
2024-11-07 21:00:00,31.8,31.853,31.71,31.745,0
2024-11-07 22:00:00,31.745,31.825,31.649,31.677,0
2024-11-07 23:00:00,31.676,31.738,31.629,31.711,0
2024-11-08 00:00:00,31.71,31.777,31.696,31.728,0
2024-11-08 01:00:00,31.726,31.748,31.469,31.516,0
2024-11-08 02:00:00,31.516,31.569,31.419,31.543,0
2024-11-08 03:00:00,31.548,31.57,31.304,31.455,0
2024-11-08 04:00:00,31.448,31.574,31.428,31.514,0
2024-11-08 05:00:00,31.519,31.519,31.353,31.422,0
2024-11-08 06:00:00,31.422,31.583,31.418,31.548,0
2024-11-08 07:00:00,31.546,31.554,31.362,31.473,0
2024-11-08 08:00:00,31.473,31.824,31.432,31.722,0
2024-11-08 09:00:00,31.731,31.841,31.426,31.579,0
2024-11-08 10:00:00,31.572,31.589,31.265,31.409,0
2024-11-08 11:00:00,31.405,31.431,31.228,31.236,0
2024-11-08 12:00:00,31.244,31.378,31.244,31.33,0
2024-11-08 13:00:00,31.33,31.366,31.23,31.258,0
2024-11-08 14:00:00,31.26,31.302,31.174,31.284,0
2024-11-08 15:00:00,31.277,31.317,31.239,31.239,0
2024-11-08 16:00:00,31.239,31.299,31.239,31.288,0
2024-11-10 18:00:00,31.255,31.406,31.197,31.402,0
2024-11-10 19:00:00,31.402,31.411,31.269,31.381,0
2024-11-10 20:00:00,31.375,31.408,31.162,31.245,0
2024-11-10 21:00:00,31.245,31.317,31.082,31.252,0
2024-11-10 22:00:00,31.243,31.257,31.165,31.196,0
2024-11-10 23:00:00,31.188,31.211,31.13,31.208,0
2024-11-11 00:00:00,31.201,31.327,31.169,31.246,0
2024-11-11 01:00:00,31.244,31.368,31.214,31.365,0
2024-11-11 02:00:00,31.367,31.385,31.159,31.194,0
2024-11-11 03:00:00,31.188,31.355,31.185,31.295,0
2024-11-11 04:00:00,31.292,31.355,31.233,31.343,0
2024-11-11 05:00:00,31.344,31.556,31.289,31.311,0
2024-11-11 06:00:00,31.316,31.382,31.277,31.3,0
2024-11-11 07:00:00,31.307,31.32,31.131,31.137,0
2024-11-11 08:00:00,31.142,31.142,30.593,30.654,0
2024-11-11 09:00:00,30.659,30.766,30.525,30.601,0
2024-11-11 10:00:00,30.602,30.643,30.43,30.461,0
2024-11-11 11:00:00,30.472,30.569,30.411,30.538,0
2024-11-11 12:00:00,30.547,30.591,30.484,30.515,0
2024-11-11 13:00:00,30.514,30.627,30.485,30.607,0
2024-11-11 14:00:00,30.601,30.645,30.584,30.624,0
2024-11-11 15:00:00,30.63,30.735,30.623,30.686,0
2024-11-11 16:00:00,30.684,30.731,30.663,30.668,0
2024-11-11 18:00:00,30.652,30.718,30.633,30.708,0
2024-11-11 19:00:00,30.709,30.727,30.653,30.691,0
2024-11-11 20:00:00,30.699,30.779,30.598,30.703,0
2024-11-11 21:00:00,30.707,30.715,30.557,30.594,0
2024-11-11 22:00:00,30.592,30.658,30.542,30.552,0
2024-11-11 23:00:00,30.553,30.577,30.521,30.567,0
2024-11-12 00:00:00,30.57,30.58,30.245,30.28,0
2024-11-12 01:00:00,30.274,30.367,30.214,30.351,0
2024-11-12 02:00:00,30.35,30.387,30.179,30.293,0
2024-11-12 03:00:00,30.293,30.457,30.26,30.359,0
2024-11-12 04:00:00,30.354,30.358,30.183,30.262,0
2024-11-12 05:00:00,30.272,30.364,30.223,30.31,0
2024-11-12 06:00:00,30.319,30.407,30.245,30.369,0
2024-11-12 07:00:00,30.371,30.521,30.362,30.472,0
2024-11-12 08:00:00,30.469,30.756,30.461,30.748,0
2024-11-12 09:00:00,30.75,30.771,30.643,30.685,0
2024-11-12 10:00:00,30.685,30.739,30.481,30.502,0
2024-11-12 11:00:00,30.501,30.673,30.486,30.608,0
2024-11-12 12:00:00,30.612,30.622,30.49,30.598,0
2024-11-12 13:00:00,30.601,30.703,30.578,30.702,0
2024-11-12 14:00:00,30.694,30.747,30.664,30.684,0
2024-11-12 15:00:00,30.678,30.805,30.649,30.783,0
2024-11-12 16:00:00,30.784,30.809,30.687,30.695,0
2024-11-12 18:00:00,30.688,30.709,30.627,30.685,0
2024-11-12 19:00:00,30.686,30.758,30.651,30.742,0
2024-11-12 20:00:00,30.741,30.956,30.734,30.924,0
2024-11-12 21:00:00,30.925,31.021,30.887,31.005,0
2024-11-12 22:00:00,31.005,31.035,30.908,30.976,0
2024-11-12 23:00:00,30.978,31.011,30.937,30.946,0
2024-11-13 00:00:00,30.951,30.971,30.844,30.919,0
2024-11-13 01:00:00,30.916,30.963,30.829,30.838,0
2024-11-13 02:00:00,30.833,30.893,30.803,30.834,0
2024-11-13 03:00:00,30.842,30.896,30.777,30.875,0
2024-11-13 04:00:00,30.884,30.986,30.865,30.943,0
2024-11-13 05:00:00,30.942,30.948,30.875,30.906,0
2024-11-13 06:00:00,30.904,30.952,30.787,30.881,0
2024-11-13 07:00:00,30.884,30.939,30.819,30.834,0
2024-11-13 08:00:00,30.84,31.136,30.787,30.896,0
2024-11-13 09:00:00,30.896,31.054,30.655,30.684,0
2024-11-13 10:00:00,30.683,30.792,30.508,30.782,0
2024-11-13 11:00:00,30.782,30.793,30.464,30.5,0
2024-11-13 12:00:00,30.503,30.593,30.417,30.567,0
2024-11-13 13:00:00,30.568,30.609,30.511,30.575,0
2024-11-13 14:00:00,30.571,30.634,30.523,30.527,0
2024-11-13 15:00:00,30.52,30.529,30.272,30.283,0
2024-11-13 16:00:00,30.286,30.355,30.283,30.29,0
2024-11-13 18:00:00,30.27,30.355,30.207,30.255,0
2024-11-13 19:00:00,30.257,30.415,30.255,30.409,0
2024-11-13 20:00:00,30.411,30.413,30.144,30.176,0
2024-11-13 21:00:00,30.176,30.219,30.027,30.094,0
2024-11-13 22:00:00,30.094,30.196,30.079,30.144,0
2024-11-13 23:00:00,30.144,30.213,30.116,30.2,0
2024-11-14 00:00:00,30.195,30.204,30.034,30.075,0
2024-11-14 01:00:00,30.074,30.106,29.796,29.876,0
2024-11-14 02:00:00,29.879,29.951,29.707,29.854,0
2024-11-14 03:00:00,29.854,29.933,29.767,29.878,0
2024-11-14 04:00:00,29.88,29.929,29.66,29.806,0
2024-11-14 05:00:00,29.807,29.867,29.709,29.839,0
2024-11-14 06:00:00,29.841,29.992,29.751,29.966,0
2024-11-14 07:00:00,29.963,30.028,29.833,29.888,0
2024-11-14 08:00:00,29.887,30.273,29.876,30.154,0
2024-11-14 09:00:00,30.15,30.349,30.079,30.197,0
2024-11-14 10:00:00,30.198,30.457,30.173,30.341,0
2024-11-14 11:00:00,30.341,30.53,30.331,30.52,0
2024-11-14 12:00:00,30.519,30.545,30.42,30.508,0
2024-11-14 13:00:00,30.508,30.52,30.444,30.469,0
2024-11-14 14:00:00,30.467,30.648,30.466,30.62,0
2024-11-14 15:00:00,30.627,30.635,30.36,30.497,0
2024-11-14 16:00:00,30.499,30.533,30.42,30.435,0
2024-11-14 18:00:00,30.426,30.446,30.304,30.357,0
2024-11-14 19:00:00,30.35,30.424,30.345,30.371,0
2024-11-14 20:00:00,30.372,30.516,30.3,30.357,0
2024-11-14 21:00:00,30.353,30.555,30.352,30.521,0
2024-11-14 22:00:00,30.534,30.556,30.463,30.473,0
2024-11-14 23:00:00,30.467,30.539,30.457,30.504,0
2024-11-15 00:00:00,30.505,30.525,30.328,30.33,0
2024-11-15 01:00:00,30.33,30.371,30.209,30.326,0
2024-11-15 02:00:00,30.321,30.389,30.281,30.35,0
2024-11-15 03:00:00,30.341,30.476,30.262,30.417,0
2024-11-15 04:00:00,30.423,30.478,30.321,30.328,0
2024-11-15 05:00:00,30.337,30.625,30.28,30.568,0
2024-11-15 06:00:00,30.566,30.777,30.534,30.678,0
2024-11-15 07:00:00,30.683,30.704,30.568,30.627,0
2024-11-15 08:00:00,30.636,30.81,30.368,30.55,0
2024-11-15 09:00:00,30.546,30.805,30.528,30.674,0
2024-11-15 10:00:00,30.675,30.705,30.378,30.492,0
2024-11-15 11:00:00,30.492,30.542,30.267,30.3,0
2024-11-15 12:00:00,30.294,30.381,30.253,30.299,0
2024-11-15 13:00:00,30.291,30.376,30.227,30.343,0
2024-11-15 14:00:00,30.345,30.36,30.227,30.294,0
2024-11-15 15:00:00,30.294,30.297,30.167,30.236,0
2024-11-15 16:00:00,30.236,30.249,30.209,30.235,0
2024-11-17 18:00:00,30.303,30.398,30.255,30.384,0
2024-11-17 19:00:00,30.386,30.461,30.356,30.456,0
2024-11-17 20:00:00,30.454,30.659,30.437,30.56,0
2024-11-17 21:00:00,30.558,30.665,30.533,30.635,0
2024-11-17 22:00:00,30.631,30.656,30.59,30.617,0
2024-11-17 23:00:00,30.618,30.714,30.606,30.696,0
2024-11-18 00:00:00,30.691,30.699,30.562,30.582,0
2024-11-18 01:00:00,30.578,30.681,30.505,30.638,0
2024-11-18 02:00:00,30.638,30.657,30.575,30.592,0
2024-11-18 03:00:00,30.595,30.732,30.58,30.637,0
2024-11-18 04:00:00,30.637,30.755,30.589,30.746,0
2024-11-18 05:00:00,30.748,30.76,30.692,30.749,0
2024-11-18 06:00:00,30.746,30.799,30.699,30.733,0
2024-11-18 07:00:00,30.726,30.848,30.682,30.801,0
2024-11-18 08:00:00,30.803,31.0,30.768,30.914,0
2024-11-18 09:00:00,30.906,31.125,30.878,31.102,0
2024-11-18 10:00:00,31.107,31.251,31.059,31.186,0
2024-11-18 11:00:00,31.187,31.261,31.125,31.232,0
2024-11-18 12:00:00,31.228,31.237,31.116,31.157,0
2024-11-18 13:00:00,31.155,31.166,31.004,31.057,0
2024-11-18 14:00:00,31.057,31.093,31.034,31.077,0
2024-11-18 15:00:00,31.076,31.165,31.063,31.116,0
2024-11-18 16:00:00,31.116,31.164,31.108,31.129,0
2024-11-18 18:00:00,31.138,31.168,31.036,31.159,0
2024-11-18 19:00:00,31.16,31.163,31.115,31.141,0
2024-11-18 20:00:00,31.142,31.258,31.132,31.252,0
2024-11-18 21:00:00,31.252,31.338,31.214,31.324,0
2024-11-18 22:00:00,31.328,31.429,31.309,31.368,0
2024-11-18 23:00:00,31.354,31.377,31.3,31.308,0
2024-11-19 00:00:00,31.3,31.328,31.237,31.314,0
2024-11-19 01:00:00,31.307,31.4,31.272,31.29,0
2024-11-19 02:00:00,31.291,31.297,31.19,31.237,0
2024-11-19 03:00:00,31.233,31.343,31.177,31.335,0
2024-11-19 04:00:00,31.328,31.527,31.317,31.375,0
2024-11-19 05:00:00,31.374,31.447,31.36,31.404,0
2024-11-19 06:00:00,31.41,31.427,31.264,31.275,0
2024-11-19 07:00:00,31.271,31.435,31.264,31.428,0
2024-11-19 08:00:00,31.424,31.427,31.178,31.296,0
2024-11-19 09:00:00,31.298,31.331,31.033,31.07,0
2024-11-19 10:00:00,31.069,31.205,31.056,31.089,0
2024-11-19 11:00:00,31.091,31.202,31.039,31.138,0
2024-11-19 12:00:00,31.14,31.262,31.132,31.175,0
2024-11-19 13:00:00,31.177,31.234,31.127,31.229,0
2024-11-19 14:00:00,31.232,31.275,31.206,31.246,0
2024-11-19 15:00:00,31.246,31.298,31.231,31.253,0
2024-11-19 16:00:00,31.253,31.261,31.168,31.181,0
2024-11-19 18:00:00,31.202,31.292,31.127,31.277,0
2024-11-19 19:00:00,31.278,31.303,31.243,31.26,0
2024-11-19 20:00:00,31.256,31.322,31.118,31.167,0
2024-11-19 21:00:00,31.169,31.227,31.12,31.19,0
2024-11-19 22:00:00,31.193,31.251,31.149,31.158,0
2024-11-19 23:00:00,31.156,31.197,31.147,31.18,0
2024-11-20 00:00:00,31.178,31.191,31.082,31.123,0
2024-11-20 01:00:00,31.123,31.127,30.955,31.021,0
2024-11-20 02:00:00,31.012,31.05,30.874,30.893,0
2024-11-20 03:00:00,30.89,30.948,30.849,30.929,0
2024-11-20 04:00:00,30.935,30.977,30.834,30.839,0
2024-11-20 05:00:00,30.839,30.925,30.82,30.883,0
2024-11-20 06:00:00,30.883,30.911,30.791,30.851,0
2024-11-20 07:00:00,30.85,31.015,30.841,31.003,0
2024-11-20 08:00:00,31.005,31.227,30.993,31.11,0
2024-11-20 09:00:00,31.11,31.207,31.041,31.048,0
2024-11-20 10:00:00,31.048,31.16,30.931,31.078,0
2024-11-20 11:00:00,31.079,31.115,31.012,31.073,0
2024-11-20 12:00:00,31.067,31.139,30.997,31.03,0
2024-11-20 13:00:00,31.029,31.048,30.835,30.899,0
2024-11-20 14:00:00,30.894,30.972,30.862,30.896,0
2024-11-20 15:00:00,30.892,30.898,30.76,30.831,0
2024-11-20 16:00:00,30.831,30.861,30.772,30.84,0
2024-11-20 18:00:00,30.849,30.935,30.833,30.909,0
2024-11-20 19:00:00,30.914,31.026,30.885,31.009,0
2024-11-20 20:00:00,31.005,31.088,30.938,31.027,0
2024-11-20 21:00:00,31.026,31.126,31.005,31.056,0
2024-11-20 22:00:00,31.054,31.143,30.964,31.143,0
2024-11-20 23:00:00,31.145,31.184,31.118,31.125,0
2024-11-21 00:00:00,31.125,31.236,31.087,31.172,0
2024-11-21 01:00:00,31.175,31.254,31.12,31.241,0
2024-11-21 02:00:00,31.238,31.291,31.207,31.266,0
2024-11-21 03:00:00,31.27,31.302,31.158,31.19,0
2024-11-21 04:00:00,31.194,31.227,30.982,31.129,0
2024-11-21 05:00:00,31.132,31.14,30.98,31.033,0
2024-11-21 06:00:00,31.04,31.111,30.999,31.049,0
2024-11-21 07:00:00,31.053,31.092,30.998,31.024,0
2024-11-21 08:00:00,31.018,31.059,30.897,31.009,0
2024-11-21 09:00:00,31.008,31.136,30.68,30.761,0
2024-11-21 10:00:00,30.761,30.963,30.733,30.827,0
2024-11-21 11:00:00,30.83,30.87,30.632,30.702,0
2024-11-21 12:00:00,30.709,30.904,30.634,30.882,0
2024-11-21 13:00:00,30.884,30.898,30.82,30.881,0
2024-11-21 14:00:00,30.881,30.905,30.746,30.77,0
2024-11-21 15:00:00,30.771,30.817,30.744,30.78,0
2024-11-21 16:00:00,30.783,30.79,30.738,30.761,0
2024-11-21 18:00:00,30.76,30.791,30.723,30.736,0
2024-11-21 19:00:00,30.736,30.829,30.731,30.801,0
2024-11-21 20:00:00,30.801,30.901,30.795,30.845,0
2024-11-21 21:00:00,30.837,30.997,30.812,30.945,0
2024-11-21 22:00:00,30.943,31.012,30.851,30.911,0
2024-11-21 23:00:00,30.903,30.964,30.87,30.946,0
2024-11-22 00:00:00,30.941,30.954,30.757,30.879,0
2024-11-22 01:00:00,30.875,31.107,30.867,31.073,0
2024-11-22 02:00:00,31.073,31.39,31.065,31.312,0
2024-11-22 03:00:00,31.324,31.4,31.282,31.348,0
2024-11-22 04:00:00,31.354,31.354,31.107,31.229,0
2024-11-22 05:00:00,31.237,31.377,31.209,31.355,0
2024-11-22 06:00:00,31.361,31.39,31.215,31.244,0
2024-11-22 07:00:00,31.236,31.375,31.219,31.35,0
2024-11-22 08:00:00,31.349,31.393,30.991,31.081,0
2024-11-22 09:00:00,31.088,31.26,30.932,31.224,0
2024-11-22 10:00:00,31.224,31.317,31.168,31.239,0
2024-11-22 11:00:00,31.245,31.268,31.096,31.225,0
2024-11-22 12:00:00,31.223,31.285,31.2,31.256,0
2024-11-22 13:00:00,31.26,31.301,31.213,31.261,0
2024-11-22 14:00:00,31.264,31.295,31.214,31.259,0
2024-11-22 15:00:00,31.259,31.268,31.189,31.222,0
2024-11-22 16:00:00,31.221,31.337,31.21,31.327,0
2024-11-24 18:00:00,31.284,31.466,31.18,31.394,0
2024-11-24 19:00:00,31.395,31.402,31.193,31.198,0
2024-11-24 20:00:00,31.203,31.211,31.01,31.06,0
2024-11-24 21:00:00,31.065,31.155,30.86,30.934,0
2024-11-24 22:00:00,30.928,30.973,30.678,30.815,0
2024-11-24 23:00:00,30.806,30.86,30.718,30.781,0
2024-11-25 00:00:00,30.778,30.815,30.575,30.623,0
2024-11-25 01:00:00,30.626,30.713,30.506,30.693,0
2024-11-25 02:00:00,30.693,30.742,30.631,30.663,0
2024-11-25 03:00:00,30.662,30.798,30.658,30.773,0
2024-11-25 04:00:00,30.77,30.837,30.74,30.79,0
2024-11-25 05:00:00,30.784,30.793,30.675,30.776,0
2024-11-25 06:00:00,30.776,30.846,30.776,30.798,0
2024-11-25 07:00:00,30.801,30.815,30.714,30.726,0
2024-11-25 08:00:00,30.723,30.863,30.682,30.75,0
2024-11-25 09:00:00,30.753,30.765,30.251,30.335,0
2024-11-25 10:00:00,30.342,30.359,30.049,30.096,0
2024-11-25 11:00:00,30.092,30.254,30.084,30.145,0
2024-11-25 12:00:00,30.139,30.197,30.066,30.156,0
2024-11-25 13:00:00,30.147,30.305,30.138,30.25,0
2024-11-25 14:00:00,30.248,30.372,30.228,30.363,0
2024-11-25 15:00:00,30.363,30.365,30.282,30.314,0
2024-11-25 16:00:00,30.313,30.341,30.278,30.286,0
2024-11-25 18:00:00,30.267,30.311,29.97,30.102,0
2024-11-25 19:00:00,30.1,30.24,30.03,30.089,0
2024-11-25 20:00:00,30.089,30.29,30.035,30.236,0
2024-11-25 21:00:00,30.236,30.3,30.209,30.263,0
2024-11-25 22:00:00,30.268,30.401,30.249,30.373,0
2024-11-25 23:00:00,30.372,30.399,30.317,30.336,0
2024-11-26 00:00:00,30.334,30.355,30.222,30.343,0
2024-11-26 01:00:00,30.339,30.352,30.227,30.237,0
2024-11-26 02:00:00,30.242,30.269,30.118,30.141,0
2024-11-26 03:00:00,30.143,30.268,30.107,30.219,0
2024-11-26 04:00:00,30.22,30.444,30.218,30.434,0
2024-11-26 05:00:00,30.44,30.502,30.432,30.472,0
2024-11-26 06:00:00,30.468,30.547,30.425,30.533,0
2024-11-26 07:00:00,30.533,30.581,30.484,30.554,0
2024-11-26 08:00:00,30.553,30.686,30.433,30.523,0
2024-11-26 09:00:00,30.519,30.57,30.275,30.364,0
2024-11-26 10:00:00,30.363,30.529,30.345,30.46,0
2024-11-26 11:00:00,30.467,30.527,30.386,30.482,0
2024-11-26 12:00:00,30.476,30.479,30.394,30.447,0
2024-11-26 13:00:00,30.444,30.445,30.282,30.356,0
2024-11-26 14:00:00,30.353,30.501,30.339,30.476,0
2024-11-26 15:00:00,30.476,30.518,30.435,30.485,0
2024-11-26 16:00:00,30.484,30.491,30.41,30.417,0
2024-11-26 18:00:00,30.415,30.436,30.333,30.404,0
2024-11-26 19:00:00,30.41,30.432,30.327,30.342,0
2024-11-26 20:00:00,30.342,30.408,30.254,30.346,0
2024-11-26 21:00:00,30.345,30.515,30.34,30.472,0
2024-11-26 22:00:00,30.474,30.526,30.426,30.494,0
2024-11-26 23:00:00,30.494,30.528,30.45,30.464,0
2024-11-27 00:00:00,30.459,30.593,30.454,30.542,0
2024-11-27 01:00:00,30.541,30.638,30.491,30.633,0
2024-11-27 02:00:00,30.634,30.693,30.624,30.652,0
2024-11-27 03:00:00,30.649,30.691,30.526,30.576,0
2024-11-27 04:00:00,30.576,30.592,30.461,30.5,0
2024-11-27 05:00:00,30.495,30.507,30.419,30.447,0
2024-11-27 06:00:00,30.454,30.516,30.366,30.485,0
2024-11-27 07:00:00,30.477,30.516,30.39,30.399,0
2024-11-27 08:00:00,30.406,30.58,30.371,30.552,0
2024-11-27 09:00:00,30.56,30.564,30.374,30.425,0
2024-11-27 10:00:00,30.422,30.427,30.077,30.083,0
2024-11-27 11:00:00,30.088,30.189,30.024,30.047,0
2024-11-27 12:00:00,30.048,30.123,29.96,30.033,0
2024-11-27 13:00:00,30.038,30.115,30.011,30.072,0
2024-11-27 14:00:00,30.067,30.097,29.982,30.02,0
2024-11-27 15:00:00,30.022,30.108,30.0,30.098,0
2024-11-27 16:00:00,30.096,30.104,30.062,30.074,0
2024-11-27 18:00:00,30.086,30.116,30.01,30.102,0
2024-11-27 19:00:00,30.107,30.15,30.083,30.1,0
2024-11-27 20:00:00,30.099,30.14,29.621,29.87,0
2024-11-27 21:00:00,29.864,29.9,29.786,29.815,0
2024-11-27 22:00:00,29.813,29.825,29.727,29.797,0
2024-11-27 23:00:00,29.797,29.91,29.768,29.871,0
2024-11-28 00:00:00,29.872,29.897,29.821,29.855,0
2024-11-28 01:00:00,29.855,29.945,29.8,29.88,0
2024-11-28 02:00:00,29.88,29.898,29.801,29.861,0
2024-11-28 03:00:00,29.856,30.048,29.828,30.016,0
2024-11-28 04:00:00,30.022,30.026,29.951,29.985,0
2024-11-28 05:00:00,29.985,30.078,29.975,30.05,0
2024-11-28 06:00:00,30.053,30.122,30.043,30.096,0
2024-11-28 07:00:00,30.094,30.1,30.05,30.088,0
2024-11-28 08:00:00,30.083,30.21,30.024,30.209,0
2024-11-28 09:00:00,30.21,30.249,30.166,30.172,0
2024-11-28 10:00:00,30.176,30.242,30.136,30.205,0
2024-11-28 11:00:00,30.203,30.284,30.191,30.272,0
2024-11-28 12:00:00,30.268,30.288,30.248,30.263,0
2024-11-28 13:00:00,30.263,30.272,30.223,30.238,0
2024-11-28 14:00:00,30.239,30.245,30.208,30.211,0
2024-11-28 18:00:00,30.217,30.237,30.103,30.233,0
2024-11-28 19:00:00,30.232,30.247,30.19,30.198,0
2024-11-28 20:00:00,30.199,30.439,30.181,30.393,0
2024-11-28 21:00:00,30.397,30.655,30.39,30.616,0
2024-11-28 22:00:00,30.616,30.699,30.578,30.675,0
2024-11-28 23:00:00,30.679,30.724,30.659,30.692,0
2024-11-29 00:00:00,30.688,30.727,30.652,30.671,0
2024-11-29 01:00:00,30.666,30.751,30.624,30.697,0
2024-11-29 02:00:00,30.701,30.713,30.58,30.62,0
2024-11-29 03:00:00,30.616,30.687,30.568,30.626,0
2024-11-29 04:00:00,30.637,30.706,30.614,30.695,0
2024-11-29 05:00:00,30.698,30.722,30.658,30.682,0
2024-11-29 06:00:00,30.679,30.744,30.657,30.699,0
2024-11-29 07:00:00,30.705,30.788,30.692,30.776,0
2024-11-29 08:00:00,30.788,30.889,30.644,30.655,0
2024-11-29 09:00:00,30.65,30.742,30.508,30.606,0
2024-11-29 10:00:00,30.607,30.698,30.555,30.672,0
2024-11-29 11:00:00,30.676,30.731,30.628,30.684,0
2024-11-29 12:00:00,30.673,30.688,30.576,30.631,0
2024-11-29 13:00:00,30.632,30.651,30.538,30.564,0
2024-11-29 14:00:00,30.563,30.616,30.537,30.614,0
2024-12-01 18:00:00,30.621,30.626,30.407,30.461,0
2024-12-01 19:00:00,30.461,30.487,30.359,30.397,0
2024-12-01 20:00:00,30.401,30.443,30.289,30.393,0
2024-12-01 21:00:00,30.398,30.414,30.13,30.161,0
2024-12-01 22:00:00,30.161,30.231,30.121,30.212,0
2024-12-01 23:00:00,30.214,30.22,30.142,30.159,0
2024-12-02 00:00:00,30.158,30.165,30.067,30.086,0
2024-12-02 01:00:00,30.085,30.201,30.042,30.175,0
2024-12-02 02:00:00,30.171,30.26,30.132,30.163,0
2024-12-02 03:00:00,30.165,30.216,30.047,30.171,0
2024-12-02 04:00:00,30.173,30.293,30.171,30.217,0
2024-12-02 05:00:00,30.222,30.298,30.202,30.252,0
2024-12-02 06:00:00,30.261,30.523,30.247,30.451,0
2024-12-02 07:00:00,30.461,30.507,30.347,30.356,0
2024-12-02 08:00:00,30.352,30.602,30.31,30.594,0
2024-12-02 09:00:00,30.595,30.67,30.449,30.477,0
2024-12-02 10:00:00,30.477,30.539,30.332,30.345,0
2024-12-02 11:00:00,30.35,30.481,30.303,30.464,0
2024-12-02 12:00:00,30.462,30.505,30.406,30.421,0
2024-12-02 13:00:00,30.42,30.453,30.386,30.417,0
2024-12-02 14:00:00,30.417,30.442,30.379,30.396,0
2024-12-02 15:00:00,30.389,30.58,30.374,30.494,0
2024-12-02 16:00:00,30.494,30.519,30.454,30.499,0
2024-12-02 18:00:00,30.504,30.605,30.469,30.587,0
2024-12-02 19:00:00,30.587,30.604,30.513,30.513,0
2024-12-02 20:00:00,30.513,30.701,30.476,30.532,0
2024-12-02 21:00:00,30.531,30.55,30.445,30.526,0
2024-12-02 22:00:00,30.522,30.61,30.49,30.586,0
2024-12-02 23:00:00,30.585,30.62,30.556,30.569,0
2024-12-03 00:00:00,30.568,30.677,30.507,30.654,0
2024-12-03 01:00:00,30.657,30.931,30.651,30.888,0
2024-12-03 02:00:00,30.889,30.974,30.858,30.914,0
2024-12-03 03:00:00,30.912,30.974,30.835,30.956,0
2024-12-03 04:00:00,30.958,31.018,30.937,30.991,0
2024-12-03 05:00:00,30.991,31.001,30.936,30.941,0
2024-12-03 06:00:00,30.944,30.954,30.885,30.896,0
2024-12-03 07:00:00,30.897,30.909,30.785,30.799,0
2024-12-03 08:00:00,30.803,31.048,30.745,31.0,0
2024-12-03 09:00:00,30.999,31.068,30.822,30.855,0
2024-12-03 10:00:00,30.86,30.874,30.703,30.864,0
2024-12-03 11:00:00,30.865,31.033,30.85,31.02,0
2024-12-03 12:00:00,31.018,31.039,30.928,30.998,0
2024-12-03 13:00:00,31.002,31.082,30.971,31.071,0
2024-12-03 14:00:00,31.067,31.076,30.981,31.005,0
2024-12-03 15:00:00,31.005,31.056,30.998,31.016,0
2024-12-03 16:00:00,31.016,31.032,31.0,31.004,0
2024-12-03 18:00:00,31.007,31.022,30.97,30.975,0
2024-12-03 19:00:00,30.982,30.997,30.935,30.947,0
2024-12-03 20:00:00,30.944,31.002,30.895,30.997,0
2024-12-03 21:00:00,30.992,31.104,30.93,30.999,0
2024-12-03 22:00:00,31.007,31.02,30.92,30.951,0
2024-12-03 23:00:00,30.957,31.042,30.944,31.028,0
2024-12-04 00:00:00,31.028,31.132,30.988,31.053,0
2024-12-04 01:00:00,31.058,31.1,30.961,31.025,0
2024-12-04 02:00:00,31.026,31.04,30.925,30.941,0
2024-12-04 03:00:00,30.949,30.953,30.797,30.872,0
2024-12-04 04:00:00,30.871,30.881,30.779,30.816,0
2024-12-04 05:00:00,30.816,30.845,30.783,30.828,0
2024-12-04 06:00:00,30.827,30.9,30.793,30.839,0
2024-12-04 07:00:00,30.848,30.849,30.529,30.56,0
2024-12-04 08:00:00,30.549,30.773,30.435,30.768,0
2024-12-04 09:00:00,30.765,31.179,30.727,31.134,0
2024-12-04 10:00:00,31.134,31.454,31.094,31.366,0
2024-12-04 11:00:00,31.368,31.466,31.24,31.285,0
2024-12-04 12:00:00,31.285,31.416,31.243,31.36,0
2024-12-04 13:00:00,31.35,31.399,31.251,31.259,0
2024-12-04 14:00:00,31.254,31.355,31.189,31.299,0
2024-12-04 15:00:00,31.288,31.332,31.259,31.284,0
2024-12-04 16:00:00,31.285,31.314,31.256,31.256,0
2024-12-04 18:00:00,31.3,31.342,31.106,31.31,0
2024-12-04 19:00:00,31.308,31.322,31.265,31.309,0
2024-12-04 20:00:00,31.314,31.415,31.187,31.22,0
2024-12-04 21:00:00,31.216,31.239,31.124,31.145,0
2024-12-04 22:00:00,31.141,31.261,31.123,31.246,0
2024-12-04 23:00:00,31.255,31.285,31.171,31.2,0
2024-12-05 00:00:00,31.201,31.359,31.195,31.294,0
2024-12-05 01:00:00,31.289,31.315,31.176,31.217,0
2024-12-05 02:00:00,31.217,31.339,31.191,31.237,0
2024-12-05 03:00:00,31.237,31.301,31.181,31.257,0
2024-12-05 04:00:00,31.253,31.319,31.217,31.315,0
2024-12-05 05:00:00,31.313,31.403,31.304,31.34,0
2024-12-05 06:00:00,31.339,31.366,31.298,31.33,0
2024-12-05 07:00:00,31.341,31.364,31.237,31.359,0
2024-12-05 08:00:00,31.353,31.406,31.208,31.364,0
2024-12-05 09:00:00,31.366,31.39,31.147,31.191,0
2024-12-05 10:00:00,31.191,31.228,31.005,31.167,0
2024-12-05 11:00:00,31.165,31.249,31.118,31.169,0
2024-12-05 12:00:00,31.169,31.211,31.003,31.081,0
2024-12-05 13:00:00,31.077,31.131,30.998,31.114,0
2024-12-05 14:00:00,31.116,31.259,31.116,31.239,0
2024-12-05 15:00:00,31.229,31.326,31.227,31.319,0
2024-12-05 16:00:00,31.321,31.367,31.277,31.297,0
2024-12-05 18:00:00,31.305,31.354,31.289,31.347,0
2024-12-05 19:00:00,31.348,31.358,31.207,31.219,0
2024-12-05 20:00:00,31.219,31.265,30.891,30.956,0
2024-12-05 21:00:00,30.959,31.188,30.934,31.154,0
2024-12-05 22:00:00,31.148,31.411,31.138,31.37,0
2024-12-05 23:00:00,31.362,31.427,31.359,31.398,0
2024-12-06 00:00:00,31.399,31.405,31.227,31.299,0
2024-12-06 01:00:00,31.305,31.375,31.22,31.293,0
2024-12-06 02:00:00,31.29,31.302,31.19,31.245,0
2024-12-06 03:00:00,31.252,31.349,31.213,31.337,0
2024-12-06 04:00:00,31.334,31.363,31.257,31.309,0
2024-12-06 05:00:00,31.309,31.309,31.141,31.175,0
2024-12-06 06:00:00,31.174,31.227,31.127,31.143,0
2024-12-06 07:00:00,31.136,31.235,31.077,31.167,0
2024-12-06 08:00:00,31.168,31.318,31.023,31.245,0
2024-12-06 09:00:00,31.246,31.351,30.808,31.024,0
2024-12-06 10:00:00,31.026,31.193,30.978,31.078,0
2024-12-06 11:00:00,31.077,31.262,31.058,31.149,0
2024-12-06 12:00:00,31.146,31.157,31.012,31.037,0
2024-12-06 13:00:00,31.036,31.104,30.989,31.025,0
2024-12-06 14:00:00,31.024,31.028,30.908,30.977,0
2024-12-06 15:00:00,30.985,31.015,30.949,30.976,0
2024-12-06 16:00:00,30.98,30.987,30.912,30.964,0
2024-12-08 18:00:00,31.076,31.104,30.938,31.069,0
2024-12-08 19:00:00,31.073,31.073,30.903,30.972,0
2024-12-08 20:00:00,30.973,31.285,30.963,31.204,0
2024-12-08 21:00:00,31.209,31.273,30.937,31.085,0
2024-12-08 22:00:00,31.083,31.095,30.944,30.948,0
2024-12-08 23:00:00,30.951,30.955,30.866,30.901,0
2024-12-09 00:00:00,30.909,30.97,30.849,30.952,0
2024-12-09 01:00:00,30.95,31.16,30.936,31.12,0
2024-12-09 02:00:00,31.113,31.301,31.108,31.291,0
2024-12-09 03:00:00,31.295,31.327,31.241,31.317,0
2024-12-09 04:00:00,31.318,31.407,31.302,31.395,0
2024-12-09 05:00:00,31.387,31.628,31.368,31.612,0
2024-12-09 06:00:00,31.617,31.69,31.55,31.636,0
2024-12-09 07:00:00,31.633,31.733,31.58,31.719,0
2024-12-09 08:00:00,31.723,32.063,31.648,32.048,0
2024-12-09 09:00:00,32.045,32.234,31.948,32.196,0
2024-12-09 10:00:00,32.187,32.274,32.063,32.087,0
2024-12-09 11:00:00,32.093,32.145,31.975,32.072,0
2024-12-09 12:00:00,32.06,32.103,31.981,31.989,0
2024-12-09 13:00:00,31.988,31.993,31.856,31.878,0
2024-12-09 14:00:00,31.877,31.894,31.787,31.834,0
2024-12-09 15:00:00,31.839,31.849,31.753,31.781,0
2024-12-09 16:00:00,31.781,31.829,31.776,31.793,0
2024-12-09 18:00:00,31.809,31.906,31.766,31.896,0
2024-12-09 19:00:00,31.898,31.964,31.841,31.952,0
2024-12-09 20:00:00,31.953,31.99,31.797,31.897,0
2024-12-09 21:00:00,31.895,32.007,31.874,31.975,0
2024-12-09 22:00:00,31.971,32.021,31.9,31.983,0
2024-12-09 23:00:00,31.978,32.043,31.95,31.952,0
2024-12-10 00:00:00,31.96,31.996,31.898,31.939,0
2024-12-10 01:00:00,31.94,31.964,31.858,31.923,0
2024-12-10 02:00:00,31.925,31.928,31.733,31.744,0
2024-12-10 03:00:00,31.752,31.846,31.693,31.807,0
2024-12-10 04:00:00,31.812,31.892,31.772,31.814,0
2024-12-10 05:00:00,31.816,31.914,31.762,31.87,0
2024-12-10 06:00:00,31.877,31.897,31.795,31.889,0
2024-12-10 07:00:00,31.892,31.941,31.807,31.907,0
2024-12-10 08:00:00,31.909,31.923,31.729,31.903,0
2024-12-10 09:00:00,31.902,32.056,31.88,31.991,0
2024-12-10 10:00:00,31.993,32.003,31.832,31.932,0
2024-12-10 11:00:00,31.913,31.977,31.829,31.969,0
2024-12-10 12:00:00,31.967,32.086,31.947,32.034,0
2024-12-10 13:00:00,32.035,32.079,31.984,32.006,0
2024-12-10 14:00:00,31.997,32.05,31.882,31.885,0
2024-12-10 15:00:00,31.883,31.891,31.784,31.807,0
2024-12-10 16:00:00,31.791,31.928,31.787,31.852,0
2024-12-10 18:00:00,31.885,31.932,31.872,31.893,0
2024-12-10 19:00:00,31.894,31.987,31.877,31.982,0
2024-12-10 20:00:00,31.974,32.055,31.894,31.996,0
2024-12-10 21:00:00,31.993,32.089,31.926,31.954,0
2024-12-10 22:00:00,31.946,31.979,31.542,31.664,0
2024-12-10 23:00:00,31.677,31.752,31.448,31.58,0
2024-12-11 00:00:00,31.578,31.741,31.407,31.704,0
2024-12-11 01:00:00,31.704,31.794,31.657,31.747,0
2024-12-11 02:00:00,31.749,31.765,31.535,31.602,0
2024-12-11 03:00:00,31.585,31.842,31.489,31.679,0
2024-12-11 04:00:00,31.689,31.726,31.599,31.637,0
2024-12-11 05:00:00,31.635,31.691,31.597,31.623,0
2024-12-11 06:00:00,31.619,31.713,31.587,31.684,0
2024-12-11 07:00:00,31.684,31.759,31.649,31.673,0
2024-12-11 08:00:00,31.673,31.741,31.406,31.698,0
2024-12-11 09:00:00,31.706,31.963,31.659,31.96,0
2024-12-11 10:00:00,31.96,32.115,31.954,32.042,0
2024-12-11 11:00:00,32.042,32.157,31.968,32.113,0
2024-12-11 12:00:00,32.114,32.17,31.927,31.943,0
2024-12-11 13:00:00,31.942,32.008,31.78,31.795,0
2024-12-11 14:00:00,31.791,31.956,31.759,31.914,0
2024-12-11 15:00:00,31.923,31.976,31.852,31.863,0
2024-12-11 16:00:00,31.862,31.896,31.832,31.865,0
2024-12-11 18:00:00,31.74,31.819,31.469,31.76,0
2024-12-11 19:00:00,31.901,32.021,31.809,32.017,0
2024-12-11 20:00:00,32.027,32.033,31.856,31.867,0
2024-12-11 21:00:00,31.867,31.938,31.793,31.938,0
2024-12-11 22:00:00,31.939,32.021,31.931,32.019,0
2024-12-11 23:00:00,32.019,32.062,32.001,32.056,0
2024-12-12 00:00:00,32.057,32.188,32.047,32.115,0
2024-12-12 01:00:00,32.115,32.157,32.045,32.148,0
2024-12-12 02:00:00,32.15,32.228,32.03,32.102,0
2024-12-12 03:00:00,32.108,32.298,32.08,32.187,0
2024-12-12 04:00:00,32.169,32.228,32.024,32.137,0
2024-12-12 05:00:00,32.091,32.149,31.899,31.914,0
2024-12-12 06:00:00,31.914,31.919,31.75,31.847,0
2024-12-12 07:00:00,31.848,31.885,31.704,31.713,0
2024-12-12 08:00:00,31.712,31.872,31.667,31.687,0
2024-12-12 09:00:00,31.674,31.732,31.157,31.273,0
2024-12-12 10:00:00,31.271,31.316,30.854,30.95,0
2024-12-12 11:00:00,30.95,31.069,30.939,31.046,0
2024-12-12 12:00:00,31.043,31.131,31.013,31.043,0
2024-12-12 13:00:00,31.044,31.073,30.934,31.023,0
2024-12-12 14:00:00,31.021,31.074,30.924,30.938,0
2024-12-12 15:00:00,30.941,30.978,30.917,30.95,0
2024-12-12 16:00:00,30.939,30.983,30.885,30.91,0
2024-12-12 18:00:00,30.875,30.918,30.826,30.864,0
2024-12-12 19:00:00,30.865,30.948,30.808,30.933,0
2024-12-12 20:00:00,30.933,31.093,30.901,31.017,0
2024-12-12 21:00:00,31.017,31.021,30.873,30.907,0
2024-12-12 22:00:00,30.907,30.984,30.894,30.922,0
2024-12-12 23:00:00,30.923,30.947,30.886,30.932,0
2024-12-13 00:00:00,30.907,30.981,30.837,30.975,0
2024-12-13 01:00:00,30.976,30.997,30.875,30.948,0
2024-12-13 02:00:00,30.946,30.971,30.885,30.887,0
2024-12-13 03:00:00,30.887,30.927,30.766,30.806,0
2024-12-13 04:00:00,30.806,30.877,30.639,30.708,0
2024-12-13 05:00:00,30.708,30.819,30.695,30.78,0
2024-12-13 06:00:00,30.78,30.849,30.731,30.733,0
2024-12-13 07:00:00,30.732,30.822,30.677,30.817,0
2024-12-13 08:00:00,30.817,30.853,30.45,30.56,0
2024-12-13 09:00:00,30.558,30.564,30.421,30.521,0
2024-12-13 10:00:00,30.518,30.559,30.268,30.496,0
2024-12-13 11:00:00,30.49,30.535,30.389,30.471,0
2024-12-13 12:00:00,30.462,30.52,30.422,30.494,0
2024-12-13 13:00:00,30.497,30.574,30.48,30.504,0
2024-12-13 14:00:00,30.504,30.533,30.405,30.431,0
2024-12-13 15:00:00,30.417,30.463,30.366,30.457,0
2024-12-13 16:00:00,30.461,30.574,30.452,30.525,0
2024-12-15 18:00:00,30.507,30.591,30.397,30.578,0
2024-12-15 19:00:00,30.577,30.577,30.434,30.475,0
2024-12-15 20:00:00,30.48,30.536,30.405,30.489,0
2024-12-15 21:00:00,30.49,30.49,30.363,30.414,0
2024-12-15 22:00:00,30.415,30.495,30.383,30.433,0
2024-12-15 23:00:00,30.431,30.477,30.396,30.424,0
2024-12-16 00:00:00,30.378,30.575,30.369,30.57,0
2024-12-16 01:00:00,30.561,30.588,30.507,30.575,0
2024-12-16 02:00:00,30.574,30.678,30.541,30.622,0
2024-12-16 03:00:00,30.623,30.697,30.599,30.623,0
2024-12-16 04:00:00,30.614,30.662,30.604,30.628,0
2024-12-16 05:00:00,30.627,30.661,30.594,30.607,0
2024-12-16 06:00:00,30.608,30.669,30.586,30.658,0
2024-12-16 07:00:00,30.657,30.67,30.598,30.634,0
2024-12-16 08:00:00,30.627,30.741,30.61,30.71,0
2024-12-16 09:00:00,30.713,30.723,30.48,30.572,0
2024-12-16 10:00:00,30.574,30.617,30.451,30.572,0
2024-12-16 11:00:00,30.577,30.612,30.489,30.574,0
2024-12-16 12:00:00,30.573,30.624,30.532,30.557,0
2024-12-16 13:00:00,30.555,30.605,30.532,30.596,0
2024-12-16 14:00:00,30.595,30.623,30.552,30.555,0
2024-12-16 15:00:00,30.553,30.575,30.496,30.509,0
2024-12-16 16:00:00,30.509,30.52,30.471,30.516,0
2024-12-16 18:00:00,30.463,30.521,30.199,30.488,0
2024-12-16 19:00:00,30.49,30.566,30.472,30.556,0
2024-12-16 20:00:00,30.534,30.595,30.486,30.585,0
2024-12-16 21:00:00,30.562,30.585,30.426,30.459,0
2024-12-16 22:00:00,30.462,30.502,30.402,30.472,0
2024-12-16 23:00:00,30.474,30.505,30.405,30.413,0
2024-12-17 00:00:00,30.412,30.537,30.38,30.449,0
2024-12-17 01:00:00,30.449,30.484,30.356,30.401,0
2024-12-17 02:00:00,30.402,30.52,30.373,30.476,0
2024-12-17 03:00:00,30.476,30.48,30.227,30.255,0
2024-12-17 04:00:00,30.25,30.318,30.199,30.271,0
2024-12-17 05:00:00,30.271,30.301,30.19,30.191,0
2024-12-17 06:00:00,30.191,30.318,30.161,30.293,0
2024-12-17 07:00:00,30.292,30.344,30.261,30.272,0
2024-12-17 08:00:00,30.275,30.358,30.159,30.208,0
2024-12-17 09:00:00,30.21,30.423,30.135,30.181,0
2024-12-17 10:00:00,30.176,30.401,30.162,30.381,0
2024-12-17 11:00:00,30.386,30.478,30.332,30.434,0
2024-12-17 12:00:00,30.435,30.491,30.391,30.473,0
2024-12-17 13:00:00,30.468,30.52,30.394,30.499,0
2024-12-17 14:00:00,30.508,30.531,30.452,30.469,0
2024-12-17 15:00:00,30.47,30.51,30.443,30.497,0
2024-12-17 16:00:00,30.494,30.53,30.482,30.524,0
2024-12-17 18:00:00,30.497,30.51,30.46,30.498,0
2024-12-17 19:00:00,30.489,30.535,30.487,30.518,0
2024-12-17 20:00:00,30.518,30.565,30.47,30.539,0
2024-12-17 21:00:00,30.536,30.544,30.432,30.443,0
2024-12-17 22:00:00,30.443,30.444,30.356,30.371,0
2024-12-17 23:00:00,30.37,30.4,30.346,30.38,0
2024-12-18 00:00:00,30.376,30.474,30.361,30.431,0
2024-12-18 01:00:00,30.431,30.446,30.353,30.407,0
2024-12-18 02:00:00,30.412,30.452,30.337,30.389,0
2024-12-18 03:00:00,30.388,30.419,30.334,30.381,0
2024-12-18 04:00:00,30.381,30.408,30.334,30.405,0
2024-12-18 05:00:00,30.405,30.465,30.386,30.409,0
2024-12-18 06:00:00,30.41,30.437,30.356,30.356,0
2024-12-18 07:00:00,30.357,30.427,30.319,30.335,0
2024-12-18 08:00:00,30.335,30.377,30.269,30.313,0
2024-12-18 09:00:00,30.312,30.347,30.197,30.22,0
2024-12-18 10:00:00,30.219,30.264,30.167,30.208,0
2024-12-18 11:00:00,30.21,30.223,30.1,30.128,0
2024-12-18 12:00:00,30.128,30.261,30.106,30.19,0
2024-12-18 13:00:00,30.192,30.265,30.182,30.191,0
2024-12-18 14:00:00,30.188,30.188,29.733,29.77,0
2024-12-18 15:00:00,29.768,29.816,29.37,29.463,0
2024-12-18 16:00:00,29.46,29.522,29.29,29.329,0
2024-12-18 18:00:00,29.361,29.363,29.238,29.309,0
2024-12-18 19:00:00,29.309,29.624,29.292,29.583,0
2024-12-18 20:00:00,29.583,29.603,29.402,29.477,0
2024-12-18 21:00:00,29.472,29.516,29.41,29.49,0
2024-12-18 22:00:00,29.489,29.507,29.397,29.448,0
2024-12-18 23:00:00,29.448,29.458,29.345,29.423,0
2024-12-19 00:00:00,29.422,29.507,29.416,29.429,0
2024-12-19 01:00:00,29.429,29.599,29.39,29.56,0
2024-12-19 02:00:00,29.555,29.648,29.532,29.548,0
2024-12-19 03:00:00,29.548,29.592,29.478,29.571,0
2024-12-19 04:00:00,29.57,29.617,29.528,29.538,0
2024-12-19 05:00:00,29.539,29.701,29.479,29.528,0
2024-12-19 06:00:00,29.523,29.573,29.505,29.523,0
2024-12-19 07:00:00,29.516,29.522,29.265,29.318,0
2024-12-19 08:00:00,29.318,29.373,29.085,29.102,0
2024-12-19 09:00:00,29.1,29.24,28.928,28.937,0
2024-12-19 10:00:00,28.937,28.959,28.73,28.802,0
2024-12-19 11:00:00,28.796,28.967,28.778,28.852,0
2024-12-19 12:00:00,28.854,28.943,28.819,28.932,0
2024-12-19 13:00:00,28.934,29.096,28.917,29.063,0
2024-12-19 14:00:00,29.066,29.129,29.029,29.032,0
2024-12-19 15:00:00,29.039,29.155,29.034,29.093,0
2024-12-19 16:00:00,29.092,29.099,29.0,29.009,0
2024-12-19 18:00:00,29.005,29.017,28.888,29.012,0
2024-12-19 19:00:00,29.012,29.026,28.925,28.927,0
2024-12-19 20:00:00,28.928,29.062,28.895,29.026,0
2024-12-19 21:00:00,29.025,29.03,28.858,28.918,0
2024-12-19 22:00:00,28.917,28.947,28.837,28.903,0
2024-12-19 23:00:00,28.901,28.996,28.901,28.968,0
2024-12-20 00:00:00,28.967,29.034,28.94,29.014,0
2024-12-20 01:00:00,29.013,29.099,28.991,29.074,0
2024-12-20 02:00:00,29.062,29.07,28.956,29.023,0
2024-12-20 03:00:00,29.017,29.074,28.93,28.952,0
2024-12-20 04:00:00,28.953,28.978,28.833,28.893,0
2024-12-20 05:00:00,28.893,28.93,28.814,28.826,0
2024-12-20 06:00:00,28.823,28.878,28.794,28.85,0
2024-12-20 07:00:00,28.85,28.917,28.794,28.868,0
2024-12-20 08:00:00,28.873,29.069,28.824,28.999,0
2024-12-20 09:00:00,28.998,29.33,28.982,29.18,0
2024-12-20 10:00:00,29.18,29.531,29.18,29.496,0
2024-12-20 11:00:00,29.501,29.535,29.369,29.407,0
2024-12-20 12:00:00,29.405,29.468,29.366,29.414,0
2024-12-20 13:00:00,29.411,29.659,29.378,29.593,0
2024-12-20 14:00:00,29.593,29.685,29.581,29.586,0
2024-12-20 15:00:00,29.586,29.591,29.495,29.519,0
2024-12-20 16:00:00,29.516,29.53,29.442,29.488,0
2024-12-22 18:00:00,29.571,29.703,29.535,29.673,0
2024-12-22 19:00:00,29.673,29.678,29.527,29.568,0
2024-12-22 20:00:00,29.568,29.631,29.492,29.588,0
2024-12-22 21:00:00,29.586,29.705,29.572,29.689,0
2024-12-22 22:00:00,29.689,29.74,29.614,29.626,0
2024-12-22 23:00:00,29.626,29.661,29.594,29.643,0
2024-12-23 00:00:00,29.643,29.733,29.636,29.659,0
2024-12-23 01:00:00,29.659,29.78,29.6,29.757,0
2024-12-23 02:00:00,29.761,29.862,29.749,29.779,0
2024-12-23 03:00:00,29.777,29.79,29.66,29.741,0
2024-12-23 04:00:00,29.739,29.759,29.683,29.706,0
2024-12-23 05:00:00,29.706,29.736,29.6,29.609,0
2024-12-23 06:00:00,29.602,29.661,29.509,29.603,0
2024-12-23 07:00:00,29.602,29.663,29.573,29.602,0
2024-12-23 08:00:00,29.602,29.683,29.563,29.578,0
2024-12-23 09:00:00,29.57,29.657,29.527,29.543,0
2024-12-23 10:00:00,29.543,29.583,29.401,29.482,0
2024-12-23 11:00:00,29.476,29.654,29.469,29.65,0
2024-12-23 12:00:00,29.642,29.698,29.585,29.592,0
2024-12-23 13:00:00,29.598,29.692,29.592,29.659,0
2024-12-23 14:00:00,29.659,29.704,29.639,29.671,0
2024-12-23 15:00:00,29.677,29.694,29.622,29.633,0
2024-12-23 16:00:00,29.631,29.65,29.511,29.633,0
2024-12-23 18:00:00,29.626,29.711,29.602,29.686,0
2024-12-23 19:00:00,29.686,29.701,29.629,29.661,0
2024-12-23 20:00:00,29.662,29.713,29.628,29.709,0
2024-12-23 21:00:00,29.709,29.77,29.702,29.703,0
2024-12-23 22:00:00,29.703,29.748,29.668,29.695,0
2024-12-23 23:00:00,29.698,29.743,29.673,29.743,0
2024-12-24 00:00:00,29.743,29.768,29.666,29.685,0
2024-12-24 01:00:00,29.685,29.695,29.62,29.663,0
2024-12-24 02:00:00,29.663,29.743,29.626,29.63,0
2024-12-24 03:00:00,29.631,29.692,29.592,29.61,0
2024-12-24 04:00:00,29.607,29.637,29.524,29.536,0
2024-12-24 05:00:00,29.537,29.582,29.507,29.546,0
2024-12-24 06:00:00,29.545,29.56,29.484,29.5,0
2024-12-24 07:00:00,29.501,29.519,29.464,29.498,0
2024-12-24 08:00:00,29.493,29.646,29.484,29.621,0
2024-12-24 09:00:00,29.623,29.662,29.512,29.538,0
2024-12-24 10:00:00,29.526,29.648,29.508,29.537,0
2024-12-24 11:00:00,29.536,29.664,29.532,29.639,0
2024-12-24 12:00:00,29.638,29.691,29.616,29.652,0
2024-12-24 13:00:00,29.656,29.683,29.584,29.61,0
2024-12-25 18:00:00,29.629,29.693,29.619,29.663,0
2024-12-25 19:00:00,29.657,29.711,29.652,29.695,0
2024-12-25 20:00:00,29.695,29.743,29.653,29.668,0
2024-12-25 21:00:00,29.66,29.672,29.589,29.663,0
2024-12-25 22:00:00,29.664,29.702,29.634,29.689,0
2024-12-25 23:00:00,29.692,29.692,29.618,29.628,0
2024-12-26 00:00:00,29.624,29.627,29.545,29.558,0
2024-12-26 01:00:00,29.557,29.608,29.54,29.55,0
2024-12-26 02:00:00,29.55,29.565,29.478,29.551,0
2024-12-26 03:00:00,29.547,29.639,29.516,29.596,0
2024-12-26 04:00:00,29.597,29.663,29.565,29.66,0
2024-12-26 05:00:00,29.659,29.744,29.633,29.718,0
2024-12-26 06:00:00,29.714,29.755,29.692,29.712,0
2024-12-26 07:00:00,29.71,29.751,29.647,29.744,0
2024-12-26 08:00:00,29.743,29.845,29.696,29.77,0
2024-12-26 09:00:00,29.772,29.846,29.664,29.783,0
2024-12-26 10:00:00,29.787,29.857,29.753,29.805,0
2024-12-26 11:00:00,29.808,29.822,29.712,29.725,0
2024-12-26 12:00:00,29.72,29.729,29.555,29.642,0
2024-12-26 13:00:00,29.643,29.788,29.637,29.676,0
2024-12-26 14:00:00,29.675,29.775,29.644,29.739,0
2024-12-26 15:00:00,29.745,29.816,29.716,29.778,0
2024-12-26 16:00:00,29.778,29.788,29.679,29.777,0
2024-12-26 18:00:00,29.482,29.784,29.47,29.777,0
2024-12-26 19:00:00,29.775,29.794,29.741,29.744,0
2024-12-26 20:00:00,29.744,29.83,29.723,29.787,0
2024-12-26 21:00:00,29.786,29.878,29.736,29.867,0
2024-12-26 22:00:00,29.864,29.875,29.809,29.869,0
2024-12-26 23:00:00,29.869,29.876,29.788,29.789,0
2024-12-27 00:00:00,29.789,29.834,29.771,29.791,0
2024-12-27 01:00:00,29.794,29.855,29.779,29.801,0
2024-12-27 02:00:00,29.798,29.863,29.751,29.755,0
2024-12-27 03:00:00,29.759,29.762,29.677,29.687,0
2024-12-27 04:00:00,29.686,29.697,29.626,29.627,0
2024-12-27 05:00:00,29.626,29.649,29.532,29.589,0
2024-12-27 06:00:00,29.591,29.682,29.567,29.668,0
2024-12-27 07:00:00,29.672,29.687,29.52,29.523,0
2024-12-27 08:00:00,29.525,29.541,29.326,29.45,0
2024-12-27 09:00:00,29.442,29.584,29.4,29.494,0
2024-12-27 10:00:00,29.499,29.538,29.357,29.471,0
2024-12-27 11:00:00,29.47,29.501,29.381,29.395,0
2024-12-27 12:00:00,29.395,29.405,29.319,29.374,0
2024-12-27 13:00:00,29.366,29.426,29.36,29.413,0
2024-12-27 14:00:00,29.414,29.441,29.386,29.424,0
2024-12-27 15:00:00,29.423,29.424,29.307,29.358,0
2024-12-27 16:00:00,29.366,29.374,29.288,29.354,0
2024-12-29 18:00:00,29.324,29.452,29.318,29.427,0
2024-12-29 19:00:00,29.427,29.437,29.386,29.39,0
2024-12-29 20:00:00,29.389,29.447,29.309,29.416,0
2024-12-29 21:00:00,29.417,29.457,29.365,29.373,0
2024-12-29 22:00:00,29.373,29.456,29.347,29.454,0
2024-12-29 23:00:00,29.454,29.454,29.409,29.432,0
2024-12-30 00:00:00,29.432,29.454,29.319,29.448,0
2024-12-30 01:00:00,29.45,29.51,29.4,29.419,0
2024-12-30 02:00:00,29.417,29.494,29.337,29.43,0
2024-12-30 03:00:00,29.431,29.484,29.304,29.345,0
2024-12-30 04:00:00,29.345,29.463,29.325,29.416,0
2024-12-30 05:00:00,29.414,29.452,29.376,29.376,0
2024-12-30 06:00:00,29.377,29.507,29.369,29.477,0
2024-12-30 07:00:00,29.478,29.482,29.439,29.464,0
2024-12-30 08:00:00,29.461,29.47,29.078,29.089,0
2024-12-30 09:00:00,29.088,29.264,29.01,29.145,0
2024-12-30 10:00:00,29.147,29.147,28.827,28.87,0
2024-12-30 11:00:00,28.873,28.934,28.781,28.897,0
2024-12-30 12:00:00,28.9,28.978,28.883,28.968,0
2024-12-30 13:00:00,28.971,28.992,28.914,28.968,0
2024-12-30 14:00:00,28.973,28.998,28.911,28.966,0
2024-12-30 15:00:00,28.968,29.04,28.961,28.993,0
2024-12-30 16:00:00,28.994,29.001,28.87,28.925,0
2024-12-30 18:00:00,28.923,28.944,28.693,28.926,0
2024-12-30 19:00:00,28.926,28.945,28.903,28.938,0
2024-12-30 20:00:00,28.929,28.993,28.891,28.956,0
2024-12-30 21:00:00,28.957,29.02,28.884,28.903,0
2024-12-30 22:00:00,28.9,28.917,28.824,28.842,0
2024-12-30 23:00:00,28.845,28.88,28.824,28.868,0
2024-12-31 00:00:00,28.858,28.892,28.805,28.824,0
2024-12-31 01:00:00,28.822,28.908,28.78,28.843,0
2024-12-31 02:00:00,28.845,28.934,28.822,28.921,0
2024-12-31 03:00:00,28.927,28.963,28.883,28.936,0
2024-12-31 04:00:00,28.934,28.993,28.921,28.97,0
2024-12-31 05:00:00,28.978,28.978,28.901,28.961,0
2024-12-31 06:00:00,28.96,29.008,28.888,28.908,0
2024-12-31 07:00:00,28.904,28.918,28.832,28.876,0
2024-12-31 08:00:00,28.875,29.022,28.777,28.878,0
2024-12-31 09:00:00,28.882,28.936,28.764,28.917,0
2024-12-31 10:00:00,28.925,29.012,28.866,28.92,0
2024-12-31 11:00:00,28.917,28.949,28.799,28.873,0
2024-12-31 12:00:00,28.87,28.892,28.783,28.832,0
2024-12-31 13:00:00,28.832,28.857,28.789,28.799,0
2024-12-31 14:00:00,28.808,28.888,28.799,28.857,0
2024-12-31 15:00:00,28.859,28.916,28.857,28.878,0
2024-12-31 16:00:00,28.882,28.901,28.875,28.887,0
2025-01-01 18:00:00,28.889,28.976,28.86,28.973,0
2025-01-01 19:00:00,28.975,29.021,28.95,29.004,0
2025-01-01 20:00:00,28.967,29.302,28.967,29.208,0
2025-01-01 21:00:00,29.212,29.309,29.194,29.296,0
2025-01-01 22:00:00,29.295,29.314,29.215,29.271,0
2025-01-01 23:00:00,29.27,29.319,29.257,29.311,0
2025-01-02 00:00:00,29.312,29.351,29.292,29.33,0
2025-01-02 01:00:00,29.331,29.388,29.274,29.378,0
2025-01-02 02:00:00,29.377,29.387,29.277,29.292,0
2025-01-02 03:00:00,29.298,29.324,29.18,29.267,0
2025-01-02 04:00:00,29.269,29.35,29.269,29.289,0
2025-01-02 05:00:00,29.289,29.431,29.258,29.386,0
2025-01-02 06:00:00,29.385,29.432,29.358,29.412,0
2025-01-02 07:00:00,29.413,29.44,29.38,29.403,0
2025-01-02 08:00:00,29.402,29.404,29.168,29.297,0
2025-01-02 09:00:00,29.298,29.523,29.257,29.367,0
2025-01-02 10:00:00,29.366,29.501,29.303,29.453,0
2025-01-02 11:00:00,29.455,29.579,29.381,29.568,0
2025-01-02 12:00:00,29.567,29.59,29.403,29.496,0
2025-01-02 13:00:00,29.497,29.548,29.361,29.424,0
2025-01-02 14:00:00,29.422,29.462,29.384,29.421,0
2025-01-02 15:00:00,29.423,29.575,29.402,29.542,0
2025-01-02 16:00:00,29.544,29.578,29.516,29.521,0
2025-01-02 18:00:00,29.553,29.556,29.372,29.523,0
2025-01-02 19:00:00,29.527,29.581,29.52,29.579,0
2025-01-02 20:00:00,29.579,29.626,29.479,29.532,0
2025-01-02 21:00:00,29.531,29.615,29.496,29.59,0
2025-01-02 22:00:00,29.59,29.628,29.561,29.585,0
2025-01-02 23:00:00,29.585,29.605,29.566,29.599,0
2025-01-03 00:00:00,29.598,29.599,29.495,29.555,0
2025-01-03 01:00:00,29.554,29.605,29.537,29.601,0
2025-01-03 02:00:00,29.601,29.641,29.516,29.61,0
2025-01-03 03:00:00,29.613,29.689,29.559,29.592,0
2025-01-03 04:00:00,29.598,29.77,29.597,29.684,0
2025-01-03 05:00:00,29.684,29.75,29.662,29.729,0
2025-01-03 06:00:00,29.732,29.811,29.727,29.797,0
2025-01-03 07:00:00,29.795,29.799,29.738,29.782,0
2025-01-03 08:00:00,29.779,29.86,29.674,29.85,0
2025-01-03 09:00:00,29.853,29.887,29.765,29.81,0
2025-01-03 10:00:00,29.81,29.86,29.652,29.759,0
2025-01-03 11:00:00,29.758,29.838,29.67,29.69,0
2025-01-03 12:00:00,29.689,29.71,29.536,29.561,0
2025-01-03 13:00:00,29.558,29.665,29.537,29.656,0
2025-01-03 14:00:00,29.656,29.705,29.612,29.614,0
2025-01-03 15:00:00,29.612,29.618,29.567,29.599,0
2025-01-03 16:00:00,29.599,29.624,29.585,29.597,0
2025-01-05 18:00:00,29.57,29.662,29.557,29.613,0
2025-01-05 19:00:00,29.615,29.692,29.601,29.658,0
2025-01-05 20:00:00,29.659,29.743,29.601,29.625,0
2025-01-05 21:00:00,29.624,29.698,29.586,29.692,0
2025-01-05 22:00:00,29.692,29.696,29.56,29.565,0
2025-01-05 23:00:00,29.565,29.611,29.56,29.56,0
2025-01-06 00:00:00,29.56,29.573,29.389,29.482,0
2025-01-06 01:00:00,29.483,29.607,29.481,29.546,0
2025-01-06 02:00:00,29.534,29.646,29.532,29.592,0
2025-01-06 03:00:00,29.6,29.778,29.561,29.762,0
2025-01-06 04:00:00,29.76,29.793,29.722,29.759,0
2025-01-06 05:00:00,29.762,29.77,29.719,29.732,0
2025-01-06 06:00:00,29.731,30.285,29.723,30.261,0
2025-01-06 07:00:00,30.269,30.322,30.112,30.266,0
2025-01-06 08:00:00,30.263,30.337,29.817,29.868,0
2025-01-06 09:00:00,29.867,30.011,29.549,29.952,0
2025-01-06 10:00:00,29.951,30.166,29.95,30.062,0
2025-01-06 11:00:00,30.067,30.156,30.017,30.126,0
2025-01-06 12:00:00,30.127,30.163,29.983,30.033,0
2025-01-06 13:00:00,30.03,30.059,29.932,29.941,0
2025-01-06 14:00:00,29.935,29.96,29.892,29.926,0
2025-01-06 15:00:00,29.924,29.944,29.86,29.877,0
2025-01-06 16:00:00,29.878,29.953,29.878,29.934,0
2025-01-06 18:00:00,29.934,29.934,29.78,29.918,0
2025-01-06 19:00:00,29.919,29.942,29.865,29.931,0
2025-01-06 20:00:00,29.931,30.078,29.914,30.03,0
2025-01-06 21:00:00,30.033,30.063,29.96,29.978,0
2025-01-06 22:00:00,29.981,30.062,29.952,30.056,0
2025-01-06 23:00:00,30.056,30.062,30.023,30.023,0
2025-01-07 00:00:00,30.023,30.17,30.017,30.117,0
2025-01-07 01:00:00,30.117,30.17,30.043,30.065,0
2025-01-07 02:00:00,30.069,30.162,30.058,30.155,0
2025-01-07 03:00:00,30.152,30.218,30.15,30.187,0
2025-01-07 04:00:00,30.182,30.22,30.159,30.177,0
2025-01-07 05:00:00,30.182,30.226,30.163,30.201,0
2025-01-07 06:00:00,30.203,30.238,30.107,30.217,0
2025-01-07 07:00:00,30.214,30.268,30.185,30.223,0
2025-01-07 08:00:00,30.205,30.375,30.178,30.355,0
2025-01-07 09:00:00,30.355,30.361,30.214,30.271,0
2025-01-07 10:00:00,30.258,30.258,29.963,30.082,0
2025-01-07 11:00:00,30.084,30.153,30.032,30.057,0
2025-01-07 12:00:00,30.059,30.117,29.999,30.106,0
2025-01-07 13:00:00,30.105,30.115,30.029,30.07,0
2025-01-07 14:00:00,30.07,30.118,30.01,30.088,0
2025-01-07 15:00:00,30.09,30.099,30.004,30.012,0
2025-01-07 16:00:00,30.013,30.031,30.004,30.025,0
2025-01-07 18:00:00,30.037,30.079,29.875,30.079,0
2025-01-07 19:00:00,30.079,30.141,30.06,30.092,0
2025-01-07 20:00:00,30.086,30.126,30.03,30.105,0
2025-01-07 21:00:00,30.104,30.127,30.012,30.107,0
2025-01-07 22:00:00,30.106,30.106,29.981,29.999,0
2025-01-07 23:00:00,30.0,30.044,29.978,30.018,0
2025-01-08 00:00:00,30.018,30.119,29.982,30.099,0
2025-01-08 01:00:00,30.1,30.135,30.054,30.113,0
2025-01-08 02:00:00,30.114,30.114,29.991,30.02,0
2025-01-08 03:00:00,30.024,30.142,30.014,30.098,0
2025-01-08 04:00:00,30.1,30.213,30.097,30.205,0
2025-01-08 05:00:00,30.205,30.241,30.177,30.207,0
2025-01-08 06:00:00,30.208,30.212,30.021,30.126,0
2025-01-08 07:00:00,30.126,30.152,29.992,30.042,0
2025-01-08 08:00:00,30.045,30.16,30.005,30.148,0
2025-01-08 09:00:00,30.149,30.338,30.14,30.151,0
2025-01-08 10:00:00,30.152,30.278,30.109,30.153,0
2025-01-08 11:00:00,30.152,30.213,30.096,30.206,0
2025-01-08 12:00:00,30.207,30.215,29.785,29.974,0
2025-01-08 13:00:00,29.973,30.093,29.936,29.985,0
2025-01-08 14:00:00,29.981,30.141,29.921,30.054,0
2025-01-08 15:00:00,30.053,30.124,30.043,30.087,0
2025-01-08 16:00:00,30.086,30.115,30.061,30.076,0
2025-01-08 18:00:00,30.075,30.136,30.065,30.118,0
2025-01-08 19:00:00,30.118,30.126,30.016,30.053,0
2025-01-08 20:00:00,30.053,30.133,30.039,30.073,0
2025-01-08 21:00:00,30.069,30.114,30.008,30.089,0
2025-01-08 22:00:00,30.091,30.17,30.08,30.086,0
2025-01-08 23:00:00,30.086,30.122,30.047,30.118,0
2025-01-09 00:00:00,30.117,30.173,30.098,30.119,0
2025-01-09 01:00:00,30.119,30.18,30.108,30.159,0
2025-01-09 02:00:00,30.159,30.17,30.057,30.075,0
2025-01-09 03:00:00,30.07,30.284,30.055,30.239,0
2025-01-09 04:00:00,30.248,30.285,30.217,30.245,0
2025-01-09 05:00:00,30.244,30.333,30.233,30.282,0
2025-01-09 06:00:00,30.279,30.377,30.246,30.329,0
2025-01-09 07:00:00,30.33,30.398,30.271,30.373,0
2025-01-09 08:00:00,30.373,30.469,30.289,30.312,0
2025-01-09 09:00:00,30.31,30.416,30.214,30.358,0
2025-01-09 10:00:00,30.358,30.419,30.175,30.183,0
2025-01-09 11:00:00,30.187,30.248,30.129,30.159,0
2025-01-09 12:00:00,30.162,30.169,29.984,30.138,0
2025-01-09 13:00:00,30.138,30.179,30.083,30.094,0
2025-01-09 14:00:00,30.092,30.103,30.048,30.086,0
2025-01-09 15:00:00,30.087,30.148,30.068,30.083,0
2025-01-09 16:00:00,30.081,30.115,30.032,30.081,0
2025-01-09 18:00:00,30.084,30.14,30.069,30.075,0
2025-01-09 19:00:00,30.076,30.147,30.064,30.118,0
2025-01-09 20:00:00,30.119,30.192,30.083,30.174,0
2025-01-09 21:00:00,30.173,30.282,30.154,30.24,0
2025-01-09 22:00:00,30.241,30.289,30.232,30.248,0
2025-01-09 23:00:00,30.25,30.26,30.178,30.22,0
2025-01-10 00:00:00,30.219,30.307,30.213,30.265,0
2025-01-10 01:00:00,30.252,30.301,30.211,30.256,0
2025-01-10 02:00:00,30.256,30.271,30.158,30.229,0
2025-01-10 03:00:00,30.231,30.385,30.212,30.26,0
2025-01-10 04:00:00,30.261,30.34,30.232,30.299,0
2025-01-10 05:00:00,30.306,30.363,30.294,30.361,0
2025-01-10 06:00:00,30.359,30.437,30.341,30.378,0
2025-01-10 07:00:00,30.375,30.385,30.27,30.329,0
2025-01-10 08:00:00,30.341,30.351,29.934,30.318,0
2025-01-10 09:00:00,30.319,30.652,30.278,30.552,0
2025-01-10 10:00:00,30.553,30.611,30.307,30.332,0
2025-01-10 11:00:00,30.335,30.568,30.243,30.519,0
2025-01-10 12:00:00,30.517,30.532,30.378,30.413,0
2025-01-10 13:00:00,30.401,30.444,30.3,30.409,0
2025-01-10 14:00:00,30.411,30.436,30.316,30.385,0
2025-01-10 15:00:00,30.388,30.388,30.308,30.32,0
2025-01-10 16:00:00,30.32,30.419,30.317,30.38,0
2025-01-12 18:00:00,30.381,30.467,30.37,30.45,0
2025-01-12 19:00:00,30.447,30.497,30.365,30.392,0
2025-01-12 20:00:00,30.393,30.394,30.226,30.264,0
2025-01-12 21:00:00,30.265,30.367,30.259,30.306,0
2025-01-12 22:00:00,30.312,30.32,30.181,30.233,0
2025-01-12 23:00:00,30.232,30.306,30.18,30.215,0
2025-01-13 00:00:00,30.215,30.254,30.085,30.18,0
2025-01-13 01:00:00,30.181,30.286,30.156,30.258,0
2025-01-13 02:00:00,30.258,30.292,30.178,30.224,0
2025-01-13 03:00:00,30.224,30.368,30.215,30.29,0
2025-01-13 04:00:00,30.287,30.298,29.986,30.0,0
2025-01-13 05:00:00,29.998,30.047,29.894,30.003,0
2025-01-13 06:00:00,30.0,30.035,29.849,29.862,0
2025-01-13 07:00:00,29.849,29.889,29.548,29.828,0
2025-01-13 08:00:00,29.831,29.854,29.62,29.706,0
2025-01-13 09:00:00,29.702,29.842,29.551,29.791,0
2025-01-13 10:00:00,29.794,29.836,29.509,29.532,0
2025-01-13 11:00:00,29.54,29.682,29.491,29.603,0
2025-01-13 12:00:00,29.605,29.714,29.573,29.655,0
2025-01-13 13:00:00,29.652,29.69,29.609,29.613,0
2025-01-13 14:00:00,29.613,29.627,29.534,29.613,0
2025-01-13 15:00:00,29.613,29.633,29.557,29.58,0
2025-01-13 16:00:00,29.579,29.618,29.555,29.603,0
2025-01-13 18:00:00,29.593,29.744,29.565,29.668,0
2025-01-13 19:00:00,29.667,29.702,29.63,29.664,0
2025-01-13 20:00:00,29.663,29.685,29.581,29.614,0
2025-01-13 21:00:00,29.613,29.635,29.536,29.585,0
2025-01-13 22:00:00,29.586,29.642,29.549,29.636,0
2025-01-13 23:00:00,29.635,29.698,29.623,29.694,0
2025-01-14 00:00:00,29.695,29.698,29.575,29.619,0
2025-01-14 01:00:00,29.62,29.685,29.564,29.67,0
2025-01-14 02:00:00,29.671,29.758,29.634,29.743,0
2025-01-14 03:00:00,29.744,29.859,29.498,29.733,0
2025-01-14 04:00:00,29.734,29.751,29.643,29.692,0
2025-01-14 05:00:00,29.689,29.732,29.66,29.687,0
2025-01-14 06:00:00,29.686,29.754,29.657,29.732,0
2025-01-14 07:00:00,29.733,29.761,29.669,29.678,0
2025-01-14 08:00:00,29.68,29.904,29.643,29.748,0
2025-01-14 09:00:00,29.757,29.817,29.635,29.8,0
2025-01-14 10:00:00,29.806,29.953,29.794,29.897,0
2025-01-14 11:00:00,29.899,29.963,29.809,29.816,0
2025-01-14 12:00:00,29.815,29.875,29.753,29.782,0
2025-01-14 13:00:00,29.781,29.854,29.716,29.846,0
2025-01-14 14:00:00,29.841,29.872,29.779,29.795,0
2025-01-14 15:00:00,29.796,29.884,29.746,29.876,0
2025-01-14 16:00:00,29.877,29.895,29.824,29.868,0
2025-01-14 18:00:00,29.866,29.896,29.795,29.821,0
2025-01-14 19:00:00,29.821,29.827,29.76,29.784,0
2025-01-14 20:00:00,29.784,29.813,29.733,29.735,0
2025-01-14 21:00:00,29.736,29.846,29.724,29.83,0
2025-01-14 22:00:00,29.835,29.867,29.799,29.84,0
2025-01-14 23:00:00,29.837,29.84,29.777,29.797,0
2025-01-15 00:00:00,29.797,29.876,29.776,29.843,0
2025-01-15 01:00:00,29.841,29.98,29.808,29.938,0
2025-01-15 02:00:00,29.939,30.04,29.897,29.981,0
2025-01-15 03:00:00,29.989,30.081,29.96,30.025,0
2025-01-15 04:00:00,30.029,30.13,29.987,30.094,0
2025-01-15 05:00:00,30.1,30.113,30.012,30.052,0
2025-01-15 06:00:00,30.053,30.093,29.957,30.029,0
2025-01-15 07:00:00,30.026,30.027,29.887,29.906,0
2025-01-15 08:00:00,29.9,30.314,29.852,30.296,0
2025-01-15 09:00:00,30.297,30.411,30.141,30.276,0
2025-01-15 10:00:00,30.275,30.372,30.15,30.277,0
2025-01-15 11:00:00,30.28,30.488,30.272,30.475,0
2025-01-15 12:00:00,30.469,30.616,30.465,30.584,0
2025-01-15 13:00:00,30.583,30.662,30.542,30.602,0
2025-01-15 14:00:00,30.604,30.674,30.596,30.649,0
2025-01-15 15:00:00,30.647,30.718,30.635,30.698,0
2025-01-15 16:00:00,30.698,30.743,30.55,30.653,0
2025-01-15 18:00:00,30.663,30.675,30.498,30.664,0
2025-01-15 19:00:00,30.654,30.663,30.551,30.567,0
2025-01-15 20:00:00,30.567,30.756,30.551,30.713,0
2025-01-15 21:00:00,30.714,30.727,30.604,30.623,0
2025-01-15 22:00:00,30.622,30.676,30.584,30.649,0
2025-01-15 23:00:00,30.651,30.706,30.647,30.675,0
2025-01-16 00:00:00,30.675,30.68,30.596,30.624,0
2025-01-16 01:00:00,30.621,30.74,30.621,30.732,0
2025-01-16 02:00:00,30.734,30.879,30.718,30.85,0
2025-01-16 03:00:00,30.848,30.873,30.714,30.794,0
2025-01-16 04:00:00,30.79,30.909,30.751,30.825,0
2025-01-16 05:00:00,30.82,30.866,30.75,30.762,0
2025-01-16 06:00:00,30.76,30.873,30.723,30.773,0
2025-01-16 07:00:00,30.773,30.776,30.521,30.528,0
2025-01-16 08:00:00,30.539,30.817,30.5,30.763,0
2025-01-16 09:00:00,30.77,30.825,30.621,30.73,0
2025-01-16 10:00:00,30.728,30.847,30.653,30.782,0
2025-01-16 11:00:00,30.787,30.868,30.752,30.828,0
2025-01-16 12:00:00,30.829,30.966,30.797,30.871,0
2025-01-16 13:00:00,30.872,30.881,30.745,30.77,0
2025-01-16 14:00:00,30.768,30.848,30.765,30.834,0
2025-01-16 15:00:00,30.833,30.834,30.759,30.791,0
2025-01-16 16:00:00,30.791,30.816,30.762,30.792,0
2025-01-16 18:00:00,30.778,30.793,30.71,30.749,0
2025-01-16 19:00:00,30.745,30.819,30.735,30.819,0
2025-01-16 20:00:00,30.818,30.819,30.717,30.786,0
2025-01-16 21:00:00,30.789,30.828,30.746,30.757,0
2025-01-16 22:00:00,30.757,30.818,30.756,30.769,0
2025-01-16 23:00:00,30.768,30.794,30.709,30.725,0
2025-01-17 00:00:00,30.724,30.769,30.586,30.613,0
2025-01-17 01:00:00,30.613,30.702,30.604,30.658,0
2025-01-17 02:00:00,30.658,30.669,30.593,30.597,0
2025-01-17 03:00:00,30.596,30.651,30.528,30.571,0
2025-01-17 04:00:00,30.57,30.578,30.448,30.471,0
2025-01-17 05:00:00,30.479,30.533,30.422,30.509,0
2025-01-17 06:00:00,30.508,30.63,30.499,30.614,0
2025-01-17 07:00:00,30.623,30.67,30.446,30.461,0
2025-01-17 08:00:00,30.464,30.465,30.121,30.18,0
2025-01-17 09:00:00,30.178,30.385,30.121,30.329,0
2025-01-17 10:00:00,30.326,30.458,30.265,30.31,0
2025-01-17 11:00:00,30.301,30.443,30.285,30.423,0
2025-01-17 12:00:00,30.427,30.427,30.277,30.325,0
2025-01-17 13:00:00,30.32,30.367,30.281,30.303,0
2025-01-17 14:00:00,30.297,30.333,30.167,30.171,0
2025-01-17 15:00:00,30.172,30.305,30.119,30.305,0
2025-01-17 16:00:00,30.292,30.347,30.243,30.324,0
2025-01-19 18:00:00,30.339,30.339,30.216,30.303,0
2025-01-19 19:00:00,30.301,30.325,30.247,30.29,0
2025-01-19 20:00:00,30.29,30.29,30.107,30.176,0
2025-01-19 21:00:00,30.176,30.203,30.109,30.176,0
2025-01-19 22:00:00,30.176,30.344,30.168,30.343,0
2025-01-19 23:00:00,30.341,30.4,30.316,30.387,0
2025-01-20 00:00:00,30.386,30.428,30.338,30.363,0
2025-01-20 01:00:00,30.363,30.415,30.304,30.381,0
2025-01-20 02:00:00,30.377,30.392,30.347,30.368,0
2025-01-20 03:00:00,30.361,30.4,30.272,30.349,0
2025-01-20 04:00:00,30.351,30.351,30.253,30.254,0
2025-01-20 05:00:00,30.255,30.295,30.196,30.22,0
2025-01-20 06:00:00,30.221,30.276,30.179,30.244,0
2025-01-20 07:00:00,30.251,30.251,30.181,30.21,0
2025-01-20 08:00:00,30.208,30.395,29.976,30.232,0
2025-01-20 09:00:00,30.231,30.57,30.229,30.453,0
2025-01-20 10:00:00,30.451,30.517,30.364,30.453,0
2025-01-20 11:00:00,30.455,30.599,30.302,30.558,0
2025-01-20 12:00:00,30.558,30.617,30.366,30.478,0
2025-01-20 13:00:00,30.484,30.554,30.422,30.54,0
2025-01-20 14:00:00,30.542,30.556,30.508,30.511,0
2025-01-20 18:00:00,30.48,30.639,30.478,30.56,0
2025-01-20 19:00:00,30.562,30.601,30.237,30.254,0
2025-01-20 20:00:00,30.259,30.484,30.178,30.438,0
2025-01-20 21:00:00,30.431,30.648,30.428,30.638,0
2025-01-20 22:00:00,30.636,30.722,30.582,30.606,0
2025-01-20 23:00:00,30.607,30.636,30.558,30.583,0
2025-01-21 00:00:00,30.582,30.649,30.577,30.637,0
2025-01-21 01:00:00,30.637,30.671,30.521,30.546,0
2025-01-21 02:00:00,30.546,30.646,30.475,30.571,0
2025-01-21 03:00:00,30.569,30.569,30.352,30.412,0
2025-01-21 04:00:00,30.41,30.512,30.316,30.46,0
2025-01-21 05:00:00,30.455,30.52,30.419,30.467,0
2025-01-21 06:00:00,30.456,30.559,30.426,30.542,0
2025-01-21 07:00:00,30.545,30.607,30.483,30.559,0
2025-01-21 08:00:00,30.562,30.629,30.485,30.503,0
2025-01-21 09:00:00,30.499,30.734,30.489,30.697,0
2025-01-21 10:00:00,30.695,30.737,30.588,30.642,0
2025-01-21 11:00:00,30.639,30.814,30.604,30.786,0
2025-01-21 12:00:00,30.776,30.82,30.733,30.735,0
2025-01-21 13:00:00,30.734,30.822,30.72,30.819,0
2025-01-21 14:00:00,30.813,30.827,30.727,30.772,0
2025-01-21 15:00:00,30.771,30.825,30.753,30.778,0
2025-01-21 16:00:00,30.779,30.842,30.725,30.774,0
2025-01-21 18:00:00,30.803,30.822,30.686,30.725,0
2025-01-21 19:00:00,30.725,30.854,30.72,30.841,0
2025-01-21 20:00:00,30.84,30.888,30.767,30.8,0
2025-01-21 21:00:00,30.798,30.846,30.72,30.819,0
2025-01-21 22:00:00,30.818,30.891,30.802,30.888,0
2025-01-21 23:00:00,30.889,30.914,30.87,30.88,0
2025-01-22 00:00:00,30.879,30.938,30.843,30.913,0
2025-01-22 01:00:00,30.911,30.911,30.744,30.811,0
2025-01-22 02:00:00,30.81,30.918,30.778,30.798,0
2025-01-22 03:00:00,30.807,30.873,30.76,30.836,0
2025-01-22 04:00:00,30.836,30.934,30.836,30.907,0
2025-01-22 05:00:00,30.922,30.946,30.838,30.862,0
2025-01-22 06:00:00,30.862,30.871,30.796,30.825,0
2025-01-22 07:00:00,30.824,30.832,30.693,30.771,0
2025-01-22 08:00:00,30.769,30.887,30.672,30.789,0
2025-01-22 09:00:00,30.789,30.809,30.549,30.633,0
2025-01-22 10:00:00,30.638,30.732,30.58,30.697,0
2025-01-22 11:00:00,30.698,30.785,30.648,30.754,0
2025-01-22 12:00:00,30.748,30.833,30.718,30.809,0
2025-01-22 13:00:00,30.809,30.898,30.78,30.87,0
2025-01-22 14:00:00,30.873,30.891,30.823,30.85,0
2025-01-22 15:00:00,30.847,30.877,30.786,30.789,0
2025-01-22 16:00:00,30.797,30.841,30.773,30.785,0
2025-01-22 18:00:00,30.804,30.804,30.704,30.756,0
2025-01-22 19:00:00,30.754,30.825,30.745,30.811,0
2025-01-22 20:00:00,30.806,30.841,30.653,30.672,0
2025-01-22 21:00:00,30.67,30.725,30.613,30.626,0
2025-01-22 22:00:00,30.627,30.647,30.564,30.571,0
2025-01-22 23:00:00,30.572,30.645,30.568,30.63,0
2025-01-23 00:00:00,30.629,30.665,30.599,30.632,0
2025-01-23 01:00:00,30.633,30.696,30.617,30.633,0
2025-01-23 02:00:00,30.633,30.662,30.544,30.627,0
2025-01-23 03:00:00,30.635,30.65,30.522,30.533,0
2025-01-23 04:00:00,30.523,30.586,30.402,30.545,0
2025-01-23 05:00:00,30.541,30.599,30.524,30.581,0
2025-01-23 06:00:00,30.582,30.603,30.494,30.494,0
2025-01-23 07:00:00,30.495,30.534,30.253,30.395,0
2025-01-23 08:00:00,30.397,30.428,30.079,30.236,0
2025-01-23 09:00:00,30.236,30.297,30.133,30.224,0
2025-01-23 10:00:00,30.226,30.262,30.13,30.136,0
2025-01-23 11:00:00,30.138,30.449,30.093,30.299,0
2025-01-23 12:00:00,30.296,30.493,30.271,30.461,0
2025-01-23 13:00:00,30.462,30.482,30.408,30.447,0
2025-01-23 14:00:00,30.45,30.463,30.403,30.416,0
2025-01-23 15:00:00,30.416,30.486,30.383,30.464,0
2025-01-23 16:00:00,30.46,30.46,30.379,30.386,0
2025-01-23 18:00:00,30.414,30.455,30.367,30.451,0
2025-01-23 19:00:00,30.448,30.463,30.42,30.448,0
2025-01-23 20:00:00,30.449,30.672,30.421,30.656,0
2025-01-23 21:00:00,30.656,30.793,30.656,30.776,0
2025-01-23 22:00:00,30.775,30.808,30.713,30.756,0
2025-01-23 23:00:00,30.754,30.806,30.723,30.752,0
2025-01-24 00:00:00,30.752,30.822,30.747,30.804,0
2025-01-24 01:00:00,30.804,30.856,30.773,30.804,0
2025-01-24 02:00:00,30.804,30.85,30.73,30.832,0
2025-01-24 03:00:00,30.83,30.924,30.77,30.894,0
2025-01-24 04:00:00,30.891,30.936,30.789,30.822,0
2025-01-24 05:00:00,30.821,30.896,30.788,30.879,0
2025-01-24 06:00:00,30.881,30.9,30.808,30.857,0
2025-01-24 07:00:00,30.856,30.944,30.829,30.863,0
2025-01-24 08:00:00,30.866,31.011,30.841,30.918,0
2025-01-24 09:00:00,30.917,30.975,30.555,30.612,0
2025-01-24 10:00:00,30.597,30.774,30.525,30.625,0
2025-01-24 11:00:00,30.625,30.825,30.603,30.683,0
2025-01-24 12:00:00,30.683,30.74,30.638,30.679,0
2025-01-24 13:00:00,30.679,30.712,30.638,30.684,0
2025-01-24 14:00:00,30.683,30.706,30.633,30.688,0
2025-01-24 15:00:00,30.686,30.693,30.614,30.631,0
2025-01-24 16:00:00,30.632,30.632,30.513,30.519,0
2025-01-26 18:00:00,30.425,30.592,30.245,30.512,0
2025-01-26 19:00:00,30.515,30.545,30.46,30.51,0
2025-01-26 20:00:00,30.511,30.56,30.305,30.321,0
2025-01-26 21:00:00,30.32,30.342,30.146,30.215,0
2025-01-26 22:00:00,30.217,30.385,30.209,30.345,0
2025-01-26 23:00:00,30.345,30.351,30.244,30.324,0
2025-01-27 00:00:00,30.325,30.325,30.233,30.247,0
2025-01-27 01:00:00,30.248,30.286,30.174,30.263,0
2025-01-27 02:00:00,30.264,30.278,30.124,30.141,0
2025-01-27 03:00:00,30.143,30.303,30.094,30.282,0
2025-01-27 04:00:00,30.281,30.488,30.239,30.444,0
2025-01-27 05:00:00,30.45,30.492,30.422,30.473,0
2025-01-27 06:00:00,30.469,30.581,30.433,30.568,0
2025-01-27 07:00:00,30.571,30.602,30.451,30.505,0
2025-01-27 08:00:00,30.504,30.525,30.315,30.391,0
2025-01-27 09:00:00,30.392,30.455,30.098,30.346,0
2025-01-27 10:00:00,30.343,30.416,30.166,30.362,0
2025-01-27 11:00:00,30.361,30.371,29.866,29.89,0
2025-01-27 12:00:00,29.893,30.032,29.685,29.98,0
2025-01-27 13:00:00,29.977,30.135,29.967,30.084,0
2025-01-27 14:00:00,30.087,30.177,30.079,30.125,0
2025-01-27 15:00:00,30.128,30.168,30.104,30.15,0
2025-01-27 16:00:00,30.149,30.23,30.145,30.178,0
2025-01-27 18:00:00,30.186,30.229,30.111,30.161,0
2025-01-27 19:00:00,30.162,30.187,30.12,30.125,0
2025-01-27 20:00:00,30.127,30.201,30.04,30.094,0
2025-01-27 21:00:00,30.092,30.122,29.995,30.003,0
2025-01-27 22:00:00,30.0,30.056,29.982,29.998,0
2025-01-27 23:00:00,29.999,30.072,29.996,30.071,0
2025-01-28 00:00:00,30.074,30.129,30.056,30.065,0
2025-01-28 01:00:00,30.065,30.11,29.954,29.968,0
2025-01-28 02:00:00,29.97,30.078,29.946,29.963,0
2025-01-28 03:00:00,29.96,30.01,29.87,30.009,0
2025-01-28 04:00:00,30.009,30.117,29.983,30.09,0
2025-01-28 05:00:00,30.091,30.187,30.084,30.141,0
2025-01-28 06:00:00,30.142,30.184,30.099,30.133,0
2025-01-28 07:00:00,30.136,30.176,30.075,30.165,0
2025-01-28 08:00:00,30.166,30.277,30.107,30.17,0
2025-01-28 09:00:00,30.177,30.279,30.093,30.151,0
2025-01-28 10:00:00,30.148,30.383,30.067,30.316,0
2025-01-28 11:00:00,30.31,30.391,30.224,30.377,0
2025-01-28 12:00:00,30.373,30.449,30.341,30.371,0
2025-01-28 13:00:00,30.365,30.475,30.352,30.441,0
2025-01-28 14:00:00,30.443,30.453,30.383,30.424,0
2025-01-28 15:00:00,30.427,30.447,30.321,30.332,0
2025-01-28 16:00:00,30.33,30.408,30.33,30.391,0
2025-01-28 18:00:00,30.378,30.417,30.364,30.391,0
2025-01-28 19:00:00,30.39,30.459,30.389,30.433,0
2025-01-28 20:00:00,30.434,30.451,30.398,30.406,0
2025-01-28 21:00:00,30.405,30.472,30.401,30.434,0
2025-01-28 22:00:00,30.435,30.436,30.367,30.378,0
2025-01-28 23:00:00,30.375,30.456,30.358,30.405,0
2025-01-29 00:00:00,30.405,30.407,30.333,30.348,0
2025-01-29 01:00:00,30.352,30.407,30.342,30.348,0
2025-01-29 02:00:00,30.349,30.363,30.268,30.355,0
2025-01-29 03:00:00,30.356,30.531,30.352,30.466,0
2025-01-29 04:00:00,30.465,30.482,30.396,30.407,0
2025-01-29 05:00:00,30.406,30.455,30.404,30.437,0
2025-01-29 06:00:00,30.443,30.529,30.424,30.49,0
2025-01-29 07:00:00,30.496,30.528,30.403,30.522,0
2025-01-29 08:00:00,30.526,30.686,30.408,30.574,0
2025-01-29 09:00:00,30.577,30.963,30.566,30.937,0
2025-01-29 10:00:00,30.938,30.973,30.699,30.853,0
2025-01-29 11:00:00,30.857,30.893,30.716,30.778,0
2025-01-29 12:00:00,30.78,30.805,30.651,30.735,0
2025-01-29 13:00:00,30.733,30.777,30.576,30.699,0
2025-01-29 14:00:00,30.706,30.894,30.571,30.793,0
2025-01-29 15:00:00,30.789,30.867,30.67,30.746,0
2025-01-29 16:00:00,30.745,30.834,30.723,30.802,0
2025-01-29 18:00:00,30.815,30.88,30.699,30.866,0
2025-01-29 19:00:00,30.866,30.877,30.797,30.869,0
2025-01-29 20:00:00,30.868,30.868,30.803,30.816,0
2025-01-29 21:00:00,30.816,30.865,30.816,30.85,0
2025-01-29 22:00:00,30.85,30.884,30.8,30.878,0
2025-01-29 23:00:00,30.877,30.889,30.826,30.836,0
2025-01-30 00:00:00,30.837,30.854,30.786,30.823,0
2025-01-30 01:00:00,30.824,30.907,30.798,30.897,0
2025-01-30 02:00:00,30.897,31.008,30.876,31.003,0
2025-01-30 03:00:00,31.005,31.073,30.941,31.04,0
2025-01-30 04:00:00,31.033,31.057,30.942,31.033,0
2025-01-30 05:00:00,31.019,31.105,30.984,31.039,0
2025-01-30 06:00:00,31.04,31.107,31.006,31.022,0
2025-01-30 07:00:00,31.025,31.122,30.951,31.091,0
2025-01-30 08:00:00,31.092,31.366,31.04,31.357,0
2025-01-30 09:00:00,31.361,31.503,31.292,31.446,0
2025-01-30 10:00:00,31.448,31.722,31.441,31.557,0
2025-01-30 11:00:00,31.556,31.646,31.352,31.367,0
2025-01-30 12:00:00,31.382,31.6,31.318,31.567,0
2025-01-30 13:00:00,31.571,31.61,31.499,31.567,0
2025-01-30 14:00:00,31.567,31.6,31.524,31.565,0
2025-01-30 15:00:00,31.561,31.598,31.427,31.53,0
2025-01-30 16:00:00,31.53,31.659,31.508,31.633,0
2025-01-30 18:00:00,31.59,31.643,31.459,31.605,0
2025-01-30 19:00:00,31.581,31.65,31.45,31.493,0
2025-01-30 20:00:00,31.494,31.502,31.308,31.375,0
2025-01-30 21:00:00,31.378,31.445,31.007,31.16,0
2025-01-30 22:00:00,31.16,31.573,31.077,31.487,0
2025-01-30 23:00:00,31.486,31.486,31.282,31.411,0
2025-01-31 00:00:00,31.41,31.465,31.354,31.416,0
2025-01-31 01:00:00,31.415,31.493,31.369,31.41,0
2025-01-31 02:00:00,31.41,31.545,31.394,31.471,0
2025-01-31 03:00:00,31.465,31.621,31.457,31.595,0
2025-01-31 04:00:00,31.593,31.624,31.557,31.593,0
2025-01-31 05:00:00,31.593,31.607,31.539,31.582,0
2025-01-31 06:00:00,31.579,31.674,31.5,31.653,0
2025-01-31 07:00:00,31.653,31.695,31.599,31.651,0
2025-01-31 08:00:00,31.651,31.69,31.527,31.638,0
2025-01-31 09:00:00,31.639,31.643,31.381,31.571,0
2025-01-31 10:00:00,31.574,31.665,31.449,31.461,0
2025-01-31 11:00:00,31.469,31.519,31.355,31.428,0
2025-01-31 12:00:00,31.428,31.596,31.307,31.496,0
2025-01-31 13:00:00,31.495,31.521,31.25,31.276,0
2025-01-31 14:00:00,31.276,31.37,31.192,31.246,0
2025-01-31 15:00:00,31.24,31.325,31.158,31.302,0
2025-01-31 16:00:00,31.303,31.356,31.256,31.262,0
2025-02-02 18:00:00,31.23,31.421,30.438,30.993,0
2025-02-02 19:00:00,30.998,31.292,30.845,31.109,0
2025-02-02 20:00:00,31.108,31.113,30.83,30.937,0
2025-02-02 21:00:00,30.935,30.941,30.657,30.844,0
2025-02-02 22:00:00,30.84,30.909,30.693,30.831,0
2025-02-02 23:00:00,30.828,30.966,30.787,30.884,0
2025-02-03 00:00:00,30.881,30.955,30.828,30.911,0
2025-02-03 01:00:00,30.91,31.15,30.88,31.102,0
2025-02-03 02:00:00,31.102,31.152,31.011,31.059,0
2025-02-03 03:00:00,31.056,31.252,30.96,31.097,0
2025-02-03 04:00:00,31.097,31.256,31.077,31.124,0
2025-02-03 05:00:00,31.124,31.223,31.107,31.19,0
2025-02-03 06:00:00,31.188,31.314,31.188,31.273,0
2025-02-03 07:00:00,31.272,31.384,31.241,31.327,0
2025-02-03 08:00:00,31.33,31.409,31.2,31.283,0
2025-02-03 09:00:00,31.279,31.524,31.279,31.46,0
2025-02-03 10:00:00,31.46,31.477,30.953,31.385,0
2025-02-03 11:00:00,31.385,31.661,31.288,31.384,0
2025-02-03 12:00:00,31.388,31.623,31.383,31.465,0
2025-02-03 13:00:00,31.458,31.607,31.427,31.555,0
2025-02-03 14:00:00,31.554,31.621,31.53,31.577,0
2025-02-03 15:00:00,31.58,31.599,31.457,31.487,0
2025-02-03 16:00:00,31.488,31.58,31.438,31.554,0
2025-02-03 18:00:00,31.505,31.556,31.459,31.476,0
2025-02-03 19:00:00,31.476,31.54,31.458,31.519,0
2025-02-03 20:00:00,31.52,31.598,31.478,31.58,0
2025-02-03 21:00:00,31.579,31.619,31.471,31.601,0
2025-02-03 22:00:00,31.603,31.62,31.426,31.494,0
2025-02-03 23:00:00,31.494,31.5,31.435,31.443,0
2025-02-04 00:00:00,31.44,31.46,31.339,31.454,0
2025-02-04 01:00:00,31.453,31.492,31.374,31.479,0
2025-02-04 02:00:00,31.48,31.553,31.399,31.496,0
2025-02-04 03:00:00,31.496,31.676,31.406,31.647,0
2025-02-04 04:00:00,31.646,31.677,31.594,31.615,0
2025-02-04 05:00:00,31.614,31.648,31.584,31.645,0
2025-02-04 06:00:00,31.647,31.667,31.594,31.605,0
2025-02-04 07:00:00,31.608,31.686,31.571,31.671,0
2025-02-04 08:00:00,31.672,31.899,31.649,31.859,0
2025-02-04 09:00:00,31.863,32.112,31.827,32.016,0
2025-02-04 10:00:00,32.016,32.312,31.938,31.943,0
2025-02-04 11:00:00,31.94,32.323,31.868,32.28,0
2025-02-04 12:00:00,32.278,32.33,32.181,32.322,0
2025-02-04 13:00:00,32.322,32.36,32.248,32.274,0
2025-02-04 14:00:00,32.276,32.318,32.134,32.173,0
2025-02-04 15:00:00,32.175,32.182,32.034,32.084,0
2025-02-04 16:00:00,32.084,32.137,32.076,32.118,0
2025-02-04 18:00:00,32.088,32.141,32.047,32.065,0
2025-02-04 19:00:00,32.064,32.174,31.921,32.017,0
2025-02-04 20:00:00,32.018,32.188,31.946,32.048,0
2025-02-04 21:00:00,32.041,32.194,32.029,32.175,0
2025-02-04 22:00:00,32.171,32.259,32.113,32.22,0
2025-02-04 23:00:00,32.21,32.296,32.19,32.259,0
2025-02-05 00:00:00,32.256,32.315,32.236,32.277,0
2025-02-05 01:00:00,32.278,32.344,32.222,32.226,0
2025-02-05 02:00:00,32.227,32.32,32.168,32.282,0
2025-02-05 03:00:00,32.281,32.463,32.267,32.412,0
2025-02-05 04:00:00,32.412,32.466,32.389,32.454,0
2025-02-05 05:00:00,32.453,32.543,32.284,32.323,0
2025-02-05 06:00:00,32.324,32.4,32.225,32.302,0
2025-02-05 07:00:00,32.301,32.418,32.23,32.381,0
2025-02-05 08:00:00,32.382,32.394,32.039,32.118,0
2025-02-05 09:00:00,32.117,32.401,32.09,32.327,0
2025-02-05 10:00:00,32.327,32.514,32.307,32.493,0
2025-02-05 11:00:00,32.49,32.519,32.236,32.518,0
2025-02-05 12:00:00,32.518,32.533,32.408,32.515,0
2025-02-05 13:00:00,32.516,32.538,32.303,32.354,0
2025-02-05 14:00:00,32.345,32.396,32.275,32.326,0
2025-02-05 15:00:00,32.327,32.376,32.191,32.239,0
2025-02-05 16:00:00,32.241,32.318,32.218,32.282,0
2025-02-05 18:00:00,32.295,32.345,32.132,32.305,0
2025-02-05 19:00:00,32.307,32.388,32.307,32.383,0
2025-02-05 20:00:00,32.383,32.407,32.33,32.365,0
2025-02-05 21:00:00,32.365,32.4,32.24,32.283,0
2025-02-05 22:00:00,32.284,32.284,32.19,32.21,0
2025-02-05 23:00:00,32.21,32.245,32.189,32.2,0
2025-02-06 00:00:00,32.204,32.288,32.198,32.284,0
2025-02-06 01:00:00,32.285,32.343,32.129,32.197,0
2025-02-06 02:00:00,32.198,32.256,31.903,31.923,0
2025-02-06 03:00:00,31.92,32.057,31.783,32.025,0
2025-02-06 04:00:00,32.025,32.143,31.999,32.04,0
2025-02-06 05:00:00,32.04,32.077,31.938,31.944,0
2025-02-06 06:00:00,31.941,32.063,31.894,32.018,0
2025-02-06 07:00:00,32.028,32.117,31.985,32.012,0
2025-02-06 08:00:00,32.012,32.062,31.903,32.009,0
2025-02-06 09:00:00,32.009,32.144,31.794,31.814,0
2025-02-06 10:00:00,31.816,32.134,31.731,32.044,0
2025-02-06 11:00:00,32.049,32.195,32.043,32.088,0
2025-02-06 12:00:00,32.089,32.22,32.066,32.212,0
2025-02-06 13:00:00,32.214,32.265,32.176,32.229,0
2025-02-06 14:00:00,32.23,32.23,32.153,32.177,0
2025-02-06 15:00:00,32.176,32.268,32.165,32.25,0
2025-02-06 16:00:00,32.245,32.25,32.174,32.174,0
2025-02-06 18:00:00,32.181,32.225,32.181,32.205,0
2025-02-06 19:00:00,32.206,32.24,32.197,32.226,0
2025-02-06 20:00:00,32.227,32.266,32.205,32.254,0
2025-02-06 21:00:00,32.256,32.293,32.223,32.282,0
2025-02-06 22:00:00,32.281,32.304,32.209,32.239,0
2025-02-06 23:00:00,32.243,32.251,32.205,32.23,0
2025-02-07 00:00:00,32.231,32.256,32.125,32.133,0
2025-02-07 01:00:00,32.132,32.225,32.121,32.201,0
2025-02-07 02:00:00,32.201,32.291,32.163,32.253,0
2025-02-07 03:00:00,32.253,32.356,32.242,32.334,0
2025-02-07 04:00:00,32.32,32.413,32.285,32.308,0
2025-02-07 05:00:00,32.306,32.319,32.17,32.267,0
2025-02-07 06:00:00,32.272,32.306,32.244,32.262,0
2025-02-07 07:00:00,32.276,32.284,32.185,32.185,0
2025-02-07 08:00:00,32.186,32.363,31.931,32.231,0
2025-02-07 09:00:00,32.235,32.505,32.13,32.423,0
2025-02-07 10:00:00,32.388,32.64,32.326,32.428,0
2025-02-07 11:00:00,32.434,32.445,32.07,32.085,0
2025-02-07 12:00:00,32.084,32.16,31.876,31.996,0
2025-02-07 13:00:00,31.997,32.065,31.827,31.843,0
2025-02-07 14:00:00,31.844,31.927,31.805,31.886,0
2025-02-07 15:00:00,31.884,31.884,31.776,31.84,0
2025-02-07 16:00:00,31.845,31.862,31.739,31.77,0
2025-02-09 18:00:00,31.743,31.815,31.639,31.775,0
2025-02-09 19:00:00,31.775,31.919,31.775,31.905,0
2025-02-09 20:00:00,31.905,32.014,31.818,31.89,0
2025-02-09 21:00:00,31.882,31.966,31.836,31.957,0
2025-02-09 22:00:00,31.957,32.009,31.836,32.004,0
2025-02-09 23:00:00,32.005,32.05,31.979,32.041,0
2025-02-10 00:00:00,32.042,32.076,31.948,32.002,0
2025-02-10 01:00:00,32.007,32.055,31.958,32.038,0
2025-02-10 02:00:00,32.039,32.156,32.013,32.13,0
2025-02-10 03:00:00,32.132,32.219,32.113,32.179,0
2025-02-10 04:00:00,32.179,32.307,32.175,32.284,0
2025-02-10 05:00:00,32.295,32.318,32.241,32.297,0
2025-02-10 06:00:00,32.304,32.328,32.187,32.244,0
2025-02-10 07:00:00,32.243,32.274,32.18,32.185,0
2025-02-10 08:00:00,32.185,32.288,32.052,32.098,0
2025-02-10 09:00:00,32.092,32.238,31.903,32.235,0
2025-02-10 10:00:00,32.236,32.239,32.101,32.167,0
2025-02-10 11:00:00,32.166,32.212,32.013,32.07,0
2025-02-10 12:00:00,32.066,32.082,31.922,31.995,0
2025-02-10 13:00:00,31.994,32.102,31.961,32.051,0
2025-02-10 14:00:00,32.045,32.119,32.044,32.057,0
2025-02-10 15:00:00,32.057,32.071,32.0,32.046,0
2025-02-10 16:00:00,32.041,32.059,32.012,32.023,0
2025-02-10 18:00:00,32.003,32.109,31.999,32.056,0
2025-02-10 19:00:00,32.057,32.2,32.05,32.179,0
2025-02-10 20:00:00,32.178,32.231,32.036,32.093,0
2025-02-10 21:00:00,32.091,32.195,31.612,31.8,0
2025-02-10 22:00:00,31.799,32.0,31.751,31.878,0
2025-02-10 23:00:00,31.88,31.917,31.837,31.85,0
2025-02-11 00:00:00,31.85,32.0,31.829,31.95,0
2025-02-11 01:00:00,31.95,32.033,31.783,31.81,0
2025-02-11 02:00:00,31.811,31.89,31.704,31.777,0
2025-02-11 03:00:00,31.776,31.823,31.694,31.701,0
2025-02-11 04:00:00,31.705,31.823,31.66,31.737,0
2025-02-11 05:00:00,31.735,31.799,31.651,31.661,0
2025-02-11 06:00:00,31.661,31.77,31.657,31.703,0
2025-02-11 07:00:00,31.708,31.726,31.47,31.557,0
2025-02-11 08:00:00,31.554,31.574,31.239,31.525,0
2025-02-11 09:00:00,31.524,31.825,31.493,31.727,0
2025-02-11 10:00:00,31.726,31.937,31.631,31.914,0
2025-02-11 11:00:00,31.913,31.949,31.86,31.865,0
2025-02-11 12:00:00,31.871,31.916,31.827,31.899,0
2025-02-11 13:00:00,31.896,31.949,31.847,31.874,0
2025-02-11 14:00:00,31.874,31.913,31.815,31.878,0
2025-02-11 15:00:00,31.873,31.884,31.788,31.822,0
2025-02-11 16:00:00,31.82,31.83,31.795,31.807,0
2025-02-11 18:00:00,31.793,31.835,31.63,31.825,0
2025-02-11 19:00:00,31.823,31.83,31.729,31.734,0
2025-02-11 20:00:00,31.731,31.78,31.645,31.756,0
2025-02-11 21:00:00,31.758,31.927,31.751,31.848,0
2025-02-11 22:00:00,31.849,31.875,31.77,31.828,0
2025-02-11 23:00:00,31.827,31.87,31.746,31.769,0
2025-02-12 00:00:00,31.77,31.814,31.719,31.78,0
2025-02-12 01:00:00,31.779,31.891,31.77,31.872,0
2025-02-12 02:00:00,31.874,31.93,31.844,31.881,0
2025-02-12 03:00:00,31.878,31.894,31.758,31.772,0
2025-02-12 04:00:00,31.77,31.809,31.699,31.722,0
2025-02-12 05:00:00,31.723,31.875,31.701,31.732,0
2025-02-12 06:00:00,31.72,31.807,31.71,31.758,0
2025-02-12 07:00:00,31.757,31.775,31.69,31.748,0
2025-02-12 08:00:00,31.751,31.992,31.468,31.98,0
2025-02-12 09:00:00,31.98,32.125,31.834,32.058,0
2025-02-12 10:00:00,32.059,32.193,31.924,32.182,0
2025-02-12 11:00:00,32.183,32.236,32.063,32.222,0
2025-02-12 12:00:00,32.222,32.354,32.214,32.341,0
2025-02-12 13:00:00,32.342,32.351,32.156,32.222,0
2025-02-12 14:00:00,32.217,32.235,32.147,32.162,0
2025-02-12 15:00:00,32.164,32.227,32.14,32.19,0
2025-02-12 16:00:00,32.19,32.219,32.158,32.21,0
2025-02-12 18:00:00,32.205,32.283,32.2,32.265,0
2025-02-12 19:00:00,32.263,32.32,32.245,32.293,0
2025-02-12 20:00:00,32.297,32.311,32.16,32.216,0
2025-02-12 21:00:00,32.215,32.296,32.165,32.271,0
2025-02-12 22:00:00,32.271,32.294,32.224,32.267,0
2025-02-12 23:00:00,32.265,32.331,32.254,32.323,0
2025-02-13 00:00:00,32.32,32.38,32.279,32.302,0
2025-02-13 01:00:00,32.301,32.329,32.251,32.307,0
2025-02-13 02:00:00,32.309,32.388,32.269,32.317,0
2025-02-13 03:00:00,32.31,32.356,32.18,32.233,0
2025-02-13 04:00:00,32.229,32.295,32.19,32.261,0
2025-02-13 05:00:00,32.255,32.307,32.227,32.278,0
2025-02-13 06:00:00,32.277,32.325,32.193,32.253,0
2025-02-13 07:00:00,32.252,32.33,32.201,32.256,0
2025-02-13 08:00:00,32.263,32.292,32.03,32.051,0
2025-02-13 09:00:00,32.045,32.139,31.981,32.07,0
2025-02-13 10:00:00,32.074,32.232,32.02,32.212,0
2025-02-13 11:00:00,32.207,32.245,32.114,32.12,0
2025-02-13 12:00:00,32.118,32.17,32.084,32.142,0
2025-02-13 13:00:00,32.138,32.274,32.088,32.245,0
2025-02-13 14:00:00,32.24,32.333,32.24,32.312,0
2025-02-13 15:00:00,32.31,32.377,32.288,32.355,0
2025-02-13 16:00:00,32.36,32.411,32.283,32.33,0
2025-02-13 18:00:00,32.282,32.378,32.159,32.348,0
2025-02-13 19:00:00,32.348,32.366,32.276,32.278,0
2025-02-13 20:00:00,32.283,32.49,32.247,32.465,0
2025-02-13 21:00:00,32.46,32.494,32.374,32.482,0
2025-02-13 22:00:00,32.481,32.502,32.376,32.415,0
2025-02-13 23:00:00,32.414,32.519,32.407,32.519,0
2025-02-14 00:00:00,32.519,32.64,32.484,32.635,0
2025-02-14 01:00:00,32.636,32.976,32.62,32.96,0
2025-02-14 02:00:00,32.961,33.112,32.923,33.044,0
2025-02-14 03:00:00,33.032,33.235,32.976,33.18,0
2025-02-14 04:00:00,33.187,33.286,33.16,33.262,0
2025-02-14 05:00:00,33.261,33.344,33.23,33.299,0
2025-02-14 06:00:00,33.302,33.31,33.1,33.127,0
2025-02-14 07:00:00,33.128,33.27,33.061,33.196,0
2025-02-14 08:00:00,33.188,33.394,32.974,33.048,0
2025-02-14 09:00:00,33.05,33.265,32.855,33.095,0
2025-02-14 10:00:00,33.101,33.108,32.64,32.719,0
2025-02-14 11:00:00,32.719,32.732,32.25,32.386,0
2025-02-14 12:00:00,32.39,32.431,32.31,32.4,0
2025-02-14 13:00:00,32.401,32.439,32.233,32.308,0
2025-02-14 14:00:00,32.307,32.374,32.238,32.279,0
2025-02-14 15:00:00,32.27,32.286,32.054,32.166,0
2025-02-14 16:00:00,32.161,32.179,32.11,32.11,0
2025-02-16 18:00:00,32.108,32.194,31.927,32.02,0
2025-02-16 19:00:00,32.02,32.115,32.01,32.026,0
2025-02-16 20:00:00,32.028,32.327,31.897,32.314,0
2025-02-16 21:00:00,32.313,32.447,32.264,32.388,0
2025-02-16 22:00:00,32.394,32.464,32.353,32.438,0
2025-02-16 23:00:00,32.438,32.462,32.32,32.359,0
2025-02-17 00:00:00,32.358,32.42,32.123,32.125,0
2025-02-17 01:00:00,32.12,32.164,31.929,32.143,0
2025-02-17 02:00:00,32.141,32.247,32.109,32.245,0
2025-02-17 03:00:00,32.245,32.363,32.225,32.34,0
2025-02-17 04:00:00,32.339,32.456,32.339,32.432,0
2025-02-17 05:00:00,32.433,32.444,32.348,32.42,0
2025-02-17 06:00:00,32.42,32.482,32.387,32.457,0
2025-02-17 07:00:00,32.463,32.483,32.277,32.28,0
2025-02-17 08:00:00,32.279,32.32,32.182,32.214,0
2025-02-17 09:00:00,32.218,32.388,32.2,32.364,0
2025-02-17 10:00:00,32.363,32.379,32.233,32.298,0
2025-02-17 11:00:00,32.298,32.34,32.248,32.339,0
2025-02-17 12:00:00,32.337,32.349,32.3,32.331,0
2025-02-17 13:00:00,32.33,32.414,32.303,32.413,0
2025-02-17 14:00:00,32.413,32.413,32.376,32.387,0
2025-02-17 18:00:00,32.388,32.388,32.307,32.366,0
2025-02-17 19:00:00,32.37,32.399,32.333,32.349,0
2025-02-17 20:00:00,32.346,32.36,32.108,32.133,0
2025-02-17 21:00:00,32.13,32.361,32.06,32.281,0
2025-02-17 22:00:00,32.285,32.405,32.275,32.359,0
2025-02-17 23:00:00,32.357,32.39,32.287,32.389,0
2025-02-18 00:00:00,32.393,32.468,32.318,32.319,0
2025-02-18 01:00:00,32.319,32.422,32.312,32.413,0
2025-02-18 02:00:00,32.414,32.516,32.31,32.401,0
2025-02-18 03:00:00,32.399,32.517,32.352,32.48,0
2025-02-18 04:00:00,32.482,32.51,32.434,32.488,0
2025-02-18 05:00:00,32.487,32.503,32.418,32.461,0
2025-02-18 06:00:00,32.462,32.494,32.421,32.476,0
2025-02-18 07:00:00,32.473,32.481,32.397,32.467,0
2025-02-18 08:00:00,32.467,32.547,32.371,32.455,0
2025-02-18 09:00:00,32.455,32.608,32.447,32.585,0
2025-02-18 10:00:00,32.598,32.672,32.477,32.656,0
2025-02-18 11:00:00,32.653,32.883,32.621,32.864,0
2025-02-18 12:00:00,32.864,32.891,32.74,32.775,0
2025-02-18 13:00:00,32.773,32.879,32.727,32.843,0
2025-02-18 14:00:00,32.844,32.86,32.775,32.826,0
2025-02-18 15:00:00,32.824,32.88,32.805,32.818,0
2025-02-18 16:00:00,32.817,32.879,32.815,32.85,0
2025-02-18 18:00:00,32.865,32.903,32.841,32.895,0
2025-02-18 19:00:00,32.899,32.941,32.867,32.885,0
2025-02-18 20:00:00,32.885,32.89,32.69,32.786,0
2025-02-18 21:00:00,32.783,32.806,32.456,32.579,0
2025-02-18 22:00:00,32.578,32.646,32.521,32.623,0
2025-02-18 23:00:00,32.62,32.661,32.599,32.639,0
2025-02-19 00:00:00,32.64,32.804,32.617,32.797,0
2025-02-19 01:00:00,32.796,32.855,32.752,32.774,0
2025-02-19 02:00:00,32.775,32.902,32.752,32.84,0
2025-02-19 03:00:00,32.842,32.979,32.84,32.908,0
2025-02-19 04:00:00,32.9,32.991,32.884,32.973,0
2025-02-19 05:00:00,32.975,33.026,32.941,33.004,0
2025-02-19 06:00:00,33.002,33.069,32.886,32.895,0
2025-02-19 07:00:00,32.888,32.926,32.813,32.833,0
2025-02-19 08:00:00,32.842,32.973,32.783,32.815,0
2025-02-19 09:00:00,32.806,32.848,32.544,32.613,0
2025-02-19 10:00:00,32.613,32.726,32.45,32.467,0
2025-02-19 11:00:00,32.467,32.655,32.438,32.605,0
2025-02-19 12:00:00,32.605,32.648,32.555,32.62,0
2025-02-19 13:00:00,32.619,32.688,32.541,32.63,0
2025-02-19 14:00:00,32.635,32.764,32.625,32.738,0
2025-02-19 15:00:00,32.734,32.763,32.693,32.742,0
2025-02-19 16:00:00,32.742,32.768,32.628,32.628,0
2025-02-19 18:00:00,32.657,32.72,32.624,32.693,0
2025-02-19 19:00:00,32.694,32.769,32.693,32.768,0
2025-02-19 20:00:00,32.766,32.793,32.611,32.654,0
2025-02-19 21:00:00,32.658,32.82,32.627,32.787,0
2025-02-19 22:00:00,32.787,32.835,32.752,32.806,0
2025-02-19 23:00:00,32.806,32.808,32.752,32.79,0
2025-02-20 00:00:00,32.791,32.87,32.782,32.87,0
2025-02-20 01:00:00,32.868,32.894,32.825,32.886,0
2025-02-20 02:00:00,32.885,32.996,32.864,32.933,0
2025-02-20 03:00:00,32.932,33.034,32.931,33.03,0
2025-02-20 04:00:00,33.032,33.099,33.001,33.086,0
2025-02-20 05:00:00,33.089,33.173,33.07,33.145,0
2025-02-20 06:00:00,33.145,33.194,32.973,33.032,0
2025-02-20 07:00:00,33.031,33.105,32.97,33.08,0
2025-02-20 08:00:00,33.083,33.16,32.886,32.966,0
2025-02-20 09:00:00,32.964,33.106,32.774,32.913,0
2025-02-20 10:00:00,32.918,33.023,32.854,32.95,0
2025-02-20 11:00:00,32.957,33.038,32.896,32.965,0
2025-02-20 12:00:00,32.972,33.099,32.924,33.023,0
2025-02-20 13:00:00,33.022,33.058,32.97,33.038,0
2025-02-20 14:00:00,33.04,33.042,32.832,32.949,0
2025-02-20 15:00:00,32.936,32.948,32.821,32.875,0
2025-02-20 16:00:00,32.876,32.963,32.875,32.952,0
2025-02-20 18:00:00,32.935,32.965,32.908,32.94,0
2025-02-20 19:00:00,32.94,32.963,32.852,32.874,0
2025-02-20 20:00:00,32.873,33.071,32.85,32.871,0
2025-02-20 21:00:00,32.863,33.047,32.845,33.017,0
2025-02-20 22:00:00,33.017,33.026,32.812,32.867,0
2025-02-20 23:00:00,32.859,32.881,32.76,32.769,0
2025-02-21 00:00:00,32.765,32.923,32.731,32.84,0
2025-02-21 01:00:00,32.84,32.911,32.754,32.902,0
2025-02-21 02:00:00,32.903,33.0,32.885,32.904,0
2025-02-21 03:00:00,32.9,32.974,32.665,32.749,0
2025-02-21 04:00:00,32.755,32.956,32.746,32.893,0
2025-02-21 05:00:00,32.885,32.949,32.882,32.926,0
2025-02-21 06:00:00,32.925,33.006,32.911,32.911,0
2025-02-21 07:00:00,32.917,32.988,32.823,32.836,0
2025-02-21 08:00:00,32.834,32.948,32.792,32.914,0
2025-02-21 09:00:00,32.916,33.016,32.765,32.831,0
2025-02-21 10:00:00,32.829,32.832,32.484,32.568,0
2025-02-21 11:00:00,32.569,32.734,32.506,32.636,0
2025-02-21 12:00:00,32.638,32.73,32.635,32.644,0
2025-02-21 13:00:00,32.651,32.775,32.56,32.716,0
2025-02-21 14:00:00,32.726,32.727,32.507,32.533,0
2025-02-21 15:00:00,32.536,32.561,32.491,32.52,0
2025-02-21 16:00:00,32.52,32.565,32.42,32.422,0
2025-02-23 18:00:00,32.453,32.687,32.428,32.563,0
2025-02-23 19:00:00,32.563,32.633,32.502,32.51,0
2025-02-23 20:00:00,32.515,32.541,32.34,32.469,0
2025-02-23 21:00:00,32.468,32.718,32.401,32.703,0
2025-02-23 22:00:00,32.7,32.749,32.621,32.65,0
2025-02-23 23:00:00,32.65,32.714,32.618,32.678,0
2025-02-24 00:00:00,32.681,32.681,32.544,32.573,0
2025-02-24 01:00:00,32.572,32.676,32.545,32.632,0
2025-02-24 02:00:00,32.633,32.683,32.545,32.586,0
2025-02-24 03:00:00,32.587,32.629,32.444,32.602,0
2025-02-24 04:00:00,32.597,32.61,32.496,32.524,0
2025-02-24 05:00:00,32.523,32.53,32.408,32.44,0
2025-02-24 06:00:00,32.43,32.515,32.415,32.513,0
2025-02-24 07:00:00,32.512,32.554,32.434,32.544,0
2025-02-24 08:00:00,32.547,32.66,32.486,32.645,0
2025-02-24 09:00:00,32.648,32.726,32.298,32.322,0
2025-02-24 10:00:00,32.324,32.343,32.083,32.162,0
2025-02-24 11:00:00,32.159,32.31,32.156,32.27,0
2025-02-24 12:00:00,32.264,32.319,32.24,32.269,0
2025-02-24 13:00:00,32.267,32.343,32.253,32.312,0
2025-02-24 14:00:00,32.312,32.407,32.297,32.323,0
2025-02-24 15:00:00,32.32,32.369,32.297,32.325,0
2025-02-24 16:00:00,32.324,32.371,32.231,32.325,0
2025-02-24 18:00:00,32.313,32.36,32.229,32.248,0
2025-02-24 19:00:00,32.25,32.292,32.221,32.256,0
2025-02-24 20:00:00,32.258,32.463,32.239,32.461,0
2025-02-24 21:00:00,32.461,32.469,32.381,32.446,0
2025-02-24 22:00:00,32.448,32.467,32.365,32.383,0
2025-02-24 23:00:00,32.385,32.398,32.263,32.282,0
2025-02-25 00:00:00,32.281,32.338,32.252,32.275,0
2025-02-25 01:00:00,32.273,32.325,32.246,32.28,0
2025-02-25 02:00:00,32.278,32.369,32.022,32.025,0
2025-02-25 03:00:00,32.024,32.23,32.022,32.212,0
2025-02-25 04:00:00,32.21,32.234,32.15,32.192,0
2025-02-25 05:00:00,32.195,32.267,32.121,32.136,0
2025-02-25 06:00:00,32.137,32.194,32.118,32.155,0
2025-02-25 07:00:00,32.154,32.177,31.697,31.835,0
2025-02-25 08:00:00,31.831,32.06,31.799,31.972,0
2025-02-25 09:00:00,31.971,32.19,31.925,31.933,0
2025-02-25 10:00:00,31.934,31.953,31.465,31.493,0
2025-02-25 11:00:00,31.495,31.529,31.276,31.474,0
2025-02-25 12:00:00,31.466,31.562,31.382,31.535,0
2025-02-25 13:00:00,31.533,31.641,31.48,31.567,0
2025-02-25 14:00:00,31.559,31.631,31.42,31.62,0
2025-02-25 15:00:00,31.607,31.665,31.584,31.65,0
2025-02-25 16:00:00,31.65,31.782,31.635,31.724,0
2025-02-25 18:00:00,31.642,31.8,31.642,31.771,0
2025-02-25 19:00:00,31.773,31.787,31.702,31.723,0
2025-02-25 20:00:00,31.71,31.808,31.673,31.705,0
2025-02-25 21:00:00,31.707,31.781,31.691,31.76,0
2025-02-25 22:00:00,31.759,31.805,31.751,31.76,0
2025-02-25 23:00:00,31.761,31.783,31.672,31.695,0
2025-02-26 00:00:00,31.694,31.793,31.683,31.723,0
2025-02-26 01:00:00,31.727,31.748,31.587,31.588,0
2025-02-26 02:00:00,31.588,31.781,31.563,31.771,0
2025-02-26 03:00:00,31.768,31.921,31.71,31.888,0
2025-02-26 04:00:00,31.892,31.904,31.732,31.762,0
2025-02-26 05:00:00,31.752,31.841,31.701,31.704,0
2025-02-26 06:00:00,31.714,31.801,31.692,31.711,0
2025-02-26 07:00:00,31.71,31.784,31.692,31.774,0
2025-02-26 08:00:00,31.782,31.809,31.638,31.678,0
2025-02-26 09:00:00,31.673,31.73,31.478,31.648,0
2025-02-26 10:00:00,31.651,31.859,31.621,31.829,0
2025-02-26 11:00:00,31.832,31.932,31.824,31.879,0
2025-02-26 12:00:00,31.88,31.952,31.835,31.885,0
2025-02-26 13:00:00,31.891,31.928,31.753,31.791,0
2025-02-26 14:00:00,31.787,31.818,31.738,31.759,0
2025-02-26 15:00:00,31.76,31.831,31.712,31.796,0
2025-02-26 16:00:00,31.79,31.88,31.787,31.86,0
2025-02-26 18:00:00,31.889,31.903,31.812,31.878,0
2025-02-26 19:00:00,31.877,31.899,31.824,31.884,0
2025-02-26 20:00:00,31.885,31.93,31.839,31.867,0
2025-02-26 21:00:00,31.865,31.866,31.713,31.746,0
2025-02-26 22:00:00,31.747,31.769,31.696,31.711,0
2025-02-26 23:00:00,31.711,31.722,31.619,31.63,0
2025-02-27 00:00:00,31.641,31.649,31.524,31.599,0
2025-02-27 01:00:00,31.599,31.787,31.594,31.752,0
2025-02-27 02:00:00,31.753,31.861,31.71,31.767,0
2025-02-27 03:00:00,31.771,31.794,31.612,31.653,0
2025-02-27 04:00:00,31.652,31.793,31.595,31.769,0
2025-02-27 05:00:00,31.761,31.838,31.744,31.824,0
2025-02-27 06:00:00,31.825,31.871,31.7,31.72,0
2025-02-27 07:00:00,31.726,31.899,31.708,31.851,0
2025-02-27 08:00:00,31.85,31.911,31.712,31.766,0
2025-02-27 09:00:00,31.764,31.84,31.381,31.419,0
2025-02-27 10:00:00,31.419,31.599,31.267,31.422,0
2025-02-27 11:00:00,31.423,31.482,31.322,31.41,0
2025-02-27 12:00:00,31.41,31.491,31.39,31.448,0
2025-02-27 13:00:00,31.443,31.528,31.438,31.483,0
2025-02-27 14:00:00,31.475,31.49,31.234,31.289,0
2025-02-27 15:00:00,31.292,31.293,31.174,31.206,0
2025-02-27 16:00:00,31.211,31.266,31.162,31.236,0
2025-02-27 18:00:00,31.233,31.263,31.197,31.208,0
2025-02-27 19:00:00,31.208,31.264,31.2,31.224,0
2025-02-27 20:00:00,31.225,31.361,31.222,31.277,0
2025-02-27 21:00:00,31.274,31.386,31.246,31.298,0
2025-02-27 22:00:00,31.297,31.384,31.177,31.22,0
2025-02-27 23:00:00,31.221,31.25,31.162,31.196,0
2025-02-28 00:00:00,31.194,31.272,31.137,31.233,0
2025-02-28 01:00:00,31.232,31.264,31.188,31.191,0
2025-02-28 02:00:00,31.189,31.208,31.04,31.092,0
2025-02-28 03:00:00,31.093,31.133,30.992,31.066,0
2025-02-28 04:00:00,31.071,31.182,31.052,31.134,0
2025-02-28 05:00:00,31.137,31.164,31.053,31.133,0
2025-02-28 06:00:00,31.131,31.165,31.072,31.146,0
2025-02-28 07:00:00,31.147,31.159,31.004,31.062,0
2025-02-28 08:00:00,31.063,31.203,30.983,30.992,0
2025-02-28 09:00:00,30.993,31.086,30.801,30.854,0
2025-02-28 10:00:00,30.85,31.153,30.815,31.135,0
2025-02-28 11:00:00,31.141,31.192,30.996,31.009,0
2025-02-28 12:00:00,31.008,31.083,30.962,30.963,0
2025-02-28 13:00:00,30.962,31.046,30.911,30.953,0
2025-02-28 14:00:00,30.953,31.097,30.944,31.063,0
2025-02-28 15:00:00,31.063,31.124,31.015,31.092,0
2025-02-28 16:00:00,31.089,31.157,31.081,31.117,0
2025-03-02 18:00:00,31.084,31.305,31.084,31.241,0
2025-03-02 19:00:00,31.233,31.241,31.104,31.129,0
2025-03-02 20:00:00,31.124,31.37,31.113,31.315,0
2025-03-02 21:00:00,31.317,31.395,31.307,31.32,0
2025-03-02 22:00:00,31.319,31.319,31.173,31.279,0
2025-03-02 23:00:00,31.277,31.314,31.243,31.283,0
2025-03-03 00:00:00,31.279,31.279,31.155,31.218,0
2025-03-03 01:00:00,31.207,31.276,31.17,31.24,0
2025-03-03 02:00:00,31.246,31.251,31.107,31.176,0
2025-03-03 03:00:00,31.177,31.338,31.153,31.332,0
2025-03-03 04:00:00,31.338,31.426,31.317,31.404,0
2025-03-03 05:00:00,31.407,31.49,31.361,31.454,0
2025-03-03 06:00:00,31.461,31.519,31.419,31.464,0
2025-03-03 07:00:00,31.462,31.649,31.454,31.627,0
2025-03-03 08:00:00,31.63,31.699,31.551,31.663,0
2025-03-03 09:00:00,31.671,31.826,31.588,31.649,0
2025-03-03 10:00:00,31.626,31.834,31.555,31.755,0
2025-03-03 11:00:00,31.761,31.793,31.684,31.759,0
2025-03-03 12:00:00,31.756,31.808,31.697,31.709,0
2025-03-03 13:00:00,31.71,31.782,31.594,31.741,0
2025-03-03 14:00:00,31.737,31.795,31.497,31.536,0
2025-03-03 15:00:00,31.53,31.604,31.471,31.587,0
2025-03-03 16:00:00,31.59,31.69,31.586,31.666,0
2025-03-03 18:00:00,31.653,31.696,31.625,31.641,0
2025-03-03 19:00:00,31.64,31.7,31.615,31.693,0
2025-03-03 20:00:00,31.695,31.715,31.515,31.555,0
2025-03-03 21:00:00,31.557,31.585,31.481,31.493,0
2025-03-03 22:00:00,31.5,31.7,31.493,31.636,0
2025-03-03 23:00:00,31.635,31.677,31.597,31.652,0
2025-03-04 00:00:00,31.648,31.739,31.616,31.688,0
2025-03-04 01:00:00,31.689,31.71,31.626,31.688,0
2025-03-04 02:00:00,31.69,31.738,31.64,31.684,0
2025-03-04 03:00:00,31.686,31.839,31.615,31.747,0
2025-03-04 04:00:00,31.749,31.901,31.736,31.86,0
2025-03-04 05:00:00,31.867,31.867,31.75,31.818,0
2025-03-04 06:00:00,31.811,31.898,31.787,31.888,0
2025-03-04 07:00:00,31.89,31.965,31.826,31.954,0
2025-03-04 08:00:00,31.955,31.978,31.769,31.832,0
2025-03-04 09:00:00,31.834,31.916,31.615,31.622,0
2025-03-04 10:00:00,31.615,31.658,31.454,31.536,0
2025-03-04 11:00:00,31.535,31.754,31.497,31.718,0
2025-03-04 12:00:00,31.729,31.781,31.699,31.726,0
2025-03-04 13:00:00,31.723,31.833,31.698,31.825,0
2025-03-04 14:00:00,31.823,31.964,31.82,31.923,0
2025-03-04 15:00:00,31.922,32.004,31.789,31.835,0
2025-03-04 16:00:00,31.839,31.976,31.835,31.957,0
2025-03-04 18:00:00,31.921,31.967,31.905,31.91,0
2025-03-04 19:00:00,31.908,31.92,31.857,31.857,0
2025-03-04 20:00:00,31.86,31.885,31.76,31.78,0
2025-03-04 21:00:00,31.781,31.919,31.756,31.866,0
2025-03-04 22:00:00,31.868,31.991,31.835,31.956,0
2025-03-04 23:00:00,31.955,32.019,31.947,31.979,0
2025-03-05 00:00:00,31.98,32.113,31.963,32.108,0
2025-03-05 01:00:00,32.111,32.167,32.079,32.106,0
2025-03-05 02:00:00,32.107,32.292,32.107,32.236,0
2025-03-05 03:00:00,32.222,32.352,32.203,32.318,0
2025-03-05 04:00:00,32.317,32.35,32.244,32.309,0
2025-03-05 05:00:00,32.309,32.348,32.16,32.208,0
2025-03-05 06:00:00,32.203,32.27,32.163,32.218,0
2025-03-05 07:00:00,32.219,32.391,32.204,32.307,0
2025-03-05 08:00:00,32.316,32.33,31.92,32.088,0
2025-03-05 09:00:00,32.092,32.431,31.971,32.312,0
2025-03-05 10:00:00,32.312,32.521,32.262,32.465,0
2025-03-05 11:00:00,32.46,32.594,32.422,32.514,0
2025-03-05 12:00:00,32.515,32.584,32.401,32.571,0
2025-03-05 13:00:00,32.573,32.611,32.431,32.588,0
2025-03-05 14:00:00,32.588,32.679,32.565,32.662,0
2025-03-05 15:00:00,32.664,32.703,32.629,32.679,0
2025-03-05 16:00:00,32.684,32.69,32.594,32.653,0
2025-03-05 18:00:00,32.663,32.695,32.553,32.609,0
2025-03-05 19:00:00,32.605,32.628,32.539,32.543,0
2025-03-05 20:00:00,32.544,32.62,32.478,32.589,0
2025-03-05 21:00:00,32.584,32.671,32.516,32.613,0
2025-03-05 22:00:00,32.616,32.629,32.538,32.581,0
2025-03-05 23:00:00,32.582,32.596,32.534,32.579,0
2025-03-06 00:00:00,32.578,32.595,32.467,32.534,0
2025-03-06 01:00:00,32.534,32.62,32.532,32.6,0
2025-03-06 02:00:00,32.601,32.638,32.443,32.462,0
2025-03-06 03:00:00,32.465,32.551,32.435,32.478,0
2025-03-06 04:00:00,32.477,32.489,32.246,32.318,0
2025-03-06 05:00:00,32.308,32.426,32.265,32.306,0
2025-03-06 06:00:00,32.312,32.427,32.283,32.412,0
2025-03-06 07:00:00,32.414,32.448,32.277,32.353,0
2025-03-06 08:00:00,32.357,32.468,32.318,32.382,0
2025-03-06 09:00:00,32.371,32.665,32.333,32.607,0
2025-03-06 10:00:00,32.611,32.72,32.573,32.668,0
2025-03-06 11:00:00,32.67,32.746,32.664,32.702,0
2025-03-06 12:00:00,32.7,32.742,32.565,32.623,0
2025-03-06 13:00:00,32.622,32.751,32.616,32.653,0
2025-03-06 14:00:00,32.65,32.753,32.588,32.644,0
2025-03-06 15:00:00,32.645,32.684,32.569,32.593,0
2025-03-06 16:00:00,32.594,32.642,32.584,32.631,0
2025-03-06 18:00:00,32.635,32.689,32.56,32.61,0
2025-03-06 19:00:00,32.613,32.613,32.518,32.55,0
2025-03-06 20:00:00,32.551,32.576,32.44,32.471,0
2025-03-06 21:00:00,32.471,32.578,32.42,32.533,0
2025-03-06 22:00:00,32.529,32.594,32.498,32.567,0
2025-03-06 23:00:00,32.564,32.612,32.554,32.57,0
2025-03-07 00:00:00,32.582,32.638,32.553,32.565,0
2025-03-07 01:00:00,32.567,32.579,32.519,32.566,0
2025-03-07 02:00:00,32.567,32.623,32.551,32.598,0
2025-03-07 03:00:00,32.601,32.659,32.538,32.612,0
2025-03-07 04:00:00,32.613,32.668,32.601,32.632,0
2025-03-07 05:00:00,32.633,32.648,32.514,32.531,0
2025-03-07 06:00:00,32.529,32.564,32.454,32.489,0
2025-03-07 07:00:00,32.493,32.496,32.382,32.385,0
2025-03-07 08:00:00,32.386,32.561,32.238,32.328,0
2025-03-07 09:00:00,32.322,32.582,32.161,32.523,0
2025-03-07 10:00:00,32.521,32.593,32.202,32.321,0
2025-03-07 11:00:00,32.317,32.354,32.156,32.193,0
2025-03-07 12:00:00,32.197,32.312,32.091,32.258,0
2025-03-07 13:00:00,32.254,32.374,32.248,32.345,0
2025-03-07 14:00:00,32.354,32.435,32.31,32.379,0
2025-03-07 15:00:00,32.38,32.527,32.37,32.481,0
2025-03-07 16:00:00,32.48,32.537,32.361,32.51,0
2025-03-09 17:00:00,32.525,32.59,32.452,32.52,0
2025-03-09 18:00:00,32.523,32.625,32.495,32.556,0
2025-03-09 19:00:00,32.558,32.616,32.536,32.542,0
2025-03-09 20:00:00,32.545,32.655,32.441,32.452,0
2025-03-09 21:00:00,32.455,32.464,32.309,32.386,0
2025-03-09 22:00:00,32.379,32.438,32.354,32.407,0
2025-03-09 23:00:00,32.407,32.443,32.395,32.413,0
2025-03-10 00:00:00,32.414,32.445,32.333,32.396,0
2025-03-10 01:00:00,32.401,32.478,32.396,32.461,0
2025-03-10 02:00:00,32.46,32.603,32.447,32.541,0
2025-03-10 03:00:00,32.54,32.602,32.317,32.355,0
2025-03-10 04:00:00,32.356,32.616,32.322,32.56,0
2025-03-10 05:00:00,32.561,32.571,32.391,32.462,0
2025-03-10 06:00:00,32.459,32.495,32.404,32.473,0
2025-03-10 07:00:00,32.479,32.552,32.423,32.537,0
2025-03-10 08:00:00,32.537,32.544,32.187,32.331,0
2025-03-10 09:00:00,32.333,32.333,32.151,32.236,0
2025-03-10 10:00:00,32.233,32.308,32.181,32.223,0
2025-03-10 11:00:00,32.224,32.261,32.096,32.113,0
2025-03-10 12:00:00,32.12,32.134,31.989,32.015,0
2025-03-10 13:00:00,32.014,32.092,31.963,32.0,0
2025-03-10 14:00:00,31.994,32.141,31.92,31.986,0
2025-03-10 15:00:00,31.987,32.116,31.971,32.065,0
2025-03-10 17:00:00,32.073,32.119,32.005,32.022,0
2025-03-10 18:00:00,32.023,32.049,31.958,31.998,0
2025-03-10 19:00:00,32.003,32.034,31.875,31.925,0
2025-03-10 20:00:00,31.926,32.061,31.795,32.046,0
2025-03-10 21:00:00,32.045,32.192,32.027,32.15,0
2025-03-10 22:00:00,32.15,32.19,32.117,32.145,0
2025-03-10 23:00:00,32.146,32.192,32.105,32.192,0
2025-03-11 00:00:00,32.191,32.202,32.009,32.072,0
2025-03-11 01:00:00,32.082,32.243,32.072,32.228,0
2025-03-11 02:00:00,32.228,32.286,32.185,32.258,0
2025-03-11 03:00:00,32.265,32.405,32.236,32.399,0
2025-03-11 04:00:00,32.401,32.528,32.391,32.486,0
2025-03-11 05:00:00,32.496,32.553,32.464,32.52,0
2025-03-11 06:00:00,32.522,32.544,32.471,32.53,0
2025-03-11 07:00:00,32.538,32.549,32.431,32.512,0
2025-03-11 08:00:00,32.502,32.817,32.408,32.704,0
2025-03-11 09:00:00,32.701,32.938,32.592,32.725,0
2025-03-11 10:00:00,32.722,32.841,32.608,32.702,0
2025-03-11 11:00:00,32.701,32.794,32.668,32.731,0
2025-03-11 12:00:00,32.737,32.822,32.67,32.767,0
2025-03-11 13:00:00,32.767,32.911,32.765,32.889,0
2025-03-11 14:00:00,32.876,32.97,32.845,32.904,0
2025-03-11 15:00:00,32.907,32.945,32.898,32.914,0
2025-03-11 17:00:00,32.913,32.974,32.898,32.927,0
2025-03-11 18:00:00,32.927,32.932,32.824,32.838,0
2025-03-11 19:00:00,32.843,32.843,32.754,32.767,0
2025-03-11 20:00:00,32.766,32.824,32.72,32.79,0
2025-03-11 21:00:00,32.788,32.817,32.721,32.746,0
2025-03-11 22:00:00,32.749,32.846,32.74,32.749,0
2025-03-11 23:00:00,32.753,32.786,32.728,32.743,0
2025-03-12 00:00:00,32.743,32.818,32.718,32.775,0
2025-03-12 01:00:00,32.781,32.856,32.692,32.709,0
2025-03-12 02:00:00,32.709,32.956,32.699,32.92,0
2025-03-12 03:00:00,32.939,33.034,32.88,33.023,0
2025-03-12 04:00:00,33.024,33.071,32.974,32.998,0
2025-03-12 05:00:00,32.992,33.041,32.98,33.015,0
2025-03-12 06:00:00,33.013,33.079,32.986,33.03,0
2025-03-12 07:00:00,33.031,33.202,32.977,33.127,0
2025-03-12 08:00:00,33.125,33.126,32.87,33.021,0
2025-03-12 09:00:00,33.016,33.12,32.892,33.097,0
2025-03-12 10:00:00,33.099,33.164,33.004,33.157,0
2025-03-12 11:00:00,33.158,33.235,33.105,33.188,0
2025-03-12 12:00:00,33.189,33.307,33.174,33.206,0
2025-03-12 13:00:00,33.205,33.307,33.197,33.267,0
2025-03-12 14:00:00,33.262,33.279,33.174,33.192,0
2025-03-12 15:00:00,33.192,33.246,32.973,33.073,0
2025-03-12 17:00:00,33.208,33.259,33.154,33.249,0
2025-03-12 18:00:00,33.254,33.272,33.211,33.263,0
2025-03-12 19:00:00,33.262,33.315,33.244,33.294,0
2025-03-12 20:00:00,33.296,33.304,33.135,33.207,0
2025-03-12 21:00:00,33.207,33.301,33.2,33.256,0
2025-03-12 22:00:00,33.261,33.261,33.146,33.188,0
2025-03-12 23:00:00,33.188,33.22,33.121,33.128,0
2025-03-13 00:00:00,33.13,33.138,33.026,33.046,0
2025-03-13 01:00:00,33.053,33.085,32.992,33.052,0
2025-03-13 02:00:00,33.053,33.112,32.927,32.959,0
2025-03-13 03:00:00,32.96,33.083,32.921,33.028,0
2025-03-13 04:00:00,33.032,33.121,32.973,33.109,0
2025-03-13 05:00:00,33.119,33.174,33.073,33.161,0
2025-03-13 06:00:00,33.17,33.211,33.106,33.138,0
2025-03-13 07:00:00,33.142,33.179,33.024,33.044,0
2025-03-13 08:00:00,33.034,33.266,32.963,33.148,0
2025-03-13 09:00:00,33.141,33.432,33.122,33.405,0
2025-03-13 10:00:00,33.416,33.935,33.358,33.916,0
2025-03-13 11:00:00,33.917,33.95,33.654,33.737,0
2025-03-13 12:00:00,33.742,33.789,33.619,33.643,0
2025-03-13 13:00:00,33.637,33.818,33.621,33.794,0
2025-03-13 14:00:00,33.803,33.84,33.738,33.758,0
2025-03-13 15:00:00,33.757,33.882,33.744,33.808,0
2025-03-13 17:00:00,33.844,33.911,33.783,33.861,0
2025-03-13 18:00:00,33.861,33.908,33.822,33.847,0
2025-03-13 19:00:00,33.846,33.846,33.665,33.677,0
2025-03-13 20:00:00,33.674,33.846,33.657,33.843,0
2025-03-13 21:00:00,33.844,33.875,33.749,33.77,0
2025-03-13 22:00:00,33.777,33.903,33.762,33.903,0
2025-03-13 23:00:00,33.902,33.945,33.819,33.839,0
2025-03-14 00:00:00,33.835,33.848,33.76,33.846,0
2025-03-14 01:00:00,33.847,33.955,33.777,33.857,0
2025-03-14 02:00:00,33.856,33.964,33.822,33.944,0
2025-03-14 03:00:00,33.941,33.979,33.868,33.967,0
2025-03-14 04:00:00,33.963,33.986,33.892,33.964,0
2025-03-14 05:00:00,33.957,33.994,33.712,33.831,0
2025-03-14 06:00:00,33.827,33.972,33.827,33.876,0
2025-03-14 07:00:00,33.885,34.074,33.873,34.014,0
2025-03-14 08:00:00,34.01,34.028,33.612,33.71,0
2025-03-14 09:00:00,33.702,33.782,33.517,33.626,0
2025-03-14 10:00:00,33.631,33.72,33.509,33.598,0
2025-03-14 11:00:00,33.595,33.759,33.565,33.742,0
2025-03-14 12:00:00,33.746,33.808,33.699,33.766,0
2025-03-14 13:00:00,33.77,33.811,33.704,33.716,0
2025-03-14 14:00:00,33.718,33.791,33.694,33.727,0
2025-03-14 15:00:00,33.722,33.828,33.637,33.817,0
2025-03-16 17:00:00,33.865,33.865,33.746,33.787,0
2025-03-16 18:00:00,33.788,33.84,33.77,33.771,0
2025-03-16 19:00:00,33.773,33.843,33.722,33.839,0
2025-03-16 20:00:00,33.836,33.883,33.802,33.829,0
2025-03-16 21:00:00,33.828,33.854,33.759,33.807,0
2025-03-16 22:00:00,33.804,33.842,33.748,33.785,0
2025-03-16 23:00:00,33.783,33.808,33.68,33.687,0
2025-03-17 00:00:00,33.686,33.795,33.672,33.784,0
2025-03-17 01:00:00,33.783,33.848,33.766,33.813,0
2025-03-17 02:00:00,33.812,33.838,33.698,33.72,0
2025-03-17 03:00:00,33.718,33.773,33.638,33.736,0
2025-03-17 04:00:00,33.737,33.813,33.691,33.797,0
2025-03-17 05:00:00,33.791,33.858,33.754,33.774,0
2025-03-17 06:00:00,33.776,33.823,33.742,33.754,0
2025-03-17 07:00:00,33.748,33.777,33.448,33.566,0
2025-03-17 08:00:00,33.568,33.664,33.42,33.6,0
2025-03-17 09:00:00,33.587,33.79,33.574,33.68,0
2025-03-17 10:00:00,33.679,33.731,33.591,33.678,0
2025-03-17 11:00:00,33.669,33.72,33.616,33.685,0
2025-03-17 12:00:00,33.69,33.835,33.675,33.801,0
2025-03-17 13:00:00,33.804,33.836,33.765,33.82,0
2025-03-17 14:00:00,33.818,33.879,33.81,33.85,0
2025-03-17 15:00:00,33.849,33.882,33.661,33.672,0
2025-03-17 17:00:00,33.82,33.871,33.807,33.817,0
2025-03-17 18:00:00,33.815,33.821,33.728,33.736,0
2025-03-17 19:00:00,33.733,33.883,33.733,33.852,0
2025-03-17 20:00:00,33.851,33.902,33.785,33.836,0
2025-03-17 21:00:00,33.835,33.917,33.81,33.858,0
2025-03-17 22:00:00,33.856,33.93,33.825,33.899,0
2025-03-17 23:00:00,33.904,33.921,33.884,33.908,0
2025-03-18 00:00:00,33.907,33.923,33.84,33.909,0
2025-03-18 01:00:00,33.905,33.946,33.861,33.861,0
2025-03-18 02:00:00,33.856,33.977,33.842,33.886,0
2025-03-18 03:00:00,33.888,34.105,33.872,34.102,0
2025-03-18 04:00:00,34.105,34.116,34.005,34.073,0
2025-03-18 05:00:00,34.063,34.115,34.038,34.047,0
2025-03-18 06:00:00,34.052,34.117,33.996,34.093,0
2025-03-18 07:00:00,34.08,34.22,34.054,34.189,0
2025-03-18 08:00:00,34.19,34.226,33.978,34.088,0
2025-03-18 09:00:00,34.087,34.087,33.857,33.891,0
2025-03-18 10:00:00,33.888,34.018,33.844,34.008,0
2025-03-18 11:00:00,34.011,34.126,33.971,34.108,0
2025-03-18 12:00:00,34.103,34.146,33.945,33.989,0
2025-03-18 13:00:00,33.985,34.064,33.947,34.048,0
2025-03-18 14:00:00,34.046,34.089,33.895,33.907,0
2025-03-18 15:00:00,33.905,34.021,33.894,33.912,0
2025-03-18 17:00:00,33.966,33.992,33.944,33.978,0
2025-03-18 18:00:00,33.975,33.994,33.938,33.945,0
2025-03-18 19:00:00,33.941,33.966,33.91,33.95,0
2025-03-18 20:00:00,33.944,33.962,33.855,33.9,0
2025-03-18 21:00:00,33.902,34.056,33.894,34.018,0
2025-03-18 22:00:00,34.019,34.057,33.981,34.027,0
2025-03-18 23:00:00,34.022,34.023,33.947,33.993,0
2025-03-19 00:00:00,33.992,34.091,33.991,34.065,0
2025-03-19 01:00:00,34.063,34.068,33.944,33.963,0
2025-03-19 02:00:00,33.965,33.999,33.817,33.824,0
2025-03-19 03:00:00,33.822,33.88,33.637,33.677,0
2025-03-19 04:00:00,33.683,33.765,33.556,33.683,0
2025-03-19 05:00:00,33.683,33.819,33.645,33.789,0
2025-03-19 06:00:00,33.779,33.921,33.771,33.915,0
2025-03-19 07:00:00,33.915,33.932,33.715,33.745,0
2025-03-19 08:00:00,33.749,33.846,33.519,33.651,0
2025-03-19 09:00:00,33.644,33.65,33.45,33.51,0
2025-03-19 10:00:00,33.509,33.6,33.448,33.482,0
2025-03-19 11:00:00,33.473,33.616,33.466,33.542,0
2025-03-19 12:00:00,33.543,33.571,33.461,33.472,0
2025-03-19 13:00:00,33.47,33.8,33.467,33.781,0
2025-03-19 14:00:00,33.785,33.929,33.64,33.783,0
2025-03-19 15:00:00,33.788,33.813,33.693,33.699,0
2025-03-19 17:00:00,33.821,33.876,33.54,33.834,0
2025-03-19 18:00:00,33.832,33.905,33.799,33.897,0
2025-03-19 19:00:00,33.898,33.91,33.803,33.849,0
2025-03-19 20:00:00,33.846,33.934,33.762,33.772,0
2025-03-19 21:00:00,33.77,33.897,33.757,33.787,0
2025-03-19 22:00:00,33.79,33.864,33.78,33.862,0
2025-03-19 23:00:00,33.856,33.925,33.805,33.849,0
2025-03-20 00:00:00,33.85,33.855,33.711,33.798,0
2025-03-20 01:00:00,33.797,33.921,33.763,33.8,0
2025-03-20 02:00:00,33.8,33.804,33.612,33.644,0
2025-03-20 03:00:00,33.643,33.694,33.465,33.548,0
2025-03-20 04:00:00,33.544,33.61,33.491,33.53,0
2025-03-20 05:00:00,33.534,33.534,33.088,33.252,0
2025-03-20 06:00:00,33.253,33.417,33.219,33.363,0
2025-03-20 07:00:00,33.367,33.442,33.283,33.419,0
2025-03-20 08:00:00,33.424,33.454,33.2,33.31,0
2025-03-20 09:00:00,33.309,33.508,33.299,33.501,0
2025-03-20 10:00:00,33.506,33.506,33.345,33.432,0
2025-03-20 11:00:00,33.427,33.485,33.353,33.423,0
2025-03-20 12:00:00,33.422,33.473,33.382,33.399,0
2025-03-20 13:00:00,33.402,33.498,33.377,33.45,0
2025-03-20 14:00:00,33.442,33.543,33.415,33.521,0
2025-03-20 15:00:00,33.517,33.576,33.511,33.573,0
2025-03-20 17:00:00,33.545,33.583,33.464,33.528,0
2025-03-20 18:00:00,33.526,33.538,33.497,33.523,0
2025-03-20 19:00:00,33.522,33.533,33.426,33.446,0
2025-03-20 20:00:00,33.447,33.494,33.34,33.355,0
2025-03-20 21:00:00,33.362,33.38,33.212,33.244,0
2025-03-20 22:00:00,33.239,33.244,33.091,33.126,0
2025-03-20 23:00:00,33.128,33.188,33.115,33.127,0
2025-03-21 00:00:00,33.126,33.139,32.939,33.01,0
2025-03-21 01:00:00,33.013,33.216,33.007,33.104,0
2025-03-21 02:00:00,33.102,33.107,33.004,33.041,0
2025-03-21 03:00:00,33.037,33.12,32.945,33.049,0
2025-03-21 04:00:00,33.051,33.055,32.928,33.005,0
2025-03-21 05:00:00,33.009,33.159,33.005,33.104,0
2025-03-21 06:00:00,33.112,33.203,33.078,33.168,0
2025-03-21 07:00:00,33.175,33.238,33.057,33.072,0
2025-03-21 08:00:00,33.068,33.24,32.82,32.861,0
2025-03-21 09:00:00,32.847,32.956,32.644,32.905,0
2025-03-21 10:00:00,32.902,32.935,32.824,32.854,0
2025-03-21 11:00:00,32.853,33.026,32.848,33.004,0
2025-03-21 12:00:00,33.003,33.008,32.92,32.934,0
2025-03-21 13:00:00,32.933,32.983,32.907,32.912,0
2025-03-21 14:00:00,32.913,32.984,32.839,32.96,0
2025-03-21 15:00:00,32.961,33.048,32.959,33.016,0
2025-03-23 17:00:00,32.96,33.085,32.96,33.035,0
2025-03-23 18:00:00,33.034,33.09,33.021,33.052,0
2025-03-23 19:00:00,33.051,33.064,32.94,32.958,0
2025-03-23 20:00:00,32.956,33.109,32.931,33.105,0
2025-03-23 21:00:00,33.107,33.18,33.031,33.034,0
2025-03-23 22:00:00,33.033,33.14,33.032,33.089,0
2025-03-23 23:00:00,33.092,33.158,33.074,33.155,0
2025-03-24 00:00:00,33.154,33.189,33.099,33.167,0
2025-03-24 01:00:00,33.169,33.204,33.1,33.184,0
2025-03-24 02:00:00,33.188,33.213,33.068,33.073,0
2025-03-24 03:00:00,33.083,33.294,33.077,33.239,0
2025-03-24 04:00:00,33.24,33.251,33.108,33.132,0
2025-03-24 05:00:00,33.134,33.216,33.114,33.174,0
2025-03-24 06:00:00,33.175,33.185,33.077,33.087,0
2025-03-24 07:00:00,33.088,33.192,33.05,33.076,0
2025-03-24 08:00:00,33.078,33.23,33.07,33.139,0
2025-03-24 09:00:00,33.137,33.173,32.967,33.027,0
2025-03-24 10:00:00,33.018,33.053,32.908,33.005,0
2025-03-24 11:00:00,32.998,33.066,32.942,32.944,0
2025-03-24 12:00:00,32.952,32.975,32.901,32.953,0
2025-03-24 13:00:00,32.944,32.994,32.866,32.971,0
2025-03-24 14:00:00,32.976,33.005,32.932,32.934,0
2025-03-24 15:00:00,32.945,33.026,32.928,32.993,0
2025-03-24 17:00:00,32.985,33.016,32.93,32.931,0
2025-03-24 18:00:00,32.93,32.946,32.904,32.919,0
2025-03-24 19:00:00,32.921,33.032,32.911,33.018,0
2025-03-24 20:00:00,33.017,33.083,33.003,33.055,0
2025-03-24 21:00:00,33.054,33.077,32.996,33.034,0
2025-03-24 22:00:00,33.033,33.114,33.03,33.098,0
2025-03-24 23:00:00,33.096,33.143,33.086,33.111,0
2025-03-25 00:00:00,33.112,33.168,33.096,33.126,0
2025-03-25 01:00:00,33.127,33.17,33.093,33.156,0
2025-03-25 02:00:00,33.158,33.16,33.075,33.092,0
2025-03-25 03:00:00,33.091,33.284,33.091,33.28,0
2025-03-25 04:00:00,33.282,33.291,33.216,33.253,0
2025-03-25 05:00:00,33.251,33.37,33.23,33.357,0
2025-03-25 06:00:00,33.356,33.529,33.336,33.419,0
2025-03-25 07:00:00,33.418,33.533,33.35,33.477,0
2025-03-25 08:00:00,33.472,33.791,33.406,33.676,0
2025-03-25 09:00:00,33.676,33.759,33.574,33.676,0
2025-03-25 10:00:00,33.678,33.704,33.519,33.64,0
2025-03-25 11:00:00,33.639,33.684,33.578,33.599,0
2025-03-25 12:00:00,33.595,33.631,33.551,33.626,0
2025-03-25 13:00:00,33.621,33.705,33.604,33.649,0
2025-03-25 14:00:00,33.653,33.677,33.605,33.618,0
2025-03-25 15:00:00,33.623,33.727,33.605,33.717,0
2025-03-25 17:00:00,33.693,33.739,33.689,33.722,0
2025-03-25 18:00:00,33.719,33.728,33.653,33.665,0
2025-03-25 19:00:00,33.666,33.668,33.618,33.64,0
2025-03-25 20:00:00,33.642,33.798,33.614,33.762,0
2025-03-25 21:00:00,33.76,33.788,33.7,33.787,0
2025-03-25 22:00:00,33.786,33.786,33.619,33.634,0
2025-03-25 23:00:00,33.635,33.641,33.575,33.599,0
2025-03-26 00:00:00,33.6,33.636,33.541,33.615,0
2025-03-26 01:00:00,33.615,33.783,33.608,33.772,0
2025-03-26 02:00:00,33.772,33.776,33.716,33.732,0
2025-03-26 03:00:00,33.741,33.748,33.583,33.633,0
2025-03-26 04:00:00,33.627,33.744,33.609,33.716,0
2025-03-26 05:00:00,33.724,33.785,33.706,33.751,0
2025-03-26 06:00:00,33.752,33.784,33.722,33.768,0
2025-03-26 07:00:00,33.766,33.917,33.67,33.848,0
2025-03-26 08:00:00,33.843,33.856,33.498,33.533,0
2025-03-26 09:00:00,33.529,33.72,33.523,33.677,0
2025-03-26 10:00:00,33.676,33.757,33.563,33.587,0
2025-03-26 11:00:00,33.594,33.73,33.567,33.666,0
2025-03-26 12:00:00,33.664,33.686,33.592,33.647,0
2025-03-26 13:00:00,33.644,33.679,33.579,33.589,0
2025-03-26 14:00:00,33.586,33.602,33.49,33.555,0
2025-03-26 15:00:00,33.546,33.624,33.546,33.62,0
2025-03-26 17:00:00,33.593,33.666,33.577,33.62,0
2025-03-26 18:00:00,33.618,33.657,33.588,33.639,0
2025-03-26 19:00:00,33.64,33.716,33.635,33.676,0
2025-03-26 20:00:00,33.68,33.709,33.591,33.61,0
2025-03-26 21:00:00,33.608,33.725,33.602,33.693,0
2025-03-26 22:00:00,33.692,33.732,33.666,33.714,0
2025-03-26 23:00:00,33.715,33.755,33.675,33.676,0
2025-03-27 00:00:00,33.675,33.71,33.62,33.628,0
2025-03-27 01:00:00,33.627,33.766,33.614,33.743,0
2025-03-27 02:00:00,33.744,33.757,33.644,33.729,0
2025-03-27 03:00:00,33.734,33.741,33.632,33.727,0
2025-03-27 04:00:00,33.728,33.771,33.641,33.758,0
2025-03-27 05:00:00,33.749,34.084,33.747,34.028,0
2025-03-27 06:00:00,34.031,34.086,33.896,34.077,0
2025-03-27 07:00:00,34.078,34.162,33.984,34.052,0
2025-03-27 08:00:00,34.05,34.065,33.684,33.884,0
2025-03-27 09:00:00,33.891,34.259,33.868,34.229,0
2025-03-27 10:00:00,34.23,34.393,34.119,34.277,0
2025-03-27 11:00:00,34.28,34.363,34.183,34.264,0
2025-03-27 12:00:00,34.262,34.33,34.231,34.29,0
2025-03-27 13:00:00,34.292,34.416,34.277,34.38,0
2025-03-27 14:00:00,34.379,34.459,34.362,34.393,0
2025-03-27 15:00:00,34.393,34.428,34.352,34.391,0
2025-03-27 17:00:00,34.369,34.456,34.369,34.399,0
2025-03-27 18:00:00,34.399,34.432,34.235,34.392,0
2025-03-27 19:00:00,34.392,34.453,34.372,34.398,0
2025-03-27 20:00:00,34.396,34.485,34.361,34.404,0
2025-03-27 21:00:00,34.405,34.456,34.216,34.251,0
2025-03-27 22:00:00,34.253,34.298,34.151,34.285,0
2025-03-27 23:00:00,34.283,34.315,34.261,34.305,0
2025-03-28 00:00:00,34.304,34.36,34.234,34.277,0
2025-03-28 01:00:00,34.275,34.486,34.244,34.448,0
2025-03-28 02:00:00,34.443,34.463,34.371,34.401,0
2025-03-28 03:00:00,34.402,34.489,34.271,34.485,0
2025-03-28 04:00:00,34.481,34.503,34.36,34.394,0
2025-03-28 05:00:00,34.39,34.444,34.348,34.436,0
2025-03-28 06:00:00,34.432,34.494,34.384,34.407,0
2025-03-28 07:00:00,34.406,34.571,34.344,34.514,0
2025-03-28 08:00:00,34.511,34.579,34.333,34.501,0
2025-03-28 09:00:00,34.484,34.526,33.972,34.004,0
2025-03-28 10:00:00,34.01,34.237,33.963,34.143,0
2025-03-28 11:00:00,34.131,34.182,33.97,34.024,0
2025-03-28 12:00:00,34.02,34.073,33.996,34.038,0
2025-03-28 13:00:00,34.04,34.062,33.907,33.99,0
2025-03-28 14:00:00,33.996,34.103,33.951,34.05,0
2025-03-28 15:00:00,34.048,34.147,34.035,34.108,0
2025-03-30 18:00:00,34.111,34.22,34.078,34.201,0
2025-03-30 20:00:00,34.209,34.225,33.922,33.946,0
2025-03-30 21:00:00,33.948,34.15,33.879,34.134,0
2025-03-30 22:00:00,34.133,34.299,34.109,34.286,0
2025-03-30 23:00:00,34.285,34.329,34.199,34.234,0
2025-03-31 00:00:00,34.235,34.367,34.219,34.338,0
2025-03-31 01:00:00,34.334,34.411,34.288,34.358,0
2025-03-31 02:00:00,34.355,34.413,34.311,34.395,0
2025-03-31 03:00:00,34.395,34.429,34.253,34.425,0
2025-03-31 04:00:00,34.411,34.457,34.203,34.212,0
2025-03-31 05:00:00,34.213,34.231,34.029,34.097,0
2025-03-31 06:00:00,34.082,34.123,33.988,34.046,0
2025-03-31 07:00:00,34.053,34.162,33.995,34.132,0
2025-03-31 08:00:00,34.138,34.204,34.054,34.12,0
2025-03-31 09:00:00,34.124,34.141,33.486,33.79,0
2025-03-31 10:00:00,33.798,33.916,33.655,33.892,0
2025-03-31 11:00:00,33.887,33.975,33.79,33.79,0
2025-03-31 12:00:00,33.802,33.973,33.75,33.897,0
2025-03-31 13:00:00,33.896,33.957,33.877,33.91,0
2025-03-31 14:00:00,33.915,34.082,33.897,33.985,0
2025-03-31 15:00:00,33.974,34.081,33.974,34.037,0
2025-03-31 16:00:00,34.037,34.08,33.905,33.916,0
2025-03-31 18:00:00,34.064,34.095,33.944,33.984,0
2025-03-31 19:00:00,33.984,34.103,33.979,34.036,0
2025-03-31 20:00:00,34.033,34.105,34.001,34.069,0
2025-03-31 21:00:00,34.066,34.134,33.958,33.979,0
2025-03-31 22:00:00,33.981,34.184,33.941,34.146,0
2025-03-31 23:00:00,34.142,34.2,34.118,34.152,0
2025-04-01 00:00:00,34.15,34.159,34.069,34.142,0
2025-04-01 01:00:00,34.141,34.141,33.95,33.981,0
2025-04-01 02:00:00,33.983,34.083,33.939,34.014,0
2025-04-01 03:00:00,34.013,34.053,33.797,33.907,0
2025-04-01 04:00:00,33.899,34.024,33.879,34.008,0
2025-04-01 05:00:00,34.012,34.076,33.977,33.983,0
2025-04-01 06:00:00,33.985,34.051,33.889,33.911,0
2025-04-01 07:00:00,33.91,34.002,33.802,33.855,0
2025-04-01 08:00:00,33.848,34.019,33.761,33.942,0
2025-04-01 09:00:00,33.951,33.988,33.768,33.8,0
2025-04-01 10:00:00,33.8,33.95,33.663,33.915,0
2025-04-01 11:00:00,33.919,33.96,33.628,33.636,0
2025-04-01 12:00:00,33.628,33.682,33.449,33.558,0
2025-04-01 13:00:00,33.554,33.668,33.528,33.634,0
2025-04-01 14:00:00,33.636,33.64,33.529,33.557,0
2025-04-01 15:00:00,33.555,33.655,33.539,33.648,0
2025-04-01 16:00:00,33.648,33.715,33.629,33.679,0
2025-04-01 18:00:00,33.669,33.714,33.657,33.665,0
2025-04-01 19:00:00,33.664,33.679,33.636,33.653,0
2025-04-01 20:00:00,33.656,33.675,33.588,33.667,0
2025-04-01 21:00:00,33.665,33.816,33.648,33.791,0
2025-04-01 22:00:00,33.791,33.858,33.791,33.81,0
2025-04-01 23:00:00,33.811,33.889,33.773,33.807,0
2025-04-02 00:00:00,33.808,33.837,33.787,33.812,0
2025-04-02 01:00:00,33.812,33.876,33.72,33.848,0
2025-04-02 02:00:00,33.844,33.85,33.706,33.717,0
2025-04-02 03:00:00,33.729,33.806,33.623,33.797,0
2025-04-02 04:00:00,33.799,34.008,33.735,33.953,0
2025-04-02 05:00:00,33.954,34.042,33.931,34.023,0
2025-04-02 06:00:00,34.028,34.028,33.813,33.851,0
2025-04-02 07:00:00,33.853,33.973,33.793,33.828,0
2025-04-02 08:00:00,33.82,33.831,33.651,33.767,0
2025-04-02 09:00:00,33.765,33.953,33.659,33.79,0
2025-04-02 10:00:00,33.788,33.997,33.703,33.943,0
2025-04-02 11:00:00,33.95,34.009,33.793,33.81,0
2025-04-02 12:00:00,33.812,34.023,33.777,33.895,0
2025-04-02 13:00:00,33.899,33.901,33.725,33.768,0
2025-04-02 14:00:00,33.767,33.8,33.686,33.709,0
2025-04-02 15:00:00,33.709,33.888,33.709,33.777,0
2025-04-02 16:00:00,33.777,34.13,33.716,33.895,0
2025-04-02 18:00:00,33.833,33.833,32.936,33.518,0
2025-04-02 19:00:00,33.532,33.9,33.228,33.776,0
2025-04-02 20:00:00,33.774,33.845,33.354,33.501,0
2025-04-02 21:00:00,33.506,33.949,33.479,33.832,0
2025-04-02 22:00:00,33.835,33.846,33.529,33.537,0
2025-04-02 23:00:00,33.539,33.57,33.283,33.392,0
2025-04-03 00:00:00,33.392,33.422,33.199,33.23,0
2025-04-03 01:00:00,33.235,33.279,33.071,33.236,0
2025-04-03 02:00:00,33.238,33.303,33.026,33.206,0
2025-04-03 03:00:00,33.207,33.207,32.96,33.174,0
2025-04-03 04:00:00,33.174,33.21,33.021,33.056,0
2025-04-03 05:00:00,33.054,33.061,32.517,32.53,0
2025-04-03 06:00:00,32.527,32.622,32.342,32.447,0
2025-04-03 07:00:00,32.446,32.585,32.372,32.445,0
2025-04-03 08:00:00,32.445,32.472,31.773,32.035,0
2025-04-03 09:00:00,32.034,32.216,31.737,31.96,0
2025-04-03 10:00:00,31.94,32.413,31.934,32.355,0
2025-04-03 11:00:00,32.349,32.417,31.865,31.924,0
2025-04-03 12:00:00,31.931,32.068,31.848,31.931,0
2025-04-03 13:00:00,31.926,32.066,31.849,32.012,0
2025-04-03 14:00:00,32.012,32.038,31.826,31.911,0
2025-04-03 15:00:00,31.909,31.921,31.698,31.731,0
2025-04-03 16:00:00,31.743,31.843,31.728,31.83,0
2025-04-03 18:00:00,31.799,31.911,31.782,31.882,0
2025-04-03 19:00:00,31.848,31.977,31.791,31.896,0
2025-04-03 20:00:00,31.895,31.972,31.808,31.865,0
2025-04-03 21:00:00,31.866,31.951,31.767,31.776,0
2025-04-03 22:00:00,31.781,31.825,31.496,31.548,0
2025-04-03 23:00:00,31.553,31.582,31.395,31.462,0
2025-04-04 00:00:00,31.461,31.614,31.429,31.45,0
2025-04-04 01:00:00,31.446,31.683,31.428,31.621,0
2025-04-04 02:00:00,31.619,31.677,31.389,31.47,0
2025-04-04 03:00:00,31.469,31.496,31.141,31.247,0
2025-04-04 04:00:00,31.246,31.42,31.159,31.375,0
2025-04-04 05:00:00,31.374,31.449,31.291,31.408,0
2025-04-04 06:00:00,31.404,31.539,31.206,31.296,0
2025-04-04 07:00:00,31.302,31.539,30.88,31.202,0
2025-04-04 08:00:00,31.212,31.225,30.791,30.855,0
2025-04-04 09:00:00,30.852,30.9,30.294,30.417,0
2025-04-04 10:00:00,30.416,30.43,29.342,29.657,0
2025-04-04 11:00:00,29.652,30.107,29.612,29.728,0
2025-04-04 12:00:00,29.702,29.874,29.569,29.573,0
2025-04-04 13:00:00,29.557,29.64,29.172,29.576,0
2025-04-04 14:00:00,29.572,29.649,29.314,29.455,0
2025-04-04 15:00:00,29.457,29.795,29.409,29.723,0
2025-04-04 16:00:00,29.726,29.745,29.455,29.558,0
2025-04-06 18:00:00,29.147,29.163,28.108,28.916,0
2025-04-06 19:00:00,28.914,28.986,28.259,28.649,0
2025-04-06 20:00:00,28.65,29.117,28.427,28.896,0
2025-04-06 21:00:00,28.895,30.789,28.71,30.497,0
2025-04-06 22:00:00,30.5,30.797,30.315,30.338,0
2025-04-06 23:00:00,30.339,30.386,29.921,29.937,0
2025-04-07 00:00:00,29.938,30.287,29.926,30.234,0
2025-04-07 01:00:00,30.232,30.293,29.99,29.99,0
2025-04-07 02:00:00,29.99,30.031,29.703,29.998,0
2025-04-07 03:00:00,29.998,30.037,29.719,29.917,0
2025-04-07 04:00:00,29.922,30.406,29.885,30.274,0
2025-04-07 05:00:00,30.276,30.357,29.985,30.207,0
2025-04-07 06:00:00,30.204,30.438,30.204,30.257,0
2025-04-07 07:00:00,30.256,30.51,30.097,30.124,0
2025-04-07 08:00:00,30.125,30.32,29.862,30.194,0
2025-04-07 09:00:00,30.195,30.362,29.766,30.312,0
2025-04-07 10:00:00,30.315,30.583,29.924,30.1,0
2025-04-07 11:00:00,30.1,30.283,29.787,29.928,0
2025-04-07 12:00:00,29.923,29.965,29.707,29.726,0
2025-04-07 13:00:00,29.727,29.899,29.58,29.853,0
2025-04-07 14:00:00,29.854,29.915,29.685,29.727,0
2025-04-07 15:00:00,29.728,30.0,29.713,29.875,0
2025-04-07 16:00:00,29.874,30.105,29.83,30.027,0
2025-04-07 18:00:00,30.053,30.112,29.92,29.986,0
2025-04-07 19:00:00,29.987,30.095,29.888,30.007,0
2025-04-07 20:00:00,30.006,30.111,29.85,29.863,0
2025-04-07 21:00:00,29.86,30.112,29.822,30.104,0
2025-04-07 22:00:00,30.103,30.174,30.054,30.097,0
2025-04-07 23:00:00,30.096,30.116,30.009,30.051,0
2025-04-08 00:00:00,30.052,30.169,30.024,30.141,0
2025-04-08 01:00:00,30.14,30.164,29.989,30.104,0
2025-04-08 02:00:00,30.106,30.169,30.017,30.096,0
2025-04-08 03:00:00,30.097,30.258,29.996,30.129,0
2025-04-08 04:00:00,30.128,30.272,30.058,30.251,0
2025-04-08 05:00:00,30.25,30.256,30.049,30.246,0
2025-04-08 06:00:00,30.249,30.296,30.169,30.21,0
2025-04-08 07:00:00,30.209,30.408,30.207,30.392,0
2025-04-08 08:00:00,30.398,30.423,30.202,30.213,0
2025-04-08 09:00:00,30.214,30.487,30.187,30.459,0
2025-04-08 10:00:00,30.459,30.519,30.139,30.154,0
2025-04-08 11:00:00,30.154,30.19,30.001,30.027,0
2025-04-08 12:00:00,30.032,30.072,29.824,29.835,0
2025-04-08 13:00:00,29.837,29.912,29.679,29.898,0
2025-04-08 14:00:00,29.896,30.074,29.784,29.797,0
2025-04-08 15:00:00,29.796,29.858,29.609,29.838,0
2025-04-08 16:00:00,29.838,29.865,29.716,29.814,0
2025-04-08 18:00:00,29.805,29.867,29.696,29.739,0
2025-04-08 19:00:00,29.742,29.79,29.367,29.585,0
2025-04-08 20:00:00,29.588,29.711,29.442,29.568,0
2025-04-08 21:00:00,29.567,29.92,29.318,29.852,0
2025-04-08 22:00:00,29.855,29.937,29.795,29.864,0
2025-04-08 23:00:00,29.865,29.941,29.774,29.797,0
2025-04-09 00:00:00,29.796,29.921,29.693,29.886,0
2025-04-09 01:00:00,29.89,29.938,29.757,29.91,0
2025-04-09 02:00:00,29.913,30.311,29.896,30.234,0
2025-04-09 03:00:00,30.235,30.417,30.171,30.316,0
2025-04-09 04:00:00,30.317,30.384,30.082,30.371,0
2025-04-09 05:00:00,30.368,30.399,30.307,30.341,0
2025-04-09 06:00:00,30.341,30.407,30.234,30.3,0
2025-04-09 07:00:00,30.303,30.655,30.051,30.593,0
2025-04-09 08:00:00,30.594,30.649,30.127,30.264,0
2025-04-09 09:00:00,30.263,30.51,30.234,30.463,0
2025-04-09 10:00:00,30.461,30.544,30.184,30.19,0
2025-04-09 11:00:00,30.189,30.426,30.16,30.294,0
2025-04-09 12:00:00,30.301,30.467,30.275,30.435,0
2025-04-09 13:00:00,30.435,30.864,30.263,30.774,0
2025-04-09 14:00:00,30.774,30.961,30.599,30.693,0
2025-04-09 15:00:00,30.694,31.023,30.609,30.844,0
2025-04-09 16:00:00,30.843,31.03,30.824,30.995,0
2025-04-09 18:00:00,31.003,31.053,30.72,30.731,0
2025-04-09 19:00:00,30.742,30.903,30.724,30.899,0
2025-04-09 20:00:00,30.898,31.077,30.784,31.038,0
2025-04-09 21:00:00,31.045,31.144,30.828,30.919,0
2025-04-09 22:00:00,30.919,31.132,30.917,31.081,0
2025-04-09 23:00:00,31.083,31.165,30.881,31.141,0
2025-04-10 00:00:00,31.141,31.18,31.081,31.158,0
2025-04-10 01:00:00,31.158,31.26,31.121,31.237,0
2025-04-10 02:00:00,31.236,31.292,31.167,31.272,0
2025-04-10 03:00:00,31.257,31.294,30.93,30.966,0
2025-04-10 04:00:00,30.967,31.002,30.718,30.901,0
2025-04-10 05:00:00,30.9,30.981,30.848,30.943,0
2025-04-10 06:00:00,30.939,31.013,30.817,30.871,0
2025-04-10 07:00:00,30.873,30.944,30.677,30.903,0
2025-04-10 08:00:00,30.907,31.003,30.804,30.859,0
2025-04-10 09:00:00,30.856,31.041,30.557,30.591,0
2025-04-10 10:00:00,30.588,31.073,30.58,31.037,0
2025-04-10 11:00:00,31.041,31.19,30.784,30.812,0
2025-04-10 12:00:00,30.811,30.96,30.67,30.899,0
2025-04-10 13:00:00,30.898,30.95,30.74,30.93,0
2025-04-10 14:00:00,30.929,31.188,30.867,31.139,0
2025-04-10 15:00:00,31.141,31.23,31.021,31.101,0
2025-04-10 16:00:00,31.1,31.244,31.084,31.212,0
2025-04-10 18:00:00,31.195,31.284,31.162,31.212,0
2025-04-10 19:00:00,31.172,31.227,31.101,31.154,0
2025-04-10 20:00:00,31.152,31.344,31.071,31.157,0
2025-04-10 21:00:00,31.159,31.201,30.892,31.065,0
2025-04-10 22:00:00,31.064,31.314,31.02,31.157,0
2025-04-10 23:00:00,31.154,31.332,31.124,31.32,0
2025-04-11 00:00:00,31.319,31.345,31.257,31.299,0
2025-04-11 01:00:00,31.3,31.373,31.136,31.244,0
2025-04-11 02:00:00,31.246,31.349,31.199,31.24,0
2025-04-11 03:00:00,31.242,31.457,31.196,31.328,0
2025-04-11 04:00:00,31.326,31.49,31.224,31.342,0
2025-04-11 05:00:00,31.34,31.488,31.251,31.47,0
2025-04-11 06:00:00,31.476,31.504,31.203,31.251,0
2025-04-11 07:00:00,31.253,31.517,31.244,31.451,0
2025-04-11 08:00:00,31.451,31.56,31.348,31.495,0
2025-04-11 09:00:00,31.496,31.81,31.444,31.629,0
2025-04-11 10:00:00,31.601,32.054,31.522,32.019,0
2025-04-11 11:00:00,32.018,32.27,32.006,32.164,0
2025-04-11 12:00:00,32.166,32.24,31.831,31.938,0
2025-04-11 13:00:00,31.938,32.134,31.938,32.107,0
2025-04-11 14:00:00,32.108,32.224,32.073,32.221,0
2025-04-11 15:00:00,32.22,32.267,32.084,32.095,0
2025-04-11 16:00:00,32.091,32.255,32.077,32.192,0
2025-04-13 18:00:00,32.211,32.279,32.016,32.049,0
2025-04-13 19:00:00,32.047,32.109,31.969,32.066,0
2025-04-13 20:00:00,32.066,32.136,31.892,31.894,0
2025-04-13 21:00:00,31.893,32.041,31.794,31.981,0
2025-04-13 22:00:00,31.979,32.047,31.827,31.851,0
2025-04-13 23:00:00,31.849,31.918,31.819,31.855,0
2025-04-14 00:00:00,31.858,31.945,31.837,31.918,0
2025-04-14 01:00:00,31.921,32.028,31.805,32.003,0
2025-04-14 02:00:00,32.005,32.09,31.938,32.026,0
2025-04-14 03:00:00,32.025,32.271,32.014,32.173,0
2025-04-14 04:00:00,32.171,32.314,32.069,32.282,0
2025-04-14 05:00:00,32.285,32.364,32.181,32.316,0
2025-04-14 06:00:00,32.317,32.37,32.113,32.164,0
2025-04-14 07:00:00,32.17,32.368,32.161,32.259,0
2025-04-14 08:00:00,32.262,32.385,32.082,32.123,0
2025-04-14 09:00:00,32.131,32.184,31.716,31.983,0
2025-04-14 10:00:00,31.981,32.159,31.916,32.081,0
2025-04-14 11:00:00,32.082,32.172,31.912,31.944,0
2025-04-14 12:00:00,31.945,32.071,31.921,32.012,0
2025-04-14 13:00:00,32.014,32.299,32.003,32.265,0
2025-04-14 14:00:00,32.264,32.303,32.199,32.289,0
2025-04-14 15:00:00,32.288,32.353,32.249,32.263,0
2025-04-14 16:00:00,32.262,32.35,32.217,32.221,0
2025-04-14 18:00:00,32.322,32.376,32.284,32.285,0
2025-04-14 19:00:00,32.282,32.312,32.266,32.279,0
2025-04-14 20:00:00,32.28,32.287,32.15,32.192,0
2025-04-14 21:00:00,32.189,32.309,32.135,32.247,0
2025-04-14 22:00:00,32.246,32.287,32.186,32.226,0
2025-04-14 23:00:00,32.228,32.272,32.155,32.267,0
2025-04-15 00:00:00,32.269,32.351,32.237,32.344,0
2025-04-15 01:00:00,32.346,32.37,32.234,32.263,0
2025-04-15 02:00:00,32.268,32.316,32.189,32.3,0
2025-04-15 03:00:00,32.299,32.386,32.292,32.346,0
2025-04-15 04:00:00,32.347,32.369,32.272,32.303,0
2025-04-15 05:00:00,32.305,32.376,32.268,32.303,0
2025-04-15 06:00:00,32.301,32.364,32.231,32.248,0
2025-04-15 07:00:00,32.256,32.306,32.192,32.246,0
2025-04-15 08:00:00,32.25,32.364,32.192,32.346,0
2025-04-15 09:00:00,32.345,32.345,32.178,32.22,0
2025-04-15 10:00:00,32.224,32.307,32.145,32.167,0
2025-04-15 11:00:00,32.168,32.261,32.078,32.212,0
2025-04-15 12:00:00,32.213,32.265,32.186,32.236,0
2025-04-15 13:00:00,32.239,32.345,32.214,32.305,0
2025-04-15 14:00:00,32.304,32.354,32.265,32.345,0
2025-04-15 15:00:00,32.346,32.36,32.29,32.311,0
2025-04-15 16:00:00,32.308,32.345,32.242,32.246,0
2025-04-15 18:00:00,32.259,32.327,32.248,32.298,0
2025-04-15 19:00:00,32.297,32.395,32.261,32.383,0
2025-04-15 20:00:00,32.382,32.457,32.288,32.413,0
2025-04-15 21:00:00,32.413,32.485,32.305,32.385,0
2025-04-15 22:00:00,32.389,32.439,32.283,32.291,0
2025-04-15 23:00:00,32.29,32.414,32.272,32.39,0
2025-04-16 00:00:00,32.391,32.494,32.383,32.442,0
2025-04-16 01:00:00,32.443,32.484,32.381,32.48,0
2025-04-16 02:00:00,32.482,32.625,32.355,32.616,0
2025-04-16 03:00:00,32.609,32.861,32.591,32.825,0
2025-04-16 04:00:00,32.833,33.101,32.754,32.907,0
2025-04-16 05:00:00,32.901,33.049,32.891,32.955,0
2025-04-16 06:00:00,32.952,33.015,32.779,32.927,0
2025-04-16 07:00:00,32.922,33.013,32.814,32.937,0
2025-04-16 08:00:00,32.931,33.055,32.836,32.843,0
2025-04-16 09:00:00,32.835,32.937,32.65,32.86,0
2025-04-16 10:00:00,32.861,32.933,32.689,32.712,0
2025-04-16 11:00:00,32.711,32.976,32.685,32.889,0
2025-04-16 12:00:00,32.893,32.964,32.787,32.955,0
2025-04-16 13:00:00,32.957,32.998,32.752,32.782,0
2025-04-16 14:00:00,32.782,32.97,32.765,32.853,0
2025-04-16 15:00:00,32.855,32.872,32.711,32.732,0
2025-04-16 16:00:00,32.733,32.769,32.582,32.586,0
2025-04-16 18:00:00,32.719,32.927,32.718,32.876,0
2025-04-16 19:00:00,32.879,32.912,32.792,32.808,0
2025-04-16 20:00:00,32.812,32.929,32.728,32.88,0
2025-04-16 21:00:00,32.881,32.903,32.112,32.177,0
2025-04-16 22:00:00,32.173,32.37,32.139,32.36,0
2025-04-16 23:00:00,32.358,32.654,32.33,32.637,0
2025-04-17 00:00:00,32.628,32.655,32.526,32.59,0
2025-04-17 01:00:00,32.592,32.614,32.454,32.458,0
2025-04-17 02:00:00,32.458,32.575,32.435,32.461,0
2025-04-17 03:00:00,32.456,32.495,32.236,32.438,0
2025-04-17 04:00:00,32.439,32.472,32.303,32.415,0
2025-04-17 05:00:00,32.411,32.456,32.292,32.328,0
2025-04-17 06:00:00,32.329,32.425,32.27,32.309,0
2025-04-17 07:00:00,32.309,32.393,32.251,32.362,0
2025-04-17 08:00:00,32.354,32.522,32.354,32.515,0
2025-04-17 09:00:00,32.514,32.628,32.414,32.487,0
2025-04-17 10:00:00,32.483,32.483,32.074,32.123,0
2025-04-17 11:00:00,32.129,32.27,32.088,32.258,0
2025-04-17 12:00:00,32.254,32.506,32.254,32.478,0
2025-04-17 13:00:00,32.481,32.535,32.411,32.477,0
2025-04-17 14:00:00,32.478,32.51,32.431,32.441,0
2025-04-17 15:00:00,32.436,32.467,32.337,32.459,0
2025-04-17 16:00:00,32.463,32.566,32.436,32.484,0
2025-04-20 18:00:00,32.418,32.593,32.418,32.469,0
2025-04-20 19:00:00,32.472,32.551,32.413,32.547,0
2025-04-20 20:00:00,32.547,32.65,32.531,32.595,0
2025-04-20 21:00:00,32.603,32.693,32.544,32.676,0
2025-04-20 22:00:00,32.677,32.714,32.595,32.709,0
2025-04-20 23:00:00,32.709,32.787,32.658,32.774,0
2025-04-21 00:00:00,32.774,32.774,32.631,32.745,0
2025-04-21 01:00:00,32.744,32.933,32.742,32.929,0
2025-04-21 02:00:00,32.932,32.959,32.771,32.851,0
2025-04-21 03:00:00,32.851,32.894,32.648,32.729,0
2025-04-21 04:00:00,32.731,32.857,32.707,32.82,0
2025-04-21 05:00:00,32.822,32.887,32.757,32.86,0
2025-04-21 06:00:00,32.859,32.931,32.801,32.922,0
2025-04-21 07:00:00,32.916,33.023,32.853,32.963,0
2025-04-21 08:00:00,32.964,33.044,32.885,33.016,0
2025-04-21 09:00:00,33.015,33.043,32.766,32.802,0
2025-04-21 10:00:00,32.803,32.914,32.575,32.675,0
2025-04-21 11:00:00,32.674,32.773,32.587,32.754,0
2025-04-21 12:00:00,32.756,32.779,32.604,32.628,0
2025-04-21 13:00:00,32.632,32.662,32.467,32.639,0
2025-04-21 14:00:00,32.642,32.673,32.566,32.655,0
2025-04-21 15:00:00,32.654,32.747,32.644,32.721,0
2025-04-21 16:00:00,32.722,32.747,32.62,32.649,0
2025-04-21 18:00:00,32.614,32.748,32.614,32.701,0
2025-04-21 19:00:00,32.703,32.771,32.689,32.726,0
2025-04-21 20:00:00,32.723,32.791,32.61,32.641,0
2025-04-21 21:00:00,32.644,32.835,32.604,32.62,0
2025-04-21 22:00:00,32.621,32.632,32.522,32.615,0
2025-04-21 23:00:00,32.617,32.831,32.563,32.805,0
2025-04-22 00:00:00,32.805,32.886,32.767,32.854,0
2025-04-22 01:00:00,32.855,32.898,32.784,32.84,0
2025-04-22 02:00:00,32.843,32.883,32.581,32.636,0
2025-04-22 03:00:00,32.634,32.644,32.271,32.544,0
2025-04-22 04:00:00,32.547,32.604,32.308,32.328,0
2025-04-22 05:00:00,32.329,32.598,32.323,32.597,0
2025-04-22 06:00:00,32.6,32.73,32.586,32.588,0
2025-04-22 07:00:00,32.579,32.735,32.56,32.693,0
2025-04-22 08:00:00,32.691,32.875,32.542,32.602,0
2025-04-22 09:00:00,32.6,32.826,32.506,32.652,0
2025-04-22 10:00:00,32.653,32.998,32.64,32.944,0
2025-04-22 11:00:00,32.946,33.044,32.781,32.947,0
2025-04-22 12:00:00,32.948,33.141,32.551,32.791,0
2025-04-22 13:00:00,32.792,32.963,32.77,32.91,0
2025-04-22 14:00:00,32.911,32.935,32.674,32.74,0
2025-04-22 15:00:00,32.739,32.781,32.444,32.453,0
2025-04-22 16:00:00,32.454,32.536,32.415,32.419,0
2025-04-22 18:00:00,32.333,32.553,32.078,32.512,0
2025-04-22 19:00:00,32.511,32.607,32.479,32.493,0
2025-04-22 20:00:00,32.497,32.691,32.488,32.674,0
2025-04-22 21:00:00,32.675,32.854,32.616,32.801,0
2025-04-22 22:00:00,32.8,32.802,32.611,32.629,0
2025-04-22 23:00:00,32.632,32.73,32.538,32.692,0
2025-04-23 00:00:00,32.691,32.755,32.647,32.755,0
2025-04-23 01:00:00,32.754,32.803,32.602,32.68,0
2025-04-23 02:00:00,32.682,32.835,32.625,32.774,0
2025-04-23 03:00:00,32.777,32.878,32.712,32.859,0
2025-04-23 04:00:00,32.866,32.913,32.824,32.908,0
2025-04-23 05:00:00,32.904,32.997,32.805,32.812,0
2025-04-23 06:00:00,32.803,32.987,32.802,32.977,0
2025-04-23 07:00:00,32.975,33.024,32.833,32.858,0
2025-04-23 08:00:00,32.857,32.925,32.714,32.863,0
2025-04-23 09:00:00,32.867,32.926,32.66,32.869,0
2025-04-23 10:00:00,32.869,33.666,32.778,33.576,0
2025-04-23 11:00:00,33.561,33.601,33.304,33.51,0
2025-04-23 12:00:00,33.515,33.633,33.469,33.559,0
2025-04-23 13:00:00,33.557,33.626,33.454,33.549,0
2025-04-23 14:00:00,33.55,33.639,33.481,33.632,0
2025-04-23 15:00:00,33.631,33.658,33.576,33.593,0
2025-04-23 16:00:00,33.6,33.621,33.512,33.555,0
2025-04-23 18:00:00,33.533,33.615,33.517,33.523,0
2025-04-23 19:00:00,33.523,33.634,33.523,33.613,0
2025-04-23 20:00:00,33.612,33.663,33.582,33.615,0
2025-04-23 21:00:00,33.614,33.667,33.422,33.48,0
2025-04-23 22:00:00,33.478,33.508,33.342,33.366,0
2025-04-23 23:00:00,33.367,33.38,33.278,33.296,0
2025-04-24 00:00:00,33.295,33.4,33.241,33.378,0
2025-04-24 01:00:00,33.377,33.439,33.335,33.379,0
2025-04-24 02:00:00,33.38,33.39,33.26,33.315,0
2025-04-24 03:00:00,33.316,33.453,33.277,33.336,0
2025-04-24 04:00:00,33.337,33.384,33.261,33.338,0
2025-04-24 05:00:00,33.34,33.39,33.284,33.389,0
2025-04-24 06:00:00,33.388,33.412,33.311,33.383,0
2025-04-24 07:00:00,33.378,33.486,33.361,33.439,0
2025-04-24 08:00:00,33.444,33.518,33.321,33.351,0
2025-04-24 09:00:00,33.348,33.46,33.16,33.286,0
2025-04-24 10:00:00,33.286,33.417,33.252,33.39,0
2025-04-24 11:00:00,33.389,33.485,33.318,33.446,0
2025-04-24 12:00:00,33.447,33.52,33.427,33.52,0
2025-04-24 13:00:00,33.514,33.547,33.481,33.523,0
2025-04-24 14:00:00,33.528,33.545,33.48,33.495,0
2025-04-24 15:00:00,33.497,33.602,33.432,33.577,0
2025-04-24 16:00:00,33.578,33.612,33.553,33.566,0
2025-04-24 18:00:00,33.514,33.663,33.514,33.633,0
2025-04-24 19:00:00,33.625,33.648,33.587,33.602,0
2025-04-24 20:00:00,33.601,33.664,33.57,33.597,0
2025-04-24 21:00:00,33.593,33.664,33.411,33.448,0
2025-04-24 22:00:00,33.45,33.473,33.364,33.458,0
2025-04-24 23:00:00,33.459,33.544,33.393,33.396,0
2025-04-25 00:00:00,33.396,33.473,33.359,33.459,0
2025-04-25 01:00:00,33.461,33.491,33.283,33.331,0
2025-04-25 02:00:00,33.33,33.425,33.242,33.4,0
2025-04-25 03:00:00,33.403,33.466,33.343,33.355,0
2025-04-25 04:00:00,33.354,33.418,33.314,33.409,0
2025-04-25 05:00:00,33.408,33.447,33.348,33.354,0
2025-04-25 06:00:00,33.348,33.455,33.29,33.342,0
2025-04-25 07:00:00,33.344,33.407,33.097,33.235,0
2025-04-25 08:00:00,33.234,33.368,33.225,33.251,0
2025-04-25 09:00:00,33.255,33.281,32.761,32.898,0
2025-04-25 10:00:00,32.896,33.091,32.874,32.897,0
2025-04-25 11:00:00,32.895,32.981,32.87,32.949,0
2025-04-25 12:00:00,32.952,33.033,32.915,33.02,0
2025-04-25 13:00:00,33.02,33.078,32.952,32.957,0
2025-04-25 14:00:00,32.957,33.013,32.901,32.927,0
2025-04-25 15:00:00,32.927,33.063,32.889,33.015,0
2025-04-25 16:00:00,33.017,33.087,33.009,33.012,0
2025-04-27 18:00:00,33.075,33.142,32.981,32.986,0
2025-04-27 19:00:00,32.984,33.015,32.872,32.88,0
2025-04-27 20:00:00,32.881,32.977,32.849,32.968,0
2025-04-27 21:00:00,32.966,33.012,32.733,32.743,0
2025-04-27 22:00:00,32.744,32.822,32.643,32.762,0
2025-04-27 23:00:00,32.763,32.847,32.752,32.829,0
2025-04-28 00:00:00,32.832,32.893,32.82,32.863,0
2025-04-28 01:00:00,32.868,32.96,32.856,32.896,0
2025-04-28 02:00:00,32.898,32.903,32.763,32.786,0
2025-04-28 03:00:00,32.787,33.001,32.787,32.956,0
2025-04-28 04:00:00,32.951,32.991,32.888,32.913,0
2025-04-28 05:00:00,32.918,33.025,32.812,32.818,0
2025-04-28 06:00:00,32.818,33.034,32.8,32.989,0
2025-04-28 07:00:00,32.988,33.081,32.964,33.038,0
2025-04-28 08:00:00,33.037,33.074,32.93,32.931,0
2025-04-28 09:00:00,32.931,33.094,32.79,32.826,0
2025-04-28 10:00:00,32.83,33.142,32.825,33.041,0
2025-04-28 11:00:00,33.045,33.139,32.999,33.026,0
2025-04-28 12:00:00,33.031,33.137,33.015,33.108,0
2025-04-28 13:00:00,33.103,33.127,33.012,33.028,0
2025-04-28 14:00:00,33.036,33.148,33.018,33.12,0
2025-04-28 15:00:00,33.125,33.177,33.097,33.17,0
2025-04-28 16:00:00,33.17,33.17,33.102,33.102,0
2025-04-28 18:00:00,33.096,33.189,33.063,33.081,0
2025-04-28 19:00:00,33.08,33.13,33.064,33.099,0
2025-04-28 20:00:00,33.098,33.142,33.058,33.117,0
2025-04-28 21:00:00,33.116,33.171,33.083,33.143,0
2025-04-28 22:00:00,33.142,33.235,33.072,33.072,0
2025-04-28 23:00:00,33.073,33.089,32.926,32.966,0
2025-04-29 00:00:00,32.968,33.02,32.909,32.924,0
2025-04-29 01:00:00,32.924,32.987,32.868,32.931,0
2025-04-29 02:00:00,32.933,33.062,32.926,33.052,0
2025-04-29 03:00:00,33.059,33.236,33.053,33.22,0
2025-04-29 04:00:00,33.224,33.248,33.147,33.223,0
2025-04-29 05:00:00,33.225,33.362,33.192,33.317,0
2025-04-29 06:00:00,33.313,33.36,33.198,33.211,0
2025-04-29 07:00:00,33.214,33.309,33.171,33.204,0
2025-04-29 08:00:00,33.208,33.508,33.173,33.376,0
2025-04-29 09:00:00,33.375,33.524,33.17,33.29,0
2025-04-29 10:00:00,33.287,33.36,33.148,33.324,0
2025-04-29 11:00:00,33.322,33.339,33.028,33.19,0
2025-04-29 12:00:00,33.192,33.29,33.181,33.274,0
2025-04-29 13:00:00,33.277,33.311,33.109,33.115,0
2025-04-29 14:00:00,33.113,33.173,33.002,33.017,0
2025-04-29 15:00:00,33.018,33.064,32.788,32.815,0
2025-04-29 16:00:00,32.816,32.952,32.812,32.927,0
2025-04-29 18:00:00,32.884,32.931,32.814,32.903,0
2025-04-29 19:00:00,32.905,32.926,32.839,32.925,0
2025-04-29 20:00:00,32.923,33.043,32.908,33.029,0
2025-04-29 21:00:00,33.026,33.102,32.965,32.969,0
2025-04-29 22:00:00,32.967,33.032,32.903,32.933,0
2025-04-29 23:00:00,32.931,32.979,32.857,32.861,0
2025-04-30 00:00:00,32.86,32.868,32.71,32.828,0
2025-04-30 01:00:00,32.827,32.934,32.793,32.864,0
2025-04-30 02:00:00,32.87,32.924,32.817,32.836,0
2025-04-30 03:00:00,32.834,32.975,32.651,32.662,0
2025-04-30 04:00:00,32.659,32.686,32.325,32.401,0
2025-04-30 05:00:00,32.399,32.442,32.205,32.222,0
2025-04-30 06:00:00,32.219,32.395,32.195,32.241,0
2025-04-30 07:00:00,32.243,32.313,32.167,32.215,0
2025-04-30 08:00:00,32.211,32.616,32.179,32.571,0
2025-04-30 09:00:00,32.574,32.745,32.402,32.432,0
2025-04-30 10:00:00,32.433,32.749,32.368,32.663,0
2025-04-30 11:00:00,32.662,32.764,32.545,32.692,0
2025-04-30 12:00:00,32.696,32.725,32.623,32.65,0
2025-04-30 13:00:00,32.661,32.684,32.52,32.609,0
2025-04-30 14:00:00,32.613,32.697,32.586,32.602,0
2025-04-30 15:00:00,32.6,32.63,32.513,32.536,0
2025-04-30 16:00:00,32.538,32.639,32.52,32.607,0
2025-04-30 18:00:00,32.586,32.649,32.554,32.622,0
2025-04-30 19:00:00,32.62,32.641,32.564,32.605,0
2025-04-30 20:00:00,32.608,32.658,32.212,32.319,0
2025-04-30 21:00:00,32.316,32.441,32.3,32.337,0
2025-04-30 22:00:00,32.336,32.42,32.237,32.264,0
2025-04-30 23:00:00,32.262,32.266,31.957,32.015,0
2025-05-01 00:00:00,32.013,32.115,32.013,32.022,0
2025-05-01 01:00:00,32.021,32.143,31.976,32.06,0
2025-05-01 02:00:00,32.061,32.172,32.057,32.114,0
2025-05-01 03:00:00,32.113,32.165,32.01,32.121,0
2025-05-01 04:00:00,32.122,32.282,32.12,32.255,0
2025-05-01 05:00:00,32.256,32.307,32.069,32.094,0
2025-05-01 06:00:00,32.098,32.159,31.993,32.142,0
2025-05-01 07:00:00,32.141,32.152,31.656,31.712,0
2025-05-01 08:00:00,31.713,32.394,31.677,32.302,0
2025-05-01 09:00:00,32.302,32.488,32.215,32.309,0
2025-05-01 10:00:00,32.308,32.488,32.139,32.289,0
2025-05-01 11:00:00,32.29,32.407,32.204,32.237,0
2025-05-01 12:00:00,32.239,32.26,32.085,32.252,0
2025-05-01 13:00:00,32.258,32.272,32.137,32.251,0
2025-05-01 14:00:00,32.249,32.404,32.227,32.326,0
2025-05-01 15:00:00,32.327,32.375,32.306,32.329,0
2025-05-01 16:00:00,32.328,32.414,32.21,32.23,0
2025-05-01 18:00:00,32.368,32.435,32.361,32.402,0
2025-05-01 19:00:00,32.4,32.441,32.39,32.424,0
2025-05-01 20:00:00,32.428,32.507,32.397,32.446,0
2025-05-01 21:00:00,32.448,32.535,32.432,32.529,0
2025-05-01 22:00:00,32.53,32.646,32.518,32.58,0
2025-05-01 23:00:00,32.579,32.703,32.544,32.675,0
2025-05-02 00:00:00,32.673,32.697,32.639,32.651,0
2025-05-02 01:00:00,32.65,32.665,32.571,32.572,0
2025-05-02 02:00:00,32.573,32.696,32.528,32.602,0
2025-05-02 03:00:00,32.601,32.657,32.535,32.538,0
2025-05-02 04:00:00,32.537,32.584,32.475,32.481,0
2025-05-02 05:00:00,32.482,32.539,32.43,32.496,0
2025-05-02 06:00:00,32.497,32.516,32.312,32.354,0
2025-05-02 07:00:00,32.355,32.405,32.251,32.28,0
2025-05-02 08:00:00,32.264,32.569,32.233,32.429,0
2025-05-02 09:00:00,32.428,32.604,32.175,32.255,0
2025-05-02 10:00:00,32.261,32.319,32.037,32.319,0
2025-05-02 11:00:00,32.319,32.323,31.92,32.003,0
2025-05-02 12:00:00,32.0,32.113,31.946,32.001,0
2025-05-02 13:00:00,32.0,32.071,31.949,32.013,0
2025-05-02 14:00:00,32.015,32.025,31.937,31.971,0
2025-05-02 15:00:00,31.971,32.039,31.971,32.007,0
2025-05-02 16:00:00,32.014,32.065,31.963,31.979,0
2025-05-04 18:00:00,32.002,32.08,31.944,32.028,0
2025-05-04 19:00:00,32.032,32.088,32.022,32.048,0
2025-05-04 20:00:00,32.051,32.051,31.989,32.003,0
2025-05-04 21:00:00,32.004,32.127,31.996,32.031,0
2025-05-04 22:00:00,32.032,32.18,31.984,32.147,0
2025-05-04 23:00:00,32.144,32.193,32.096,32.131,0
2025-05-05 00:00:00,32.133,32.198,32.109,32.195,0
2025-05-05 01:00:00,32.199,32.303,32.191,32.271,0
2025-05-05 02:00:00,32.275,32.448,32.27,32.421,0
2025-05-05 03:00:00,32.42,32.42,32.296,32.314,0
2025-05-05 04:00:00,32.311,32.405,32.3,32.399,0
2025-05-05 05:00:00,32.396,32.425,32.35,32.411,0
2025-05-05 06:00:00,32.412,32.456,32.335,32.407,0
2025-05-05 07:00:00,32.407,32.471,32.322,32.38,0
2025-05-05 08:00:00,32.379,32.641,32.332,32.589,0
2025-05-05 09:00:00,32.588,32.659,32.31,32.343,0
2025-05-05 10:00:00,32.344,32.383,32.221,32.273,0
2025-05-05 11:00:00,32.272,32.341,32.197,32.259,0
2025-05-05 12:00:00,32.254,32.34,32.146,32.265,0
2025-05-05 13:00:00,32.264,32.343,32.258,32.305,0
2025-05-05 14:00:00,32.303,32.359,32.282,32.321,0
2025-05-05 15:00:00,32.322,32.479,32.319,32.382,0
2025-05-05 16:00:00,32.382,32.478,32.255,32.255,0
2025-05-05 18:00:00,32.44,32.509,32.398,32.398,0
2025-05-05 19:00:00,32.411,32.507,32.401,32.496,0
2025-05-05 20:00:00,32.495,32.684,32.468,32.647,0
2025-05-05 21:00:00,32.651,33.017,32.645,33.005,0
2025-05-05 22:00:00,33.006,33.033,32.96,33.0,0
2025-05-05 23:00:00,33.0,33.068,32.947,33.061,0
2025-05-06 00:00:00,33.062,33.11,33.042,33.062,0
2025-05-06 01:00:00,33.065,33.081,32.938,32.977,0
2025-05-06 02:00:00,32.979,33.057,32.936,32.991,0
2025-05-06 03:00:00,33.0,33.159,32.981,33.036,0
2025-05-06 04:00:00,33.049,33.07,32.858,33.016,0
2025-05-06 05:00:00,33.018,33.085,32.917,33.079,0
2025-05-06 06:00:00,33.082,33.082,32.943,33.002,0
2025-05-06 07:00:00,33.004,33.118,32.982,33.08,0
2025-05-06 08:00:00,33.078,33.195,32.997,33.073,0
2025-05-06 09:00:00,33.074,33.221,33.005,33.116,0
2025-05-06 10:00:00,33.114,33.226,33.015,33.102,0
2025-05-06 11:00:00,33.097,33.18,33.004,33.023,0
2025-05-06 12:00:00,33.024,33.171,32.978,33.138,0
2025-05-06 13:00:00,33.137,33.188,33.073,33.145,0
2025-05-06 14:00:00,33.146,33.167,33.104,33.167,0
2025-05-06 15:00:00,33.165,33.235,33.145,33.218,0
2025-05-06 16:00:00,33.219,33.232,33.159,33.214,0
2025-05-06 18:00:00,33.205,33.247,32.919,32.92,0
2025-05-06 19:00:00,32.908,33.16,32.903,33.135,0
2025-05-06 20:00:00,33.135,33.135,32.964,33.028,0
2025-05-06 21:00:00,33.027,33.049,32.805,32.898,0
2025-05-06 22:00:00,32.898,33.103,32.828,33.043,0
2025-05-06 23:00:00,33.042,33.042,32.922,32.945,0
2025-05-07 00:00:00,32.944,33.043,32.941,32.968,0
2025-05-07 01:00:00,32.97,33.058,32.878,33.032,0
2025-05-07 02:00:00,33.03,33.088,33.02,33.067,0
2025-05-07 03:00:00,33.061,33.079,32.951,32.987,0
2025-05-07 04:00:00,32.986,33.004,32.823,32.865,0
2025-05-07 05:00:00,32.872,32.904,32.714,32.783,0
2025-05-07 06:00:00,32.781,32.89,32.724,32.875,0
2025-05-07 07:00:00,32.879,32.935,32.833,32.881,0
2025-05-07 08:00:00,32.88,32.946,32.75,32.923,0
2025-05-07 09:00:00,32.924,32.926,32.686,32.807,0
2025-05-07 10:00:00,32.806,32.837,32.535,32.616,0
2025-05-07 11:00:00,32.623,32.652,32.549,32.624,0
2025-05-07 12:00:00,32.621,32.666,32.595,32.641,0
2025-05-07 13:00:00,32.635,32.657,32.537,32.559,0
2025-05-07 14:00:00,32.534,32.678,32.444,32.549,0
2025-05-07 15:00:00,32.55,32.563,32.231,32.407,0
2025-05-07 16:00:00,32.408,32.45,32.37,32.439,0
2025-05-07 18:00:00,32.352,32.435,32.319,32.319,0
2025-05-07 19:00:00,32.313,32.45,32.313,32.45,0
2025-05-07 20:00:00,32.449,32.483,32.388,32.467,0
2025-05-07 21:00:00,32.461,32.871,32.447,32.844,0
2025-05-07 22:00:00,32.849,32.873,32.752,32.773,0
2025-05-07 23:00:00,32.775,32.914,32.774,32.842,0
2025-05-08 00:00:00,32.845,32.93,32.793,32.801,0
2025-05-08 01:00:00,32.801,32.835,32.556,32.556,0
2025-05-08 02:00:00,32.558,32.638,32.207,32.351,0
2025-05-08 03:00:00,32.353,32.454,32.272,32.368,0
2025-05-08 04:00:00,32.368,32.415,32.297,32.335,0
2025-05-08 05:00:00,32.327,32.468,32.312,32.364,0
2025-05-08 06:00:00,32.365,32.528,32.322,32.423,0
2025-05-08 07:00:00,32.418,32.432,32.307,32.386,0
2025-05-08 08:00:00,32.391,32.483,32.36,32.458,0
2025-05-08 09:00:00,32.456,32.709,32.449,32.632,0
2025-05-08 10:00:00,32.63,32.745,32.588,32.613,0
2025-05-08 11:00:00,32.614,32.696,32.536,32.616,0
2025-05-08 12:00:00,32.612,32.619,32.392,32.497,0
2025-05-08 13:00:00,32.493,32.499,32.387,32.485,0
2025-05-08 14:00:00,32.48,32.513,32.457,32.462,0
2025-05-08 15:00:00,32.466,32.474,32.282,32.374,0
2025-05-08 16:00:00,32.381,32.462,32.373,32.45,0
2025-05-08 18:00:00,32.424,32.512,32.286,32.291,0
2025-05-08 19:00:00,32.263,32.498,32.263,32.428,0
2025-05-08 20:00:00,32.429,32.497,32.359,32.487,0
2025-05-08 21:00:00,32.485,32.517,32.302,32.315,0
2025-05-08 22:00:00,32.316,32.413,32.207,32.409,0
2025-05-08 23:00:00,32.408,32.449,32.32,32.421,0
2025-05-09 00:00:00,32.422,32.541,32.422,32.534,0
2025-05-09 01:00:00,32.529,32.555,32.418,32.46,0
2025-05-09 02:00:00,32.462,32.54,32.453,32.534,0
2025-05-09 03:00:00,32.529,32.706,32.484,32.638,0
2025-05-09 04:00:00,32.647,32.648,32.538,32.575,0
2025-05-09 05:00:00,32.574,32.607,32.534,32.586,0
2025-05-09 06:00:00,32.587,32.631,32.54,32.558,0
2025-05-09 07:00:00,32.554,32.601,32.405,32.539,0
2025-05-09 08:00:00,32.54,32.679,32.516,32.575,0
2025-05-09 09:00:00,32.571,32.755,32.51,32.681,0
2025-05-09 10:00:00,32.69,32.796,32.59,32.686,0
2025-05-09 11:00:00,32.683,32.815,32.632,32.81,0
2025-05-09 12:00:00,32.805,32.859,32.689,32.697,0
2025-05-09 13:00:00,32.699,32.797,32.684,32.773,0
2025-05-09 14:00:00,32.774,32.81,32.745,32.792,0
2025-05-09 15:00:00,32.785,32.805,32.693,32.742,0
2025-05-09 16:00:00,32.741,32.772,32.483,32.491,0
2025-05-11 18:00:00,32.296,32.664,32.296,32.518,0
2025-05-11 19:00:00,32.483,32.662,32.477,32.643,0
2025-05-11 20:00:00,32.642,32.69,32.547,32.644,0
2025-05-11 21:00:00,32.643,32.711,32.47,32.51,0
2025-05-11 22:00:00,32.513,32.751,32.51,32.616,0
2025-05-11 23:00:00,32.614,32.813,32.597,32.797,0
2025-05-12 00:00:00,32.796,32.891,32.791,32.87,0
2025-05-12 01:00:00,32.869,32.906,32.759,32.899,0
2025-05-12 02:00:00,32.899,32.973,32.878,32.959,0
2025-05-12 03:00:00,32.956,32.984,31.909,32.04,0
2025-05-12 04:00:00,32.055,32.308,31.857,32.261,0
2025-05-12 05:00:00,32.259,32.334,32.111,32.129,0
2025-05-12 06:00:00,32.127,32.176,31.924,32.017,0
2025-05-12 07:00:00,32.012,32.397,32.0,32.309,0
2025-05-12 08:00:00,32.306,32.485,32.133,32.485,0
2025-05-12 09:00:00,32.487,32.728,32.479,32.544,0
2025-05-12 10:00:00,32.55,32.701,32.474,32.587,0
2025-05-12 11:00:00,32.58,32.641,32.485,32.546,0
2025-05-12 12:00:00,32.54,32.553,32.412,32.463,0
2025-05-12 13:00:00,32.466,32.468,32.348,32.407,0
2025-05-12 14:00:00,32.408,32.503,32.382,32.489,0
2025-05-12 15:00:00,32.49,32.58,32.477,32.557,0
2025-05-12 16:00:00,32.558,32.591,32.537,32.577,0
2025-05-12 18:00:00,32.535,32.606,32.535,32.558,0
2025-05-12 19:00:00,32.561,32.594,32.546,32.565,0
2025-05-12 20:00:00,32.566,32.616,32.52,32.539,0
2025-05-12 21:00:00,32.54,32.723,32.534,32.681,0
2025-05-12 22:00:00,32.684,32.834,32.674,32.725,0
2025-05-12 23:00:00,32.724,33.029,32.72,33.013,0
2025-05-13 00:00:00,33.013,33.063,32.976,33.03,0
2025-05-13 01:00:00,33.032,33.058,32.933,33.039,0
2025-05-13 02:00:00,33.04,33.14,32.965,33.119,0
2025-05-13 03:00:00,33.121,33.22,33.084,33.176,0
2025-05-13 04:00:00,33.179,33.199,33.075,33.126,0
2025-05-13 05:00:00,33.129,33.13,32.97,32.996,0
2025-05-13 06:00:00,32.991,33.054,32.934,33.015,0
2025-05-13 07:00:00,33.01,33.054,32.831,32.851,0
2025-05-13 08:00:00,32.85,32.888,32.507,32.727,0
2025-05-13 09:00:00,32.725,32.795,32.559,32.614,0
2025-05-13 10:00:00,32.607,32.949,32.594,32.883,0
2025-05-13 11:00:00,32.882,32.969,32.818,32.937,0
2025-05-13 12:00:00,32.935,32.986,32.9,32.963,0
2025-05-13 13:00:00,32.964,32.986,32.833,32.883,0
2025-05-13 14:00:00,32.882,32.904,32.828,32.868,0
2025-05-13 15:00:00,32.872,32.973,32.859,32.932,0
2025-05-13 16:00:00,32.928,32.937,32.891,32.893,0
2025-05-13 18:00:00,32.843,32.924,32.843,32.923,0
2025-05-13 19:00:00,32.921,32.955,32.912,32.932,0
2025-05-13 20:00:00,32.931,32.938,32.748,32.782,0
2025-05-13 21:00:00,32.783,32.875,32.726,32.751,0
2025-05-13 22:00:00,32.75,32.764,32.609,32.622,0
2025-05-13 23:00:00,32.621,32.654,32.586,32.623,0
2025-05-14 00:00:00,32.622,32.634,32.569,32.576,0
2025-05-14 01:00:00,32.576,32.715,32.495,32.713,0
2025-05-14 02:00:00,32.716,32.786,32.693,32.716,0
2025-05-14 03:00:00,32.721,32.914,32.702,32.899,0
2025-05-14 04:00:00,32.886,32.924,32.799,32.827,0
2025-05-14 05:00:00,32.817,32.842,32.747,32.767,0
2025-05-14 06:00:00,32.766,32.892,32.756,32.881,0
2025-05-14 07:00:00,32.873,32.922,32.833,32.855,0
2025-05-14 08:00:00,32.86,32.908,32.182,32.219,0
2025-05-14 09:00:00,32.225,32.44,32.112,32.345,0
2025-05-14 10:00:00,32.351,32.363,32.165,32.188,0
2025-05-14 11:00:00,32.193,32.3,32.175,32.27,0
2025-05-14 12:00:00,32.27,32.298,32.125,32.29,0
2025-05-14 13:00:00,32.288,32.298,32.231,32.233,0
2025-05-14 14:00:00,32.234,32.245,32.107,32.109,0
2025-05-14 15:00:00,32.108,32.144,32.061,32.141,0
2025-05-14 16:00:00,32.14,32.224,32.114,32.201,0
2025-05-14 18:00:00,32.172,32.23,32.123,32.123,0
2025-05-14 19:00:00,32.098,32.214,32.098,32.2,0
2025-05-14 20:00:00,32.202,32.229,32.116,32.217,0
2025-05-14 21:00:00,32.215,32.284,32.089,32.122,0
2025-05-14 22:00:00,32.121,32.136,31.943,31.985,0
2025-05-14 23:00:00,31.983,32.014,31.79,31.855,0
2025-05-15 00:00:00,31.854,31.874,31.755,31.762,0
2025-05-15 01:00:00,31.761,31.822,31.705,31.802,0
2025-05-15 02:00:00,31.803,31.969,31.756,31.93,0
2025-05-15 03:00:00,31.928,31.986,31.637,31.784,0
2025-05-15 04:00:00,31.783,31.931,31.727,31.897,0
2025-05-15 05:00:00,31.894,32.084,31.862,31.956,0
2025-05-15 06:00:00,31.962,32.093,31.941,32.073,0
2025-05-15 07:00:00,32.074,32.198,32.048,32.171,0
2025-05-15 08:00:00,32.17,32.227,32.06,32.155,0
2025-05-15 09:00:00,32.157,32.256,32.096,32.215,0
2025-05-15 10:00:00,32.214,32.354,32.15,32.338,0
2025-05-15 11:00:00,32.34,32.524,32.333,32.523,0
2025-05-15 12:00:00,32.523,32.542,32.468,32.51,0
2025-05-15 13:00:00,32.512,32.547,32.449,32.468,0
2025-05-15 14:00:00,32.469,32.506,32.429,32.447,0
2025-05-15 15:00:00,32.448,32.569,32.435,32.559,0
2025-05-15 16:00:00,32.557,32.642,32.548,32.628,0
2025-05-15 18:00:00,32.609,32.679,32.539,32.652,0
2025-05-15 19:00:00,32.652,32.676,32.609,32.622,0
2025-05-15 20:00:00,32.621,32.658,32.572,32.583,0
2025-05-15 21:00:00,32.582,32.625,32.452,32.505,0
2025-05-15 22:00:00,32.504,32.522,32.435,32.453,0
2025-05-15 23:00:00,32.452,32.453,32.325,32.354,0
2025-05-16 00:00:00,32.354,32.419,32.338,32.398,0
2025-05-16 01:00:00,32.397,32.457,32.389,32.421,0
2025-05-16 02:00:00,32.422,32.467,32.338,32.37,0
2025-05-16 03:00:00,32.371,32.383,32.277,32.291,0
2025-05-16 04:00:00,32.29,32.304,32.193,32.243,0
2025-05-16 05:00:00,32.245,32.312,32.202,32.286,0
2025-05-16 06:00:00,32.285,32.296,32.094,32.127,0
2025-05-16 07:00:00,32.133,32.141,31.884,31.963,0
2025-05-16 08:00:00,31.959,32.058,31.852,31.942,0
2025-05-16 09:00:00,31.941,32.291,31.941,32.245,0
2025-05-16 10:00:00,32.241,32.311,31.984,32.02,0
2025-05-16 11:00:00,32.016,32.204,31.986,32.189,0
2025-05-16 12:00:00,32.188,32.247,32.15,32.193,0
2025-05-16 13:00:00,32.195,32.224,32.163,32.201,0
2025-05-16 14:00:00,32.2,32.243,32.191,32.223,0
2025-05-16 15:00:00,32.225,32.259,32.211,32.23,0
2025-05-16 16:00:00,32.229,32.291,32.223,32.244,0
2025-05-18 18:00:00,32.32,32.45,32.251,32.437,0
2025-05-18 19:00:00,32.435,32.507,32.4,32.455,0
2025-05-18 20:00:00,32.459,32.534,32.429,32.523,0
2025-05-18 21:00:00,32.522,32.546,32.363,32.399,0
2025-05-18 22:00:00,32.395,32.444,32.332,32.397,0
2025-05-18 23:00:00,32.396,32.437,32.264,32.275,0
2025-05-19 00:00:00,32.274,32.348,32.253,32.332,0
2025-05-19 01:00:00,32.333,32.411,32.333,32.386,0
2025-05-19 02:00:00,32.388,32.465,32.362,32.416,0
2025-05-19 03:00:00,32.414,32.502,32.405,32.445,0
2025-05-19 04:00:00,32.439,32.598,32.409,32.585,0
2025-05-19 05:00:00,32.591,32.603,32.456,32.537,0
2025-05-19 06:00:00,32.539,32.6,32.436,32.549,0
2025-05-19 07:00:00,32.548,32.602,32.505,32.589,0
2025-05-19 08:00:00,32.588,32.612,32.367,32.374,0
2025-05-19 09:00:00,32.372,32.414,32.265,32.314,0
2025-05-19 10:00:00,32.313,32.383,32.22,32.358,0
2025-05-19 11:00:00,32.361,32.464,32.327,32.405,0
2025-05-19 12:00:00,32.396,32.416,32.326,32.385,0
2025-05-19 13:00:00,32.386,32.389,32.288,32.3,0
2025-05-19 14:00:00,32.301,32.381,32.289,32.362,0
2025-05-19 15:00:00,32.364,32.381,32.328,32.343,0
2025-05-19 16:00:00,32.344,32.371,32.327,32.337,0
2025-05-19 18:00:00,32.312,32.357,32.312,32.325,0
2025-05-19 19:00:00,32.327,32.355,32.307,32.346,0
2025-05-19 20:00:00,32.347,32.358,32.289,32.311,0
2025-05-19 21:00:00,32.313,32.393,32.278,32.302,0
2025-05-19 22:00:00,32.304,32.323,32.189,32.214,0
2025-05-19 23:00:00,32.215,32.239,32.161,32.176,0
2025-05-20 00:00:00,32.178,32.223,32.125,32.209,0
2025-05-20 01:00:00,32.208,32.31,32.203,32.254,0
2025-05-20 02:00:00,32.256,32.306,32.137,32.158,0
2025-05-20 03:00:00,32.161,32.304,32.114,32.273,0
2025-05-20 04:00:00,32.273,32.387,32.232,32.374,0
2025-05-20 05:00:00,32.376,32.41,32.346,32.4,0
2025-05-20 06:00:00,32.404,32.5,32.374,32.488,0
2025-05-20 07:00:00,32.49,32.578,32.475,32.53,0
2025-05-20 08:00:00,32.528,32.639,32.448,32.596,0
2025-05-20 09:00:00,32.59,32.609,32.424,32.605,0
2025-05-20 10:00:00,32.606,32.901,32.583,32.851,0
2025-05-20 11:00:00,32.861,32.901,32.782,32.856,0
2025-05-20 12:00:00,32.855,32.983,32.834,32.971,0
2025-05-20 13:00:00,32.966,33.021,32.956,33.015,0
2025-05-20 14:00:00,33.013,33.036,32.968,32.997,0
2025-05-20 15:00:00,32.996,33.12,32.987,33.11,0
2025-05-20 16:00:00,33.109,33.119,33.06,33.068,0
2025-05-20 18:00:00,33.04,33.136,33.04,33.112,0
2025-05-20 19:00:00,33.111,33.142,33.077,33.085,0
2025-05-20 20:00:00,33.087,33.163,33.072,33.144,0
2025-05-20 21:00:00,33.143,33.167,32.913,32.98,0
2025-05-20 22:00:00,32.982,33.059,32.951,32.988,0
2025-05-20 23:00:00,32.986,33.06,32.978,33.039,0
2025-05-21 00:00:00,33.038,33.108,33.007,33.071,0
2025-05-21 01:00:00,33.069,33.172,33.043,33.158,0
2025-05-21 02:00:00,33.159,33.182,33.09,33.144,0
2025-05-21 03:00:00,33.146,33.183,33.049,33.172,0
2025-05-21 04:00:00,33.173,33.191,33.093,33.14,0
2025-05-21 05:00:00,33.142,33.181,33.099,33.149,0
2025-05-21 06:00:00,33.149,33.2,33.077,33.138,0
2025-05-21 07:00:00,33.139,33.203,33.07,33.11,0
2025-05-21 08:00:00,33.108,33.195,32.965,33.15,0
2025-05-21 09:00:00,33.152,33.221,33.1,33.164,0
2025-05-21 10:00:00,33.165,33.351,33.088,33.337,0
2025-05-21 11:00:00,33.337,33.501,33.31,33.391,0
2025-05-21 12:00:00,33.392,33.466,33.383,33.418,0
2025-05-21 13:00:00,33.409,33.509,33.203,33.375,0
2025-05-21 14:00:00,33.374,33.411,33.311,33.395,0
2025-05-21 15:00:00,33.395,33.553,33.392,33.535,0
2025-05-21 16:00:00,33.53,33.56,33.359,33.362,0
2025-05-21 18:00:00,33.402,33.474,33.395,33.459,0
2025-05-21 19:00:00,33.458,33.513,33.414,33.439,0
2025-05-21 20:00:00,33.439,33.534,33.424,33.495,0
2025-05-21 21:00:00,33.496,33.545,33.391,33.509,0
2025-05-21 22:00:00,33.51,33.573,33.485,33.553,0
2025-05-21 23:00:00,33.552,33.601,33.516,33.568,0
2025-05-22 00:00:00,33.568,33.684,33.561,33.656,0
2025-05-22 01:00:00,33.655,33.685,33.527,33.599,0
2025-05-22 02:00:00,33.602,33.634,33.441,33.468,0
2025-05-22 03:00:00,33.468,33.552,33.428,33.455,0
2025-05-22 04:00:00,33.454,33.461,33.323,33.337,0
2025-05-22 05:00:00,33.333,33.337,33.164,33.198,0
2025-05-22 06:00:00,33.194,33.214,32.701,32.741,0
2025-05-22 07:00:00,32.741,32.846,32.596,32.839,0
2025-05-22 08:00:00,32.836,33.092,32.705,33.075,0
2025-05-22 09:00:00,33.081,33.186,32.803,32.806,0
2025-05-22 10:00:00,32.807,33.013,32.753,32.951,0
2025-05-22 11:00:00,32.949,33.022,32.833,33.005,0
2025-05-22 12:00:00,33.008,33.089,32.988,33.066,0
2025-05-22 13:00:00,33.062,33.106,33.011,33.097,0
2025-05-22 14:00:00,33.097,33.112,33.072,33.099,0
2025-05-22 15:00:00,33.096,33.12,33.004,33.025,0
2025-05-22 16:00:00,33.027,33.05,33.004,33.036,0
2025-05-22 18:00:00,33.03,33.065,33.007,33.053,0
2025-05-22 19:00:00,33.053,33.066,33.018,33.029,0
2025-05-22 20:00:00,33.029,33.096,33.012,33.047,0
2025-05-22 21:00:00,33.04,33.13,33.026,33.123,0
2025-05-22 22:00:00,33.119,33.13,33.0,33.076,0
2025-05-22 23:00:00,33.074,33.146,33.069,33.13,0
2025-05-23 00:00:00,33.128,33.177,33.127,33.161,0
2025-05-23 01:00:00,33.165,33.198,33.136,33.179,0
2025-05-23 02:00:00,33.181,33.218,33.139,33.177,0
2025-05-23 03:00:00,33.185,33.285,33.175,33.221,0
2025-05-23 04:00:00,33.221,33.262,33.159,33.199,0
2025-05-23 05:00:00,33.206,33.217,33.085,33.145,0
2025-05-23 06:00:00,33.147,33.161,33.061,33.095,0
2025-05-23 07:00:00,33.095,33.141,32.968,33.082,0
2025-05-23 08:00:00,33.085,33.223,32.885,33.164,0
2025-05-23 09:00:00,33.172,33.231,33.026,33.044,0
2025-05-23 10:00:00,33.044,33.302,33.011,33.284,0
2025-05-23 11:00:00,33.286,33.35,33.223,33.296,0
2025-05-23 12:00:00,33.296,33.41,33.258,33.379,0
2025-05-23 13:00:00,33.378,33.472,33.373,33.443,0
2025-05-23 14:00:00,33.44,33.518,33.432,33.479,0
2025-05-23 15:00:00,33.48,33.531,33.433,33.457,0
2025-05-23 16:00:00,33.455,33.523,33.289,33.47,0
2025-05-25 18:00:00,33.421,33.54,33.384,33.453,0
2025-05-25 19:00:00,33.453,33.53,33.409,33.421,0
2025-05-25 20:00:00,33.422,33.459,33.342,33.426,0
2025-05-25 21:00:00,33.42,33.531,33.342,33.503,0
2025-05-25 22:00:00,33.502,33.558,33.454,33.5,0
2025-05-25 23:00:00,33.496,33.521,33.42,33.454,0
2025-05-26 00:00:00,33.455,33.518,33.44,33.494,0
2025-05-26 01:00:00,33.494,33.537,33.478,33.529,0
2025-05-26 02:00:00,33.53,33.542,33.457,33.468,0
2025-05-26 03:00:00,33.459,33.522,33.351,33.496,0
2025-05-26 04:00:00,33.497,33.524,33.373,33.443,0
2025-05-26 05:00:00,33.445,33.477,33.223,33.307,0
2025-05-26 06:00:00,33.311,33.367,33.296,33.343,0
2025-05-26 07:00:00,33.35,33.362,33.295,33.344,0
2025-05-26 08:00:00,33.347,33.396,33.321,33.385,0
2025-05-26 09:00:00,33.387,33.391,33.294,33.298,0
2025-05-26 10:00:00,33.296,33.368,33.284,33.31,0
2025-05-26 11:00:00,33.313,33.377,33.312,33.354,0
2025-05-26 12:00:00,33.359,33.458,33.344,33.43,0
2025-05-26 13:00:00,33.427,33.456,33.412,33.447,0
2025-05-26 14:00:00,33.446,33.473,33.444,33.47,0
2025-05-26 18:00:00,33.457,33.493,33.411,33.431,0
2025-05-26 19:00:00,33.429,33.441,33.383,33.396,0
2025-05-26 20:00:00,33.395,33.506,33.394,33.501,0
2025-05-26 21:00:00,33.502,33.516,33.272,33.326,0
2025-05-26 22:00:00,33.324,33.407,33.302,33.38,0
2025-05-26 23:00:00,33.381,33.392,33.293,33.3,0
2025-05-27 00:00:00,33.3,33.34,33.23,33.25,0
2025-05-27 01:00:00,33.251,33.265,33.074,33.214,0
2025-05-27 02:00:00,33.215,33.316,33.068,33.122,0
2025-05-27 03:00:00,33.12,33.138,32.957,32.985,0
2025-05-27 04:00:00,32.985,33.099,32.956,33.05,0
2025-05-27 05:00:00,33.049,33.162,32.99,33.01,0
2025-05-27 06:00:00,33.004,33.069,32.857,32.881,0
2025-05-27 07:00:00,32.883,32.976,32.834,32.839,0
2025-05-27 08:00:00,32.846,33.039,32.748,32.858,0
2025-05-27 09:00:00,32.859,33.113,32.857,33.027,0
2025-05-27 10:00:00,33.021,33.141,32.971,33.022,0
2025-05-27 11:00:00,33.017,33.107,32.995,33.084,0
2025-05-27 12:00:00,33.084,33.159,33.064,33.151,0
2025-05-27 13:00:00,33.154,33.21,33.132,33.185,0
2025-05-27 14:00:00,33.184,33.261,33.176,33.229,0
2025-05-27 15:00:00,33.22,33.257,33.181,33.241,0
2025-05-27 16:00:00,33.236,33.264,33.209,33.241,0
2025-05-27 18:00:00,33.241,33.27,33.192,33.253,0
2025-05-27 19:00:00,33.243,33.281,33.231,33.263,0
2025-05-27 20:00:00,33.263,33.292,33.241,33.25,0
2025-05-27 21:00:00,33.251,33.279,33.2,33.228,0
2025-05-27 22:00:00,33.229,33.325,33.218,33.305,0
2025-05-27 23:00:00,33.307,33.338,33.209,33.269,0
2025-05-28 00:00:00,33.274,33.289,33.221,33.248,0
2025-05-28 01:00:00,33.247,33.307,33.242,33.274,0
2025-05-28 02:00:00,33.277,33.281,33.115,33.177,0
2025-05-28 03:00:00,33.185,33.353,33.173,33.348,0
2025-05-28 04:00:00,33.351,33.381,33.295,33.358,0
2025-05-28 05:00:00,33.362,33.424,33.324,33.409,0
2025-05-28 06:00:00,33.409,33.409,33.271,33.286,0
2025-05-28 07:00:00,33.284,33.296,33.159,33.246,0
2025-05-28 08:00:00,33.241,33.269,33.161,33.225,0
2025-05-28 09:00:00,33.221,33.255,33.073,33.127,0
2025-05-28 10:00:00,33.132,33.24,33.046,33.094,0
2025-05-28 11:00:00,33.093,33.104,32.971,32.983,0
2025-05-28 12:00:00,32.989,33.027,32.945,32.984,0
2025-05-28 13:00:00,32.986,33.042,32.97,33.0,0
2025-05-28 14:00:00,32.996,33.039,32.993,33.011,0
2025-05-28 15:00:00,33.012,33.036,32.942,32.948,0
2025-05-28 16:00:00,32.953,32.999,32.895,32.954,0
2025-05-28 18:00:00,32.927,32.988,32.907,32.968,0
2025-05-28 19:00:00,32.968,32.968,32.684,32.866,0
2025-05-28 20:00:00,32.864,33.009,32.805,32.952,0
2025-05-28 21:00:00,32.954,33.129,32.831,33.119,0
2025-05-28 22:00:00,33.117,33.167,33.057,33.135,0
2025-05-28 23:00:00,33.135,33.218,33.114,33.18,0
2025-05-29 00:00:00,33.185,33.221,33.166,33.188,0
2025-05-29 01:00:00,33.189,33.247,33.167,33.226,0
2025-05-29 02:00:00,33.228,33.274,33.109,33.135,0
2025-05-29 03:00:00,33.136,33.333,33.115,33.311,0
2025-05-29 04:00:00,33.311,33.354,33.208,33.322,0
2025-05-29 05:00:00,33.321,33.345,33.227,33.287,0
2025-05-29 06:00:00,33.283,33.429,33.276,33.386,0
2025-05-29 07:00:00,33.385,33.461,33.348,33.409,0
2025-05-29 08:00:00,33.408,33.489,33.305,33.355,0
2025-05-29 09:00:00,33.352,33.371,33.12,33.134,0
2025-05-29 10:00:00,33.138,33.19,33.055,33.141,0
2025-05-29 11:00:00,33.136,33.272,33.125,33.253,0
2025-05-29 12:00:00,33.255,33.345,33.224,33.31,0
2025-05-29 13:00:00,33.309,33.329,33.265,33.301,0
2025-05-29 14:00:00,33.298,33.341,33.261,33.307,0
2025-05-29 15:00:00,33.306,33.345,33.285,33.336,0
2025-05-29 16:00:00,33.337,33.352,33.29,33.302,0
2025-05-29 18:00:00,33.298,33.328,33.25,33.26,0
2025-05-29 19:00:00,33.261,33.271,33.231,33.251,0
2025-05-29 20:00:00,33.248,33.274,33.207,33.218,0
2025-05-29 21:00:00,33.221,33.273,33.15,33.163,0
2025-05-29 22:00:00,33.162,33.184,32.97,32.993,0
2025-05-29 23:00:00,32.993,33.085,32.937,32.955,0
2025-05-30 00:00:00,32.948,32.992,32.92,32.974,0
2025-05-30 01:00:00,32.979,33.123,32.971,33.105,0
2025-05-30 02:00:00,33.103,33.147,33.031,33.139,0
2025-05-30 03:00:00,33.138,33.153,33.019,33.13,0
2025-05-30 04:00:00,33.132,33.19,33.099,33.17,0
2025-05-30 05:00:00,33.168,33.195,33.079,33.113,0
2025-05-30 06:00:00,33.111,33.162,33.068,33.071,0
2025-05-30 07:00:00,33.071,33.145,32.976,33.094,0
2025-05-30 08:00:00,33.103,33.3,32.95,33.245,0
2025-05-30 09:00:00,33.252,33.261,32.94,32.94,0
2025-05-30 10:00:00,32.942,33.132,32.865,32.962,0
2025-05-30 11:00:00,32.965,33.06,32.889,32.932,0
2025-05-30 12:00:00,32.93,32.987,32.75,32.873,0
2025-05-30 13:00:00,32.872,32.941,32.854,32.869,0
2025-05-30 14:00:00,32.871,32.993,32.865,32.969,0
2025-05-30 15:00:00,32.968,33.003,32.956,32.978,0
2025-05-30 16:00:00,32.985,32.992,32.957,32.972,0
2025-06-01 18:00:00,33.003,33.124,32.958,33.08,0
2025-06-01 19:00:00,33.069,33.114,33.046,33.059,0
2025-06-01 20:00:00,33.065,33.122,32.991,33.067,0
2025-06-01 21:00:00,33.071,33.114,32.948,32.955,0
2025-06-01 22:00:00,32.957,33.072,32.939,33.024,0
2025-06-01 23:00:00,33.024,33.055,32.947,33.019,0
2025-06-02 00:00:00,33.026,33.127,33.016,33.081,0
2025-06-02 01:00:00,33.081,33.163,33.075,33.153,0
2025-06-02 02:00:00,33.158,33.218,33.132,33.197,0
2025-06-02 03:00:00,33.196,33.564,33.196,33.413,0
2025-06-02 04:00:00,33.408,33.498,33.377,33.394,0
2025-06-02 05:00:00,33.392,33.411,33.227,33.296,0
2025-06-02 06:00:00,33.301,33.318,33.173,33.293,0
2025-06-02 07:00:00,33.292,33.337,33.2,33.272,0
2025-06-02 08:00:00,33.275,33.707,33.256,33.672,0
2025-06-02 09:00:00,33.669,34.174,33.662,34.139,0
2025-06-02 10:00:00,34.139,34.423,33.861,34.292,0
2025-06-02 11:00:00,34.285,34.463,34.284,34.423,0
2025-06-02 12:00:00,34.424,34.506,34.328,34.501,0
2025-06-02 13:00:00,34.493,34.602,34.486,34.545,0
2025-06-02 14:00:00,34.538,34.651,34.499,34.62,0
2025-06-02 15:00:00,34.615,34.739,34.603,34.737,0
2025-06-02 16:00:00,34.732,34.779,34.691,34.741,0
2025-06-02 18:00:00,34.73,34.743,34.675,34.728,0
2025-06-02 19:00:00,34.692,34.751,34.625,34.711,0
2025-06-02 20:00:00,34.715,34.738,34.53,34.553,0
2025-06-02 21:00:00,34.555,34.626,34.101,34.184,0
2025-06-02 22:00:00,34.182,34.231,34.015,34.02,0
2025-06-02 23:00:00,34.02,34.08,33.944,34.024,0
2025-06-03 00:00:00,34.028,34.184,34.019,34.173,0
2025-06-03 01:00:00,34.167,34.234,34.144,34.208,0
2025-06-03 02:00:00,34.205,34.227,34.062,34.178,0
2025-06-03 03:00:00,34.176,34.219,34.016,34.219,0
2025-06-03 04:00:00,34.217,34.27,34.166,34.24,0
2025-06-03 05:00:00,34.228,34.282,34.171,34.209,0
2025-06-03 06:00:00,34.208,34.28,34.2,34.231,0
2025-06-03 07:00:00,34.225,34.298,34.225,34.287,0
2025-06-03 08:00:00,34.279,34.403,34.199,34.384,0
2025-06-03 09:00:00,34.388,34.452,34.259,34.271,0
2025-06-03 10:00:00,34.271,34.507,34.091,34.494,0
2025-06-03 11:00:00,34.489,34.526,34.343,34.43,0
2025-06-03 12:00:00,34.429,34.444,34.365,34.423,0
2025-06-03 13:00:00,34.421,34.537,34.416,34.523,0
2025-06-03 14:00:00,34.525,34.572,34.478,34.571,0
2025-06-03 15:00:00,34.568,34.598,34.551,34.571,0
2025-06-03 16:00:00,34.57,34.596,34.49,34.497,0
2025-06-03 18:00:00,34.497,34.549,34.467,34.536,0
2025-06-03 19:00:00,34.512,34.581,34.512,34.581,0
2025-06-03 20:00:00,34.569,34.592,34.489,34.504,0
2025-06-03 21:00:00,34.505,34.637,34.46,34.629,0
2025-06-03 22:00:00,34.629,34.634,34.521,34.542,0
2025-06-03 23:00:00,34.541,34.554,34.444,34.47,0
2025-06-04 00:00:00,34.47,34.56,34.448,34.449,0
2025-06-04 01:00:00,34.45,34.472,34.395,34.422,0
2025-06-04 02:00:00,34.423,34.469,34.39,34.42,0
2025-06-04 03:00:00,34.424,34.528,34.406,34.415,0
2025-06-04 04:00:00,34.414,34.55,34.397,34.534,0
2025-06-04 05:00:00,34.535,34.543,34.454,34.516,0
2025-06-04 06:00:00,34.507,34.549,34.164,34.337,0
2025-06-04 07:00:00,34.335,34.402,34.235,34.353,0
2025-06-04 08:00:00,34.346,34.411,34.213,34.328,0
2025-06-04 09:00:00,34.329,34.475,34.312,34.39,0
2025-06-04 10:00:00,34.38,34.561,34.355,34.488,0
2025-06-04 11:00:00,34.488,34.506,34.334,34.406,0
2025-06-04 12:00:00,34.407,34.455,34.38,34.437,0
2025-06-04 13:00:00,34.429,34.507,34.405,34.473,0
2025-06-04 14:00:00,34.471,34.542,34.431,34.481,0
2025-06-04 15:00:00,34.478,34.512,34.433,34.466,0
2025-06-04 16:00:00,34.465,34.525,34.424,34.427,0
2025-06-04 18:00:00,34.438,34.529,34.438,34.478,0
2025-06-04 19:00:00,34.457,34.526,34.455,34.495,0
2025-06-04 20:00:00,34.492,34.55,34.439,34.523,0
2025-06-04 21:00:00,34.516,34.564,34.482,34.504,0
2025-06-04 22:00:00,34.503,34.54,34.469,34.52,0
2025-06-04 23:00:00,34.524,34.583,34.467,34.484,0
2025-06-05 00:00:00,34.483,34.534,34.428,34.455,0
2025-06-05 01:00:00,34.457,34.506,34.419,34.47,0
2025-06-05 02:00:00,34.475,34.524,34.445,34.481,0
2025-06-05 03:00:00,34.48,34.611,34.467,34.602,0
2025-06-05 04:00:00,34.6,34.854,34.593,34.831,0
2025-06-05 05:00:00,34.836,35.804,34.834,35.542,0
2025-06-05 06:00:00,35.546,35.837,35.508,35.784,0
2025-06-05 07:00:00,35.782,35.941,35.68,35.696,0
2025-06-05 08:00:00,35.693,36.056,35.687,35.749,0
2025-06-05 09:00:00,35.748,36.049,35.513,35.774,0
2025-06-05 10:00:00,35.777,35.985,35.634,35.78,0
2025-06-05 11:00:00,35.781,35.845,35.285,35.387,0
2025-06-05 12:00:00,35.383,35.611,35.301,35.583,0
2025-06-05 13:00:00,35.576,35.668,35.536,35.659,0
2025-06-05 14:00:00,35.658,35.666,35.555,35.605,0
2025-06-05 15:00:00,35.602,35.69,35.595,35.683,0
2025-06-05 16:00:00,35.679,35.688,35.617,35.619,0
2025-06-05 18:00:00,35.607,35.734,35.561,35.679,0
2025-06-05 19:00:00,35.671,35.739,35.659,35.708,0
2025-06-05 20:00:00,35.705,35.742,35.686,35.733,0
2025-06-05 21:00:00,35.732,35.933,35.688,35.888,0
2025-06-05 22:00:00,35.891,36.056,35.828,35.987,0
2025-06-05 23:00:00,35.986,36.056,35.904,36.022,0
2025-06-06 00:00:00,36.025,36.157,35.993,36.139,0
2025-06-06 01:00:00,36.135,36.169,35.891,36.024,0
2025-06-06 02:00:00,36.026,36.167,35.98,36.145,0
2025-06-06 03:00:00,36.146,36.206,36.017,36.146,0
2025-06-06 04:00:00,36.147,36.257,36.06,36.211,0
2025-06-06 05:00:00,36.211,36.216,35.978,36.095,0
2025-06-06 06:00:00,36.093,36.231,36.091,36.226,0
2025-06-06 07:00:00,36.229,36.23,36.079,36.092,0
2025-06-06 08:00:00,36.098,36.322,35.902,36.176,0
2025-06-06 09:00:00,36.169,36.319,36.077,36.094,0
2025-06-06 10:00:00,36.091,36.129,35.799,35.842,0
2025-06-06 11:00:00,35.839,36.075,35.823,36.05,0
2025-06-06 12:00:00,36.054,36.094,35.891,35.912,0
2025-06-06 13:00:00,35.91,36.03,35.907,36.023,0
2025-06-06 14:00:00,36.024,36.028,35.93,35.983,0
2025-06-06 15:00:00,35.983,36.028,35.924,35.943,0
2025-06-06 16:00:00,35.945,36.003,35.909,35.961,0
2025-06-08 18:00:00,36.001,36.086,35.948,36.02,0
2025-06-08 19:00:00,36.012,36.063,35.993,36.04,0
2025-06-08 20:00:00,36.038,36.053,35.906,35.938,0
2025-06-08 21:00:00,35.943,36.071,35.898,35.937,0
2025-06-08 22:00:00,35.935,36.055,35.905,36.0,0
2025-06-08 23:00:00,35.998,36.02,35.934,35.985,0
2025-06-09 00:00:00,35.981,36.063,35.956,36.037,0
2025-06-09 01:00:00,36.036,36.098,36.01,36.076,0
2025-06-09 02:00:00,36.077,36.28,36.038,36.272,0
2025-06-09 03:00:00,36.278,36.403,36.231,36.276,0
2025-06-09 04:00:00,36.288,36.426,36.255,36.274,0
2025-06-09 05:00:00,36.278,36.34,36.128,36.245,0
2025-06-09 06:00:00,36.24,36.308,36.19,36.242,0
2025-06-09 07:00:00,36.247,36.349,36.203,36.349,0
2025-06-09 08:00:00,36.352,36.393,36.247,36.322,0
2025-06-09 09:00:00,36.324,36.454,36.238,36.417,0
2025-06-09 10:00:00,36.418,36.677,36.411,36.581,0
2025-06-09 11:00:00,36.574,36.683,36.561,36.614,0
2025-06-09 12:00:00,36.615,36.708,36.598,36.622,0
2025-06-09 13:00:00,36.624,36.741,36.592,36.723,0
2025-06-09 14:00:00,36.714,36.876,36.713,36.843,0
2025-06-09 15:00:00,36.839,36.869,36.675,36.707,0
2025-06-09 16:00:00,36.712,36.769,36.706,36.743,0
2025-06-09 18:00:00,36.722,36.787,36.721,36.778,0
2025-06-09 19:00:00,36.772,36.817,36.766,36.79,0
2025-06-09 20:00:00,36.79,36.791,36.567,36.575,0
2025-06-09 21:00:00,36.574,36.586,36.293,36.416,0
2025-06-09 22:00:00,36.416,36.504,36.328,36.497,0
2025-06-09 23:00:00,36.503,36.545,36.447,36.521,0
2025-06-10 00:00:00,36.516,36.535,36.443,36.5,0
2025-06-10 01:00:00,36.498,36.622,36.443,36.482,0
2025-06-10 02:00:00,36.483,36.575,36.429,36.429,0
2025-06-10 03:00:00,36.428,36.533,36.404,36.477,0
2025-06-10 04:00:00,36.48,36.541,36.465,36.526,0
2025-06-10 05:00:00,36.525,36.649,36.512,36.637,0
2025-06-10 06:00:00,36.637,36.773,36.558,36.76,0
2025-06-10 07:00:00,36.762,36.796,36.666,36.708,0
2025-06-10 08:00:00,36.704,36.764,36.536,36.556,0
2025-06-10 09:00:00,36.556,36.72,36.532,36.547,0
2025-06-10 10:00:00,36.555,36.56,36.305,36.383,0
2025-06-10 11:00:00,36.385,36.496,36.34,36.417,0
2025-06-10 12:00:00,36.425,36.516,36.4,36.467,0
2025-06-10 13:00:00,36.471,36.569,36.449,36.545,0
2025-06-10 14:00:00,36.545,36.545,36.438,36.464,0
2025-06-10 15:00:00,36.461,36.592,36.46,36.534,0
2025-06-10 16:00:00,36.537,36.578,36.457,36.461,0
2025-06-10 18:00:00,36.52,36.566,36.502,36.556,0
2025-06-10 19:00:00,36.545,36.584,36.493,36.572,0
2025-06-10 20:00:00,36.573,36.605,36.531,36.594,0
2025-06-10 21:00:00,36.593,36.633,36.507,36.518,0
2025-06-10 22:00:00,36.51,36.6,36.481,36.561,0
2025-06-10 23:00:00,36.56,36.595,36.534,36.586,0
2025-06-11 00:00:00,36.58,36.615,36.565,36.574,0
2025-06-11 01:00:00,36.575,36.601,36.4,36.485,0
2025-06-11 02:00:00,36.485,36.565,36.357,36.559,0
2025-06-11 03:00:00,36.554,36.584,36.428,36.541,0
2025-06-11 04:00:00,36.534,36.554,36.453,36.486,0
2025-06-11 05:00:00,36.488,36.488,36.002,36.284,0
2025-06-11 06:00:00,36.288,36.352,36.166,36.192,0
2025-06-11 07:00:00,36.191,36.276,36.084,36.238,0
2025-06-11 08:00:00,36.239,36.549,36.156,36.322,0
2025-06-11 09:00:00,36.323,36.433,36.017,36.089,0
2025-06-11 10:00:00,36.087,36.333,36.07,36.271,0
2025-06-11 11:00:00,36.272,36.338,36.179,36.262,0
2025-06-11 12:00:00,36.264,36.286,36.138,36.155,0
2025-06-11 13:00:00,36.156,36.198,36.04,36.076,0
2025-06-11 14:00:00,36.073,36.224,36.055,36.129,0
2025-06-11 15:00:00,36.13,36.221,36.042,36.22,0
2025-06-11 16:00:00,36.213,36.266,36.199,36.215,0
2025-06-11 18:00:00,36.253,36.339,35.97,36.321,0
2025-06-11 19:00:00,36.307,36.355,36.25,36.346,0
2025-06-11 20:00:00,36.348,36.368,36.266,36.297,0
2025-06-11 21:00:00,36.3,36.376,36.286,36.308,0
2025-06-11 22:00:00,36.3,36.353,36.253,36.306,0
2025-06-11 23:00:00,36.301,36.392,36.284,36.363,0
2025-06-12 00:00:00,36.362,36.371,36.319,36.335,0
2025-06-12 01:00:00,36.327,36.443,36.288,36.384,0
2025-06-12 02:00:00,36.387,36.4,36.214,36.29,0
2025-06-12 03:00:00,36.286,36.287,35.44,35.72,0
2025-06-12 04:00:00,35.725,35.99,35.678,35.926,0
2025-06-12 05:00:00,35.925,35.981,35.86,35.942,0
2025-06-12 06:00:00,35.943,36.26,35.91,36.198,0
2025-06-12 07:00:00,36.197,36.303,36.167,36.239,0
2025-06-12 08:00:00,36.245,36.309,36.111,36.289,0
2025-06-12 09:00:00,36.291,36.388,36.065,36.141,0
2025-06-12 10:00:00,36.143,36.285,36.102,36.257,0
2025-06-12 11:00:00,36.26,36.334,36.215,36.282,0
2025-06-12 12:00:00,36.28,36.294,36.187,36.233,0
2025-06-12 13:00:00,36.228,36.266,36.187,36.223,0
2025-06-12 14:00:00,36.222,36.281,36.213,36.26,0
2025-06-12 15:00:00,36.259,36.356,36.249,36.347,0
2025-06-12 16:00:00,36.352,36.361,36.308,36.335,0
2025-06-12 18:00:00,36.317,36.34,36.307,36.315,0
2025-06-12 19:00:00,36.315,36.388,36.294,36.384,0
2025-06-12 20:00:00,36.384,36.392,35.963,36.127,0
2025-06-12 21:00:00,36.119,36.514,36.085,36.509,0
2025-06-12 22:00:00,36.508,36.627,36.425,36.489,0
2025-06-12 23:00:00,36.49,36.504,36.131,36.246,0
2025-06-13 00:00:00,36.245,36.371,36.187,36.203,0
2025-06-13 01:00:00,36.206,36.321,36.135,36.291,0
2025-06-13 02:00:00,36.292,36.331,36.018,36.096,0
2025-06-13 03:00:00,36.099,36.325,35.961,36.26,0
2025-06-13 04:00:00,36.261,36.354,36.246,36.329,0
2025-06-13 05:00:00,36.331,36.448,36.303,36.378,0
2025-06-13 06:00:00,36.382,36.402,36.112,36.174,0
2025-06-13 07:00:00,36.173,36.238,36.048,36.219,0
2025-06-13 08:00:00,36.227,36.32,36.167,36.186,0
2025-06-13 09:00:00,36.186,36.357,36.117,36.152,0
2025-06-13 10:00:00,36.15,36.294,36.061,36.152,0
2025-06-13 11:00:00,36.154,36.256,36.102,36.191,0
2025-06-13 12:00:00,36.196,36.31,36.147,36.303,0
2025-06-13 13:00:00,36.308,36.329,36.239,36.285,0
2025-06-13 14:00:00,36.278,36.335,36.218,36.296,0
2025-06-13 15:00:00,36.298,36.329,36.215,36.248,0
2025-06-13 16:00:00,36.252,36.339,36.218,36.3,0
2025-06-15 18:00:00,36.339,36.389,36.04,36.255,0
2025-06-15 19:00:00,36.26,36.38,36.205,36.288,0
2025-06-15 20:00:00,36.283,36.301,36.146,36.181,0
2025-06-15 21:00:00,36.18,36.189,36.079,36.147,0
2025-06-15 22:00:00,36.148,36.38,36.146,36.31,0
2025-06-15 23:00:00,36.31,36.369,36.171,36.228,0
2025-06-16 00:00:00,36.226,36.267,36.191,36.206,0
2025-06-16 01:00:00,36.205,36.365,36.191,36.31,0
2025-06-16 02:00:00,36.306,36.528,36.305,36.443,0
2025-06-16 03:00:00,36.441,36.525,36.326,36.437,0
2025-06-16 04:00:00,36.438,36.465,36.311,36.4,0
2025-06-16 05:00:00,36.402,36.421,36.26,36.303,0
2025-06-16 06:00:00,36.307,36.415,36.302,36.387,0
2025-06-16 07:00:00,36.392,36.429,36.261,36.296,0
2025-06-16 08:00:00,36.303,36.483,36.279,36.455,0
2025-06-16 09:00:00,36.459,36.493,36.186,36.222,0
2025-06-16 10:00:00,36.226,36.415,36.197,36.351,0
2025-06-16 11:00:00,36.36,36.453,36.347,36.391,0
2025-06-16 12:00:00,36.396,36.414,36.327,36.39,0
2025-06-16 13:00:00,36.392,36.409,36.309,36.331,0
2025-06-16 14:00:00,36.328,36.342,36.273,36.311,0
2025-06-16 15:00:00,36.306,36.334,36.265,36.312,0
2025-06-16 16:00:00,36.308,36.332,36.228,36.238,0
2025-06-16 18:00:00,36.289,36.328,36.253,36.318,0
2025-06-16 19:00:00,36.311,36.383,36.272,36.311,0
2025-06-16 20:00:00,36.311,36.382,36.22,36.266,0
2025-06-16 21:00:00,36.266,36.389,36.266,36.369,0
2025-06-16 22:00:00,36.368,36.441,36.329,36.354,0
2025-06-16 23:00:00,36.351,36.383,36.116,36.228,0
2025-06-17 00:00:00,36.229,36.434,36.224,36.414,0
2025-06-17 01:00:00,36.409,36.442,36.379,36.421,0
2025-06-17 02:00:00,36.423,36.485,36.364,36.439,0
2025-06-17 03:00:00,36.442,36.482,36.347,36.448,0
2025-06-17 04:00:00,36.454,36.481,36.377,36.415,0
2025-06-17 05:00:00,36.409,36.571,36.332,36.559,0
2025-06-17 06:00:00,36.555,37.165,36.54,37.09,0
2025-06-17 07:00:00,37.098,37.23,36.926,36.992,0
2025-06-17 08:00:00,36.995,37.032,36.76,36.821,0
2025-06-17 09:00:00,36.819,37.112,36.734,37.09,0
2025-06-17 10:00:00,37.089,37.166,36.794,37.154,0
2025-06-17 11:00:00,37.154,37.224,37.076,37.18,0
2025-06-17 12:00:00,37.182,37.247,37.084,37.104,0
2025-06-17 13:00:00,37.106,37.108,36.994,37.055,0
2025-06-17 14:00:00,37.059,37.104,37.002,37.023,0
2025-06-17 15:00:00,37.025,37.109,37.024,37.099,0
2025-06-17 16:00:00,37.101,37.132,37.09,37.094,0
2025-06-17 18:00:00,37.102,37.154,37.089,37.103,0
2025-06-17 19:00:00,37.096,37.129,37.086,37.114,0
2025-06-17 20:00:00,37.111,37.167,37.053,37.119,0
2025-06-17 21:00:00,37.119,37.181,37.097,37.13,0
2025-06-17 22:00:00,37.122,37.172,37.043,37.157,0
2025-06-17 23:00:00,37.152,37.256,37.128,37.232,0
2025-06-18 00:00:00,37.236,37.279,37.221,37.251,0
2025-06-18 01:00:00,37.249,37.29,37.168,37.274,0
2025-06-18 02:00:00,37.275,37.303,37.079,37.212,0
2025-06-18 03:00:00,37.21,37.244,37.109,37.212,0
2025-06-18 04:00:00,37.211,37.256,37.159,37.166,0
2025-06-18 05:00:00,37.168,37.278,37.137,37.174,0
2025-06-18 06:00:00,37.177,37.245,37.083,37.151,0
2025-06-18 07:00:00,37.152,37.207,37.09,37.121,0
2025-06-18 08:00:00,37.12,37.16,36.91,37.036,0
2025-06-18 09:00:00,37.032,37.113,36.97,37.019,0
2025-06-18 10:00:00,37.017,37.033,36.624,36.85,0
2025-06-18 11:00:00,36.85,36.938,36.818,36.889,0
2025-06-18 12:00:00,36.889,36.938,36.881,36.901,0
2025-06-18 13:00:00,36.905,36.911,36.815,36.855,0
2025-06-18 14:00:00,36.858,36.982,36.699,36.739,0
2025-06-18 15:00:00,36.742,36.745,36.514,36.591,0
2025-06-18 16:00:00,36.595,36.753,36.557,36.726,0
2025-06-18 18:00:00,36.721,36.764,36.686,36.735,0
2025-06-18 19:00:00,36.727,36.752,36.688,36.737,0
2025-06-18 20:00:00,36.733,36.773,36.704,36.75,0
2025-06-18 21:00:00,36.754,36.762,36.602,36.607,0
2025-06-18 22:00:00,36.612,36.716,36.583,36.681,0
2025-06-18 23:00:00,36.684,36.772,36.676,36.743,0
2025-06-19 00:00:00,36.743,36.749,36.649,36.741,0
2025-06-19 01:00:00,36.741,36.767,36.561,36.61,0
2025-06-19 02:00:00,36.611,36.611,36.227,36.407,0
2025-06-19 03:00:00,36.406,36.414,36.21,36.271,0
2025-06-19 04:00:00,36.272,36.418,36.256,36.354,0
2025-06-19 05:00:00,36.354,36.424,36.318,36.348,0
2025-06-19 06:00:00,36.346,36.413,36.313,36.313,0
2025-06-19 07:00:00,36.314,36.387,36.203,36.342,0
2025-06-19 08:00:00,36.337,36.417,36.241,36.322,0
2025-06-19 09:00:00,36.325,36.4,36.196,36.28,0
2025-06-19 10:00:00,36.275,36.386,36.231,36.344,0
2025-06-19 11:00:00,36.342,36.392,36.266,36.371,0
2025-06-19 12:00:00,36.375,36.387,36.325,36.356,0
2025-06-19 13:00:00,36.352,36.403,36.343,36.379,0
2025-06-19 14:00:00,36.373,36.402,36.366,36.38,0
2025-06-19 18:00:00,36.328,36.417,36.328,36.398,0
2025-06-19 19:00:00,36.399,36.407,36.362,36.384,0
2025-06-19 20:00:00,36.385,36.404,36.32,36.384,0
2025-06-19 21:00:00,36.383,36.389,36.263,36.263,0
2025-06-19 22:00:00,36.267,36.313,35.685,35.759,0
2025-06-19 23:00:00,35.758,35.839,35.654,35.792,0
2025-06-20 00:00:00,35.789,35.807,35.652,35.714,0
2025-06-20 01:00:00,35.715,35.749,35.524,35.572,0
2025-06-20 02:00:00,35.573,35.658,35.496,35.604,0
2025-06-20 03:00:00,35.612,35.905,35.564,35.893,0
2025-06-20 04:00:00,35.889,36.087,35.874,36.021,0
2025-06-20 05:00:00,36.019,36.136,35.87,36.112,0
2025-06-20 06:00:00,36.112,36.152,36.067,36.112,0
2025-06-20 07:00:00,36.12,36.145,35.952,35.977,0
2025-06-20 08:00:00,35.985,36.097,35.96,35.992,0
2025-06-20 09:00:00,35.998,36.094,35.885,36.02,0
2025-06-20 10:00:00,36.028,36.046,35.833,35.953,0
2025-06-20 11:00:00,35.956,35.995,35.88,35.959,0
2025-06-20 12:00:00,35.956,36.017,35.922,36.012,0
2025-06-20 13:00:00,36.013,36.062,35.987,36.046,0
2025-06-20 14:00:00,36.049,36.069,35.999,36.034,0
2025-06-20 15:00:00,36.037,36.072,35.989,36.005,0
2025-06-20 16:00:00,36.002,36.03,35.938,35.969,0
2025-06-22 18:00:00,36.029,36.109,35.796,36.057,0
2025-06-22 19:00:00,36.053,36.105,35.989,36.068,0
2025-06-22 20:00:00,36.066,36.102,35.952,36.019,0
2025-06-22 21:00:00,36.015,36.125,35.87,35.988,0
2025-06-22 22:00:00,35.986,36.073,35.983,36.002,0
2025-06-22 23:00:00,36.0,36.117,35.993,36.084,0
2025-06-23 00:00:00,36.089,36.123,36.009,36.03,0
2025-06-23 01:00:00,36.031,36.104,35.926,36.02,0
2025-06-23 02:00:00,36.023,36.121,35.961,36.111,0
2025-06-23 03:00:00,36.114,36.139,36.025,36.1,0
2025-06-23 04:00:00,36.101,36.213,36.087,36.2,0
2025-06-23 05:00:00,36.195,36.213,36.048,36.128,0
2025-06-23 06:00:00,36.124,36.223,36.105,36.114,0
2025-06-23 07:00:00,36.115,36.231,36.095,36.2,0
2025-06-23 08:00:00,36.203,36.224,35.922,36.048,0
2025-06-23 09:00:00,36.049,36.233,35.999,36.193,0
2025-06-23 10:00:00,36.193,36.291,36.134,36.244,0
2025-06-23 11:00:00,36.255,36.333,36.243,36.275,0
2025-06-23 12:00:00,36.285,36.298,36.146,36.228,0
2025-06-23 13:00:00,36.218,36.319,36.176,36.315,0
2025-06-23 14:00:00,36.317,36.354,36.254,36.291,0
2025-06-23 15:00:00,36.294,36.328,36.241,36.248,0
2025-06-23 16:00:00,36.242,36.267,36.055,36.082,0
2025-06-23 18:00:00,36.057,36.101,35.584,35.929,0
2025-06-23 19:00:00,35.91,35.979,35.846,35.884,0
2025-06-23 20:00:00,35.883,36.081,35.808,36.071,0
2025-06-23 21:00:00,36.067,36.116,35.956,36.015,0
2025-06-23 22:00:00,36.014,36.117,36.011,36.111,0
2025-06-23 23:00:00,36.113,36.19,36.089,36.117,0
2025-06-24 00:00:00,36.113,36.166,36.078,36.156,0
2025-06-24 01:00:00,36.157,36.179,35.966,36.069,0
2025-06-24 02:00:00,36.073,36.092,35.911,36.03,0
2025-06-24 03:00:00,36.035,36.117,35.955,36.102,0
2025-06-24 04:00:00,36.105,36.143,36.065,36.135,0
2025-06-24 05:00:00,36.13,36.142,36.03,36.04,0
2025-06-24 06:00:00,36.04,36.161,36.033,36.087,0
2025-06-24 07:00:00,36.084,36.157,36.039,36.137,0
2025-06-24 08:00:00,36.137,36.141,35.621,35.834,0
2025-06-24 09:00:00,35.835,35.988,35.266,35.344,0
2025-06-24 10:00:00,35.347,35.52,35.281,35.467,0
2025-06-24 11:00:00,35.47,35.736,35.46,35.697,0
2025-06-24 12:00:00,35.704,35.766,35.677,35.74,0
2025-06-24 13:00:00,35.741,35.844,35.741,35.818,0
2025-06-24 14:00:00,35.817,35.875,35.798,35.854,0
2025-06-24 15:00:00,35.85,35.904,35.822,35.883,0
2025-06-24 16:00:00,35.884,35.92,35.869,35.902,0
2025-06-24 18:00:00,35.897,35.942,35.866,35.925,0
2025-06-24 19:00:00,35.921,35.956,35.917,35.934,0
2025-06-24 20:00:00,35.93,35.952,35.906,35.933,0
2025-06-24 21:00:00,35.928,35.976,35.892,35.946,0
2025-06-24 22:00:00,35.94,35.961,35.884,35.935,0
2025-06-24 23:00:00,35.928,35.978,35.894,35.912,0
2025-06-25 00:00:00,35.905,35.954,35.885,35.949,0
2025-06-25 01:00:00,35.944,36.009,35.93,35.983,0
2025-06-25 02:00:00,35.984,36.036,35.931,36.017,0
2025-06-25 03:00:00,36.02,36.043,35.912,35.985,0
2025-06-25 04:00:00,35.983,35.991,35.783,35.863,0
2025-06-25 05:00:00,35.867,35.867,35.676,35.748,0
2025-06-25 06:00:00,35.755,35.811,35.687,35.732,0
2025-06-25 07:00:00,35.735,35.775,35.66,35.75,0
2025-06-25 08:00:00,35.751,35.844,35.705,35.789,0
2025-06-25 09:00:00,35.798,35.865,35.688,35.826,0
2025-06-25 10:00:00,35.828,35.985,35.819,35.93,0
2025-06-25 11:00:00,35.935,36.031,35.927,36.0,0
2025-06-25 12:00:00,36.002,36.187,35.999,36.156,0
2025-06-25 13:00:00,36.145,36.224,36.108,36.219,0
2025-06-25 14:00:00,36.223,36.241,36.187,36.23,0
2025-06-25 15:00:00,36.239,36.313,36.225,36.303,0
2025-06-25 16:00:00,36.307,36.309,36.246,36.249,0
2025-06-25 18:00:00,36.22,36.29,36.203,36.276,0
2025-06-25 19:00:00,36.264,36.349,36.262,36.328,0
2025-06-25 20:00:00,36.327,36.375,36.292,36.299,0
2025-06-25 21:00:00,36.294,36.364,36.222,36.233,0
2025-06-25 22:00:00,36.236,36.372,36.229,36.346,0
2025-06-25 23:00:00,36.348,36.413,36.331,36.373,0
2025-06-26 00:00:00,36.372,36.396,36.319,36.388,0
2025-06-26 01:00:00,36.389,36.39,36.301,36.31,0
2025-06-26 02:00:00,36.312,36.382,36.225,36.374,0
2025-06-26 03:00:00,36.371,36.392,36.271,36.39,0
2025-06-26 04:00:00,36.393,36.819,36.341,36.779,0
2025-06-26 05:00:00,36.781,36.821,36.564,36.664,0
2025-06-26 06:00:00,36.66,36.678,36.533,36.597,0
2025-06-26 07:00:00,36.598,36.626,36.431,36.608,0
2025-06-26 08:00:00,36.611,36.676,36.355,36.382,0
2025-06-26 09:00:00,36.391,36.557,36.246,36.462,0
2025-06-26 10:00:00,36.461,36.584,36.445,36.538,0
2025-06-26 11:00:00,36.543,36.652,36.528,36.642,0
2025-06-26 12:00:00,36.648,36.686,36.622,36.664,0
2025-06-26 13:00:00,36.659,36.704,36.623,36.631,0
2025-06-26 14:00:00,36.631,36.648,36.6,36.631,0
2025-06-26 15:00:00,36.618,36.693,36.56,36.666,0
2025-06-26 16:00:00,36.667,36.69,36.546,36.558,0
2025-06-26 18:00:00,36.632,36.68,36.578,36.636,0
2025-06-26 19:00:00,36.624,36.665,36.593,36.621,0
2025-06-26 20:00:00,36.616,36.656,36.578,36.592,0
2025-06-26 21:00:00,36.591,36.64,36.503,36.61,0
2025-06-26 22:00:00,36.606,36.673,36.579,36.661,0
2025-06-26 23:00:00,36.659,36.715,36.383,36.394,0
2025-06-27 00:00:00,36.395,36.525,36.375,36.461,0
2025-06-27 01:00:00,36.46,36.621,36.455,36.579,0
2025-06-27 02:00:00,36.581,36.602,36.418,36.46,0
2025-06-27 03:00:00,36.462,36.476,36.068,36.081,0
2025-06-27 04:00:00,36.085,36.18,36.002,36.053,0
2025-06-27 05:00:00,36.05,36.068,35.777,35.889,0
2025-06-27 06:00:00,35.888,36.022,35.884,35.99,0
2025-06-27 07:00:00,35.993,36.05,35.891,36.019,0
2025-06-27 08:00:00,36.021,36.086,35.869,35.97,0
2025-06-27 09:00:00,35.966,36.021,35.788,36.017,0
2025-06-27 10:00:00,36.002,36.137,35.954,36.1,0
2025-06-27 11:00:00,36.101,36.166,36.064,36.111,0
2025-06-27 12:00:00,36.113,36.199,36.103,36.156,0
2025-06-27 13:00:00,36.157,36.163,36.065,36.101,0
2025-06-27 14:00:00,36.104,36.112,35.947,36.003,0
2025-06-27 15:00:00,35.999,36.004,35.9,35.903,0
2025-06-27 16:00:00,35.905,35.993,35.861,35.956,0
2025-06-29 18:00:00,35.929,36.071,35.394,35.739,0
2025-06-29 19:00:00,35.733,35.865,35.724,35.752,0
2025-06-29 20:00:00,35.751,35.884,35.743,35.865,0
2025-06-29 21:00:00,35.865,36.055,35.817,35.961,0
2025-06-29 22:00:00,35.957,36.074,35.956,36.052,0
2025-06-29 23:00:00,36.051,36.165,36.046,36.104,0
2025-06-30 00:00:00,36.104,36.165,36.093,36.147,0
2025-06-30 01:00:00,36.144,36.183,36.138,36.147,0
2025-06-30 02:00:00,36.151,36.213,36.131,36.196,0
2025-06-30 03:00:00,36.19,36.222,36.06,36.106,0
2025-06-30 04:00:00,36.103,36.198,36.088,36.132,0
2025-06-30 05:00:00,36.129,36.134,35.982,36.072,0
2025-06-30 06:00:00,36.075,36.104,36.002,36.025,0
2025-06-30 07:00:00,36.031,36.031,35.817,35.898,0
2025-06-30 08:00:00,35.905,36.041,35.874,35.984,0
2025-06-30 09:00:00,35.99,36.073,35.919,36.015,0
2025-06-30 10:00:00,36.017,36.036,35.893,35.954,0
2025-06-30 11:00:00,35.953,35.999,35.883,35.943,0
2025-06-30 12:00:00,35.945,36.003,35.926,35.998,0
2025-06-30 13:00:00,36.005,36.02,35.922,35.956,0
2025-06-30 14:00:00,35.95,36.05,35.945,36.042,0
2025-06-30 15:00:00,36.04,36.102,36.03,36.074,0
2025-06-30 16:00:00,36.079,36.103,36.057,36.089,0
2025-06-30 18:00:00,36.084,36.126,36.072,36.108,0
2025-06-30 19:00:00,36.095,36.148,36.091,36.14,0
2025-06-30 20:00:00,36.139,36.151,36.109,36.121,0
2025-06-30 21:00:00,36.119,36.178,35.896,35.899,0
2025-06-30 22:00:00,35.897,35.909,35.787,35.871,0
2025-06-30 23:00:00,35.869,36.022,35.806,36.011,0
2025-07-01 00:00:00,36.017,36.174,36.01,36.161,0
2025-07-01 01:00:00,36.16,36.18,36.051,36.109,0
2025-07-01 02:00:00,36.11,36.265,36.032,36.247,0
2025-07-01 03:00:00,36.238,36.504,36.089,36.223,0
2025-07-01 04:00:00,36.217,36.363,36.191,36.307,0
2025-07-01 05:00:00,36.305,36.607,36.292,36.493,0
2025-07-01 06:00:00,36.493,36.508,36.387,36.48,0
2025-07-01 07:00:00,36.487,36.558,36.382,36.407,0
2025-07-01 08:00:00,36.408,36.544,36.243,36.291,0
2025-07-01 09:00:00,36.285,36.384,36.181,36.358,0
2025-07-01 10:00:00,36.359,36.427,36.017,36.327,0
2025-07-01 11:00:00,36.323,36.334,36.08,36.203,0
2025-07-01 12:00:00,36.21,36.266,36.178,36.192,0
2025-07-01 13:00:00,36.182,36.219,36.123,36.156,0
2025-07-01 14:00:00,36.164,36.164,36.102,36.122,0
2025-07-01 15:00:00,36.121,36.121,35.987,36.002,0
2025-07-01 16:00:00,36.004,36.047,35.974,36.02,0
2025-07-01 18:00:00,35.986,36.071,35.972,36.07,0
2025-07-01 19:00:00,36.064,36.09,36.044,36.08,0
2025-07-01 20:00:00,36.082,36.118,36.032,36.095,0
2025-07-01 21:00:00,36.094,36.154,36.041,36.068,0
2025-07-01 22:00:00,36.072,36.178,35.999,36.163,0
2025-07-01 23:00:00,36.166,36.195,35.89,35.972,0
2025-07-02 00:00:00,35.971,36.119,35.944,36.098,0
2025-07-02 01:00:00,36.099,36.164,36.031,36.078,0
2025-07-02 02:00:00,36.076,36.098,35.959,35.995,0
2025-07-02 03:00:00,35.982,36.093,35.861,36.084,0
2025-07-02 04:00:00,36.087,36.15,36.024,36.121,0
2025-07-02 05:00:00,36.117,36.242,36.102,36.212,0
2025-07-02 06:00:00,36.215,36.326,36.175,36.289,0
2025-07-02 07:00:00,36.291,36.362,36.209,36.249,0
2025-07-02 08:00:00,36.248,36.388,36.162,36.194,0
2025-07-02 09:00:00,36.193,36.35,36.161,36.278,0
2025-07-02 10:00:00,36.28,36.439,36.251,36.425,0
2025-07-02 11:00:00,36.429,36.467,36.395,36.447,0
2025-07-02 12:00:00,36.449,36.482,36.43,36.456,0
2025-07-02 13:00:00,36.459,36.511,36.454,36.502,0
2025-07-02 14:00:00,36.496,36.527,36.469,36.517,0
2025-07-02 15:00:00,36.516,36.57,36.513,36.557,0
2025-07-02 16:00:00,36.565,36.573,36.527,36.545,0
2025-07-02 18:00:00,36.517,36.576,36.509,36.562,0
2025-07-02 19:00:00,36.552,36.563,36.374,36.402,0
2025-07-02 20:00:00,36.407,36.429,36.346,36.385,0
2025-07-02 21:00:00,36.391,36.445,36.339,36.395,0
2025-07-02 22:00:00,36.393,36.423,36.338,36.413,0
2025-07-02 23:00:00,36.419,36.426,36.327,36.354,0
2025-07-03 00:00:00,36.355,36.463,36.352,36.415,0
2025-07-03 01:00:00,36.413,36.757,36.385,36.745,0
2025-07-03 02:00:00,36.754,36.829,36.726,36.745,0
2025-07-03 03:00:00,36.744,36.959,36.733,36.902,0
2025-07-03 04:00:00,36.902,37.064,36.891,37.029,0
2025-07-03 05:00:00,37.027,37.041,36.675,36.817,0
2025-07-03 06:00:00,36.817,36.951,36.767,36.902,0
2025-07-03 07:00:00,36.905,36.969,36.799,36.853,0
2025-07-03 08:00:00,36.854,36.873,36.309,36.603,0
2025-07-03 09:00:00,36.614,36.903,36.493,36.765,0
2025-07-03 10:00:00,36.765,36.811,36.629,36.64,0
2025-07-03 11:00:00,36.647,36.825,36.609,36.786,0
2025-07-03 12:00:00,36.782,36.86,36.748,36.844,0
2025-07-03 13:00:00,36.843,36.909,36.831,36.847,0
2025-07-03 14:00:00,36.843,36.847,36.785,36.832,0
2025-07-03 15:00:00,36.831,36.845,36.802,36.841,0
2025-07-03 16:00:00,36.837,36.847,36.817,36.828,0
2025-07-03 18:00:00,36.819,36.849,36.799,36.833,0
2025-07-03 19:00:00,36.833,36.858,36.754,36.78,0
2025-07-03 20:00:00,36.779,36.795,36.671,36.736,0
2025-07-03 21:00:00,36.736,36.836,36.692,36.746,0
2025-07-03 22:00:00,36.744,36.767,36.636,36.682,0
2025-07-03 23:00:00,36.684,36.79,36.608,36.782,0
2025-07-04 00:00:00,36.776,36.87,36.764,36.834,0
2025-07-04 01:00:00,36.83,36.865,36.8,36.841,0
2025-07-04 02:00:00,36.843,36.915,36.761,36.828,0
2025-07-04 03:00:00,36.833,36.851,36.653,36.833,0
2025-07-04 04:00:00,36.832,36.881,36.773,36.83,0
2025-07-04 05:00:00,36.829,36.857,36.754,36.786,0
2025-07-04 06:00:00,36.779,36.889,36.772,36.868,0
2025-07-04 07:00:00,36.873,36.921,36.835,36.854,0
2025-07-04 08:00:00,36.853,36.932,36.754,36.843,0
2025-07-04 09:00:00,36.841,36.944,36.83,36.883,0
2025-07-04 10:00:00,36.884,36.888,36.813,36.869,0
2025-07-04 11:00:00,36.868,36.907,36.84,36.894,0
2025-07-04 12:00:00,36.899,36.946,36.88,36.908,0
2025-07-06 18:00:00,36.912,37.215,36.902,37.103,0
2025-07-06 19:00:00,37.094,37.108,36.968,36.984,0
2025-07-06 20:00:00,36.981,36.993,36.882,36.957,0
2025-07-06 21:00:00,36.96,36.96,36.642,36.867,0
2025-07-06 22:00:00,36.871,36.896,36.704,36.74,0
2025-07-06 23:00:00,36.739,36.794,36.639,36.75,0
2025-07-07 00:00:00,36.754,36.807,36.345,36.508,0
2025-07-07 01:00:00,36.509,36.651,36.457,36.626,0
2025-07-07 02:00:00,36.619,36.668,36.425,36.592,0
2025-07-07 03:00:00,36.598,36.629,36.469,36.477,0
2025-07-07 04:00:00,36.481,36.621,36.464,36.583,0
2025-07-07 05:00:00,36.589,36.62,36.507,36.609,0
2025-07-07 06:00:00,36.609,36.618,36.143,36.227,0
2025-07-07 07:00:00,36.225,36.323,36.139,36.216,0
2025-07-07 08:00:00,36.214,36.366,36.168,36.31,0
2025-07-07 09:00:00,36.309,36.609,36.196,36.598,0
2025-07-07 10:00:00,36.596,36.656,36.547,36.584,0
2025-07-07 11:00:00,36.588,36.692,36.559,36.685,0
2025-07-07 12:00:00,36.681,36.702,36.636,36.661,0
2025-07-07 13:00:00,36.663,36.763,36.653,36.712,0
2025-07-07 14:00:00,36.71,36.771,36.631,36.762,0
2025-07-07 15:00:00,36.758,36.789,36.685,36.774,0
2025-07-07 16:00:00,36.777,36.8,36.736,36.754,0
2025-07-07 18:00:00,36.761,36.811,36.748,36.784,0
2025-07-07 19:00:00,36.784,36.794,36.755,36.782,0
2025-07-07 20:00:00,36.776,36.797,36.712,36.741,0
2025-07-07 21:00:00,36.741,36.79,36.638,36.774,0
2025-07-07 22:00:00,36.774,36.82,36.743,36.788,0
2025-07-07 23:00:00,36.785,36.796,36.75,36.771,0
2025-07-08 00:00:00,36.772,36.805,36.723,36.748,0
2025-07-08 01:00:00,36.742,36.843,36.742,36.806,0
2025-07-08 02:00:00,36.807,36.833,36.724,36.815,0
2025-07-08 03:00:00,36.82,36.87,36.769,36.844,0
2025-07-08 04:00:00,36.845,36.845,36.68,36.729,0
2025-07-08 05:00:00,36.73,36.767,36.644,36.669,0
2025-07-08 06:00:00,36.668,36.832,36.668,36.795,0
2025-07-08 07:00:00,36.801,36.805,36.664,36.691,0
2025-07-08 08:00:00,36.695,36.776,36.573,36.735,0
2025-07-08 09:00:00,36.735,36.746,36.498,36.548,0
2025-07-08 10:00:00,36.546,36.576,36.356,36.416,0
2025-07-08 11:00:00,36.415,36.459,36.323,36.401,0
2025-07-08 12:00:00,36.399,36.543,36.276,36.52,0
2025-07-08 13:00:00,36.529,36.657,36.49,36.645,0
2025-07-08 14:00:00,36.633,36.715,36.588,36.682,0
2025-07-08 15:00:00,36.683,36.683,36.591,36.651,0
2025-07-08 16:00:00,36.655,36.752,36.609,36.737,0
2025-07-08 18:00:00,36.728,36.766,36.69,36.722,0
2025-07-08 19:00:00,36.72,36.73,36.497,36.533,0
2025-07-08 20:00:00,36.544,36.642,36.534,36.623,0
2025-07-08 21:00:00,36.624,36.714,36.531,36.599,0
2025-07-08 22:00:00,36.6,36.628,36.462,36.532,0
2025-07-08 23:00:00,36.538,36.583,36.475,36.559,0
2025-07-09 00:00:00,36.56,36.626,36.485,36.594,0
2025-07-09 01:00:00,36.596,36.707,36.576,36.699,0
2025-07-09 02:00:00,36.693,36.716,36.524,36.606,0
2025-07-09 03:00:00,36.609,36.618,36.478,36.526,0
2025-07-09 04:00:00,36.534,36.585,36.42,36.494,0
2025-07-09 05:00:00,36.493,36.614,36.404,36.608,0
2025-07-09 06:00:00,36.611,36.64,36.545,36.592,0
2025-07-09 07:00:00,36.591,36.645,36.47,36.481,0
2025-07-09 08:00:00,36.485,36.512,36.342,36.402,0
2025-07-09 09:00:00,36.408,36.469,36.304,36.387,0
2025-07-09 10:00:00,36.384,36.412,36.256,36.391,0
2025-07-09 11:00:00,36.396,36.443,36.324,36.427,0
2025-07-09 12:00:00,36.426,36.461,36.411,36.42,0
2025-07-09 13:00:00,36.415,36.454,36.297,36.303,0
2025-07-09 14:00:00,36.288,36.389,36.28,36.322,0
2025-07-09 15:00:00,36.329,36.409,36.313,36.327,0
2025-07-09 16:00:00,36.327,36.416,36.31,36.367,0
2025-07-09 18:00:00,36.367,36.417,36.324,36.397,0
2025-07-09 19:00:00,36.391,36.407,36.365,36.402,0
2025-07-09 20:00:00,36.4,36.421,36.337,36.401,0
2025-07-09 21:00:00,36.4,36.462,36.391,36.41,0
2025-07-09 22:00:00,36.41,36.471,36.374,36.425,0
2025-07-09 23:00:00,36.427,36.475,36.361,36.437,0
2025-07-10 00:00:00,36.438,36.482,36.424,36.457,0
2025-07-10 01:00:00,36.458,36.469,36.356,36.455,0
2025-07-10 02:00:00,36.454,36.573,36.424,36.565,0
2025-07-10 03:00:00,36.567,36.706,36.514,36.53,0
2025-07-10 04:00:00,36.534,36.666,36.463,36.624,0
2025-07-10 05:00:00,36.627,36.638,36.529,36.617,0
2025-07-10 06:00:00,36.623,36.804,36.574,36.725,0
2025-07-10 07:00:00,36.732,36.835,36.574,36.608,0
2025-07-10 08:00:00,36.597,36.732,36.532,36.698,0
2025-07-10 09:00:00,36.7,36.887,36.454,36.482,0
2025-07-10 10:00:00,36.473,36.737,36.447,36.653,0
2025-07-10 11:00:00,36.662,36.856,36.64,36.84,0
2025-07-10 12:00:00,36.839,36.873,36.731,36.792,0
2025-07-10 13:00:00,36.793,36.885,36.775,36.866,0
2025-07-10 14:00:00,36.863,37.018,36.857,37.006,0
2025-07-10 15:00:00,37.008,37.112,36.998,37.066,0
2025-07-10 16:00:00,37.072,37.076,36.827,36.952,0
2025-07-10 18:00:00,37.007,37.11,36.889,37.066,0
2025-07-10 19:00:00,37.065,37.122,37.043,37.094,0
2025-07-10 20:00:00,37.092,37.117,36.976,36.985,0
2025-07-10 21:00:00,36.984,37.151,36.898,37.074,0
2025-07-10 22:00:00,37.074,37.188,37.06,37.123,0
2025-07-10 23:00:00,37.119,37.215,37.074,37.171,0
2025-07-11 00:00:00,37.17,37.212,37.144,37.187,0
2025-07-11 01:00:00,37.185,37.448,37.063,37.35,0
2025-07-11 02:00:00,37.349,37.427,37.251,37.261,0
2025-07-11 03:00:00,37.264,37.416,37.251,37.403,0
2025-07-11 04:00:00,37.402,37.493,37.394,37.446,0
2025-07-11 05:00:00,37.449,37.582,37.438,37.556,0
2025-07-11 06:00:00,37.559,37.616,37.472,37.482,0
2025-07-11 07:00:00,37.479,37.65,37.443,37.632,0
2025-07-11 08:00:00,37.629,37.823,37.515,37.613,0
2025-07-11 09:00:00,37.612,37.882,37.512,37.803,0
2025-07-11 10:00:00,37.808,38.229,37.755,38.095,0
2025-07-11 11:00:00,38.093,38.333,38.082,38.17,0
2025-07-11 12:00:00,38.171,38.386,38.149,38.341,0
2025-07-11 13:00:00,38.339,38.428,38.264,38.411,0
2025-07-11 14:00:00,38.404,38.489,38.404,38.462,0
2025-07-11 15:00:00,38.463,38.524,38.441,38.492,0
2025-07-11 16:00:00,38.49,38.49,38.308,38.308,0
2025-07-13 18:00:00,38.447,38.563,38.336,38.47,0
2025-07-13 19:00:00,38.463,38.533,38.401,38.501,0
2025-07-13 20:00:00,38.502,38.561,38.462,38.498,0
2025-07-13 21:00:00,38.499,38.631,38.4,38.608,0
2025-07-13 22:00:00,38.608,38.63,38.463,38.544,0
2025-07-13 23:00:00,38.544,38.916,38.528,38.897,0
2025-07-14 00:00:00,38.899,39.061,38.768,39.035,0
2025-07-14 01:00:00,39.034,39.081,38.875,39.052,0
2025-07-14 02:00:00,39.052,39.062,38.892,38.93,0
2025-07-14 03:00:00,38.931,39.042,38.795,38.967,0
2025-07-14 04:00:00,38.964,38.986,38.868,38.97,0
2025-07-14 05:00:00,38.971,39.121,38.945,39.041,0
2025-07-14 06:00:00,39.043,39.092,38.999,39.014,0
2025-07-14 07:00:00,39.012,39.083,38.903,38.963,0
2025-07-14 08:00:00,38.959,39.041,38.758,38.854,0
2025-07-14 09:00:00,38.845,38.86,38.616,38.806,0
2025-07-14 10:00:00,38.805,38.835,38.274,38.283,0
2025-07-14 11:00:00,38.284,38.388,38.188,38.248,0
2025-07-14 12:00:00,38.247,38.473,38.225,38.443,0
2025-07-14 13:00:00,38.45,38.461,38.31,38.331,0
2025-07-14 14:00:00,38.329,38.382,38.282,38.331,0
2025-07-14 15:00:00,38.335,38.379,38.091,38.117,0
2025-07-14 16:00:00,38.117,38.279,38.064,38.087,0
2025-07-14 18:00:00,38.09,38.209,38.064,38.208,0
2025-07-14 19:00:00,38.204,38.261,38.187,38.258,0
2025-07-14 20:00:00,38.26,38.289,38.196,38.196,0
2025-07-14 21:00:00,38.2,38.271,38.125,38.253,0
2025-07-14 22:00:00,38.254,38.276,38.125,38.172,0
2025-07-14 23:00:00,38.171,38.194,37.896,38.119,0
2025-07-15 00:00:00,38.119,38.225,38.119,38.22,0
2025-07-15 01:00:00,38.221,38.312,38.207,38.278,0
2025-07-15 02:00:00,38.28,38.348,38.236,38.309,0
2025-07-15 03:00:00,38.304,38.37,38.241,38.336,0
2025-07-15 04:00:00,38.343,38.348,38.202,38.237,0
2025-07-15 05:00:00,38.242,38.305,38.222,38.279,0
2025-07-15 06:00:00,38.286,38.316,38.264,38.286,0
2025-07-15 07:00:00,38.277,38.295,38.109,38.269,0
2025-07-15 08:00:00,38.27,38.286,38.115,38.158,0
2025-07-15 09:00:00,38.159,38.256,37.862,37.963,0
2025-07-15 10:00:00,37.973,38.122,37.813,37.887,0
2025-07-15 11:00:00,37.889,37.919,37.572,37.635,0
2025-07-15 12:00:00,37.638,37.744,37.618,37.718,0
2025-07-15 13:00:00,37.719,37.825,37.684,37.797,0
2025-07-15 14:00:00,37.795,37.814,37.728,37.762,0
2025-07-15 15:00:00,37.759,37.783,37.702,37.729,0
2025-07-15 16:00:00,37.729,37.75,37.674,37.68,0
2025-07-15 18:00:00,37.676,37.754,37.646,37.754,0
2025-07-15 19:00:00,37.751,37.798,37.744,37.789,0
2025-07-15 20:00:00,37.793,37.831,37.727,37.794,0
2025-07-15 21:00:00,37.796,37.829,37.758,37.803,0
2025-07-15 22:00:00,37.804,37.811,37.708,37.779,0
2025-07-15 23:00:00,37.779,37.841,37.765,37.822,0
2025-07-16 00:00:00,37.825,37.846,37.792,37.841,0
2025-07-16 01:00:00,37.843,37.856,37.797,37.844,0
2025-07-16 02:00:00,37.845,37.899,37.817,37.878,0
2025-07-16 03:00:00,37.882,37.961,37.844,37.933,0
2025-07-16 04:00:00,37.938,38.009,37.925,37.98,0
2025-07-16 05:00:00,37.979,38.057,37.934,38.048,0
2025-07-16 06:00:00,38.04,38.08,37.919,37.922,0
2025-07-16 07:00:00,37.923,38.014,37.817,37.999,0
2025-07-16 08:00:00,38.0,38.039,37.815,37.837,0
2025-07-16 09:00:00,37.837,37.942,37.594,37.672,0
2025-07-16 10:00:00,37.67,37.773,37.484,37.754,0
2025-07-16 11:00:00,37.741,38.04,37.704,37.795,0
2025-07-16 12:00:00,37.8,37.91,37.695,37.784,0
2025-07-16 13:00:00,37.79,37.951,37.778,37.919,0
2025-07-16 14:00:00,37.923,37.939,37.849,37.871,0
2025-07-16 15:00:00,37.876,37.901,37.842,37.859,0
2025-07-16 16:00:00,37.86,37.925,37.853,37.872,0
2025-07-16 18:00:00,37.898,37.93,37.891,37.912,0
2025-07-16 19:00:00,37.902,37.915,37.868,37.883,0
2025-07-16 20:00:00,37.885,37.899,37.826,37.838,0
2025-07-16 21:00:00,37.839,37.976,37.826,37.953,0
2025-07-16 22:00:00,37.951,37.969,37.823,37.921,0
2025-07-16 23:00:00,37.922,37.985,37.876,37.978,0
2025-07-17 00:00:00,37.975,38.002,37.965,37.98,0
2025-07-17 01:00:00,37.984,38.005,37.918,37.994,0
2025-07-17 02:00:00,37.995,38.006,37.761,37.891,0
2025-07-17 03:00:00,37.889,37.932,37.74,37.779,0
2025-07-17 04:00:00,37.783,37.835,37.745,37.756,0
2025-07-17 05:00:00,37.76,37.839,37.742,37.788,0
2025-07-17 06:00:00,37.788,37.864,37.747,37.747,0
2025-07-17 07:00:00,37.753,37.882,37.741,37.85,0
2025-07-17 08:00:00,37.853,37.884,37.526,37.612,0
2025-07-17 09:00:00,37.611,37.817,37.557,37.756,0
2025-07-17 10:00:00,37.759,37.976,37.736,37.961,0
2025-07-17 11:00:00,37.962,38.064,37.92,37.999,0
2025-07-17 12:00:00,38.001,38.043,37.952,37.996,0
2025-07-17 13:00:00,37.993,38.095,37.988,38.094,0
2025-07-17 14:00:00,38.088,38.14,38.056,38.126,0
2025-07-17 15:00:00,38.134,38.155,38.106,38.135,0
2025-07-17 16:00:00,38.138,38.138,37.967,38.134,0
2025-07-17 18:00:00,38.112,38.172,38.101,38.103,0
2025-07-17 19:00:00,38.096,38.118,38.086,38.109,0
2025-07-17 20:00:00,38.108,38.155,38.098,38.153,0
2025-07-17 21:00:00,38.152,38.188,38.04,38.125,0
2025-07-17 22:00:00,38.122,38.18,38.072,38.154,0
2025-07-17 23:00:00,38.158,38.173,38.083,38.136,0
2025-07-18 00:00:00,38.133,38.17,38.123,38.138,0
2025-07-18 01:00:00,38.137,38.189,38.096,38.1,0
2025-07-18 02:00:00,38.099,38.351,38.064,38.327,0
2025-07-18 03:00:00,38.319,38.38,38.239,38.335,0
2025-07-18 04:00:00,38.334,38.359,38.259,38.285,0
2025-07-18 05:00:00,38.286,38.425,38.277,38.379,0
2025-07-18 06:00:00,38.38,38.412,38.287,38.317,0
2025-07-18 07:00:00,38.315,38.414,38.267,38.386,0
2025-07-18 08:00:00,38.385,38.431,38.313,38.389,0
2025-07-18 09:00:00,38.395,38.4,38.195,38.274,0
2025-07-18 10:00:00,38.276,38.369,38.229,38.265,0
2025-07-18 11:00:00,38.266,38.308,38.152,38.233,0
2025-07-18 12:00:00,38.235,38.283,38.176,38.2,0
2025-07-18 13:00:00,38.202,38.266,38.139,38.263,0
2025-07-18 14:00:00,38.256,38.277,38.187,38.198,0
2025-07-18 15:00:00,38.207,38.226,38.091,38.111,0
2025-07-18 16:00:00,38.115,38.211,38.102,38.147,0
2025-07-20 18:00:00,38.121,38.16,38.073,38.141,0
2025-07-20 19:00:00,38.142,38.196,38.127,38.196,0
2025-07-20 20:00:00,38.195,38.265,38.169,38.254,0
2025-07-20 21:00:00,38.254,38.293,38.22,38.266,0
2025-07-20 22:00:00,38.268,38.276,38.209,38.239,0
2025-07-20 23:00:00,38.238,38.321,38.156,38.156,0
2025-07-21 00:00:00,38.157,38.244,38.146,38.188,0
2025-07-21 01:00:00,38.189,38.31,38.18,38.283,0
2025-07-21 02:00:00,38.283,38.36,38.265,38.332,0
2025-07-21 03:00:00,38.332,38.452,38.282,38.387,0
2025-07-21 04:00:00,38.388,38.485,38.34,38.446,0
2025-07-21 05:00:00,38.449,38.476,38.37,38.462,0
2025-07-21 06:00:00,38.468,38.536,38.412,38.467,0
2025-07-21 07:00:00,38.466,38.558,38.424,38.541,0
2025-07-21 08:00:00,38.537,38.58,38.45,38.502,0
2025-07-21 09:00:00,38.497,38.867,38.469,38.793,0
2025-07-21 10:00:00,38.798,38.956,38.768,38.928,0
2025-07-21 11:00:00,38.928,38.958,38.779,38.923,0
2025-07-21 12:00:00,38.919,39.003,38.887,38.98,0
2025-07-21 13:00:00,38.993,39.019,38.948,38.989,0
2025-07-21 14:00:00,38.982,39.024,38.973,39.015,0
2025-07-21 15:00:00,39.016,39.043,38.873,38.882,0
2025-07-21 16:00:00,38.883,38.954,38.875,38.897,0
2025-07-21 18:00:00,38.901,38.948,38.873,38.925,0
2025-07-21 19:00:00,38.928,38.978,38.927,38.956,0
2025-07-21 20:00:00,38.954,38.961,38.864,38.913,0
2025-07-21 21:00:00,38.908,38.982,38.731,38.766,0
2025-07-21 22:00:00,38.768,38.863,38.724,38.845,0
2025-07-21 23:00:00,38.845,38.867,38.784,38.835,0
2025-07-22 00:00:00,38.825,38.832,38.703,38.777,0
2025-07-22 01:00:00,38.773,38.846,38.709,38.782,0
2025-07-22 02:00:00,38.783,38.905,38.751,38.863,0
2025-07-22 03:00:00,38.856,38.931,38.777,38.796,0
2025-07-22 04:00:00,38.797,38.894,38.779,38.848,0
2025-07-22 05:00:00,38.841,38.859,38.744,38.84,0
2025-07-22 06:00:00,38.849,38.903,38.813,38.827,0
2025-07-22 07:00:00,38.839,38.941,38.791,38.927,0
2025-07-22 08:00:00,38.926,39.086,38.897,39.06,0
2025-07-22 09:00:00,39.061,39.203,38.734,38.798,0
2025-07-22 10:00:00,38.799,39.124,38.71,39.096,0
2025-07-22 11:00:00,39.094,39.2,39.073,39.184,0
2025-07-22 12:00:00,39.185,39.245,39.149,39.216,0
2025-07-22 13:00:00,39.213,39.233,39.13,39.173,0
2025-07-22 14:00:00,39.177,39.189,39.136,39.183,0
2025-07-22 15:00:00,39.178,39.291,39.17,39.281,0
2025-07-22 16:00:00,39.276,39.3,39.259,39.275,0
2025-07-22 18:00:00,39.257,39.328,39.233,39.262,0
2025-07-22 19:00:00,39.262,39.325,39.209,39.225,0
2025-07-22 20:00:00,39.223,39.32,39.192,39.197,0
2025-07-22 21:00:00,39.197,39.208,39.106,39.16,0
2025-07-22 22:00:00,39.159,39.238,39.141,39.194,0
2025-07-22 23:00:00,39.193,39.366,39.161,39.204,0
2025-07-23 00:00:00,39.207,39.251,39.163,39.212,0
2025-07-23 01:00:00,39.212,39.308,39.191,39.256,0
2025-07-23 02:00:00,39.258,39.35,39.215,39.324,0
2025-07-23 03:00:00,39.325,39.372,39.144,39.184,0
2025-07-23 04:00:00,39.181,39.379,39.164,39.368,0
2025-07-23 05:00:00,39.369,39.424,39.317,39.397,0
2025-07-23 06:00:00,39.4,39.401,39.315,39.35,0
2025-07-23 07:00:00,39.351,39.44,39.301,39.364,0
2025-07-23 08:00:00,39.363,39.471,39.322,39.417,0
2025-07-23 09:00:00,39.417,39.464,39.225,39.384,0
2025-07-23 10:00:00,39.387,39.476,39.261,39.402,0
2025-07-23 11:00:00,39.403,39.52,39.252,39.254,0
2025-07-23 12:00:00,39.258,39.28,39.033,39.107,0
2025-07-23 13:00:00,39.102,39.223,39.097,39.205,0
2025-07-23 14:00:00,39.204,39.293,39.19,39.237,0
2025-07-23 15:00:00,39.234,39.297,39.233,39.282,0
2025-07-23 16:00:00,39.276,39.289,39.213,39.216,0
2025-07-23 18:00:00,39.256,39.3,39.217,39.274,0
2025-07-23 19:00:00,39.277,39.346,39.251,39.279,0
2025-07-23 20:00:00,39.282,39.307,39.234,39.293,0
2025-07-23 21:00:00,39.296,39.307,39.087,39.095,0
2025-07-23 22:00:00,39.096,39.124,38.956,39.077,0
2025-07-23 23:00:00,39.075,39.082,38.784,39.03,0
2025-07-24 00:00:00,39.03,39.096,38.997,39.053,0
2025-07-24 01:00:00,39.052,39.091,38.972,39.041,0
2025-07-24 02:00:00,39.042,39.151,38.927,39.116,0
2025-07-24 03:00:00,39.115,39.147,39.011,39.037,0
2025-07-24 04:00:00,39.036,39.119,39.008,39.082,0
2025-07-24 05:00:00,39.075,39.125,38.957,39.075,0
2025-07-24 06:00:00,39.072,39.106,39.021,39.026,0
2025-07-24 07:00:00,39.021,39.083,38.969,39.064,0
2025-07-24 08:00:00,39.063,39.08,38.682,38.746,0
2025-07-24 09:00:00,38.746,39.075,38.7,39.045,0
2025-07-24 10:00:00,39.043,39.108,38.985,39.003,0
2025-07-24 11:00:00,39.004,39.06,38.955,39.002,0
2025-07-24 12:00:00,38.993,39.025,38.911,38.915,0
2025-07-24 13:00:00,38.916,39.05,38.889,39.018,0
2025-07-24 14:00:00,39.013,39.094,39.005,39.069,0
2025-07-24 15:00:00,39.074,39.123,39.05,39.056,0
2025-07-24 16:00:00,39.056,39.061,39.0,39.029,0
2025-07-24 18:00:00,39.025,39.134,38.988,39.084,0
2025-07-24 19:00:00,39.084,39.12,39.078,39.087,0
2025-07-24 20:00:00,39.087,39.147,39.066,39.124,0
2025-07-24 21:00:00,39.13,39.171,39.063,39.166,0
2025-07-24 22:00:00,39.165,39.185,39.05,39.06,0
2025-07-24 23:00:00,39.063,39.095,38.974,39.003,0
2025-07-25 00:00:00,39.007,39.049,38.92,38.942,0
2025-07-25 01:00:00,38.943,39.041,38.942,38.984,0
2025-07-25 02:00:00,38.984,39.098,38.93,39.08,0
2025-07-25 03:00:00,39.081,39.125,38.998,39.021,0
2025-07-25 04:00:00,39.022,39.055,38.816,38.845,0
2025-07-25 05:00:00,38.846,38.896,38.78,38.782,0
2025-07-25 06:00:00,38.78,38.8,38.667,38.723,0
2025-07-25 07:00:00,38.722,38.773,38.617,38.752,0
2025-07-25 08:00:00,38.751,38.857,38.734,38.846,0
2025-07-25 09:00:00,38.846,38.95,38.758,38.808,0
2025-07-25 10:00:00,38.81,38.884,38.331,38.379,0
2025-07-25 11:00:00,38.379,38.428,37.936,38.049,0
2025-07-25 12:00:00,38.048,38.167,38.019,38.15,0
2025-07-25 13:00:00,38.152,38.225,38.15,38.21,0
2025-07-25 14:00:00,38.209,38.259,38.193,38.235,0
2025-07-25 15:00:00,38.234,38.252,38.129,38.149,0
2025-07-25 16:00:00,38.148,38.185,38.13,38.137,0
2025-07-27 18:00:00,38.067,38.163,37.957,38.067,0
2025-07-27 19:00:00,38.062,38.186,38.06,38.162,0
2025-07-27 20:00:00,38.163,38.226,38.131,38.215,0
2025-07-27 21:00:00,38.212,38.297,38.173,38.183,0
2025-07-27 22:00:00,38.182,38.291,38.174,38.272,0
2025-07-27 23:00:00,38.271,38.273,38.166,38.228,0
2025-07-28 00:00:00,38.234,38.26,38.172,38.186,0
2025-07-28 01:00:00,38.185,38.309,38.178,38.279,0
2025-07-28 02:00:00,38.28,38.321,38.239,38.292,0
2025-07-28 03:00:00,38.293,38.327,38.197,38.235,0
2025-07-28 04:00:00,38.236,38.286,38.139,38.2,0
2025-07-28 05:00:00,38.201,38.214,38.116,38.163,0
2025-07-28 06:00:00,38.164,38.171,38.092,38.102,0
2025-07-28 07:00:00,38.101,38.147,38.076,38.118,0
2025-07-28 08:00:00,38.122,38.154,37.992,38.095,0
2025-07-28 09:00:00,38.094,38.163,37.886,37.902,0
2025-07-28 10:00:00,37.91,38.145,37.888,38.069,0
2025-07-28 11:00:00,38.07,38.167,38.05,38.14,0
2025-07-28 12:00:00,38.137,38.159,38.103,38.122,0
2025-07-28 13:00:00,38.121,38.139,38.019,38.041,0
2025-07-28 14:00:00,38.045,38.174,38.01,38.122,0
2025-07-28 15:00:00,38.121,38.155,38.097,38.132,0
2025-07-28 16:00:00,38.13,38.165,38.124,38.152,0
2025-07-28 18:00:00,38.112,38.169,38.108,38.164,0
2025-07-28 19:00:00,38.161,38.18,38.142,38.17,0
2025-07-28 20:00:00,38.169,38.169,38.064,38.094,0
2025-07-28 21:00:00,38.086,38.139,38.025,38.084,0
2025-07-28 22:00:00,38.084,38.175,38.056,38.166,0
2025-07-28 23:00:00,38.165,38.174,38.068,38.11,0
2025-07-29 00:00:00,38.109,38.156,38.064,38.111,0
2025-07-29 01:00:00,38.111,38.194,38.097,38.183,0
2025-07-29 02:00:00,38.182,38.222,38.071,38.076,0
2025-07-29 03:00:00,38.082,38.111,37.892,38.063,0
2025-07-29 04:00:00,38.064,38.214,38.045,38.149,0
2025-07-29 05:00:00,38.148,38.174,38.119,38.15,0
2025-07-29 06:00:00,38.146,38.182,38.097,38.102,0
2025-07-29 07:00:00,38.101,38.123,38.019,38.036,0
2025-07-29 08:00:00,38.035,38.118,37.99,38.013,0
2025-07-29 09:00:00,38.01,38.126,37.985,38.061,0
2025-07-29 10:00:00,38.063,38.176,37.949,38.134,0
2025-07-29 11:00:00,38.135,38.282,37.993,38.116,0
2025-07-29 12:00:00,38.124,38.186,38.089,38.161,0
2025-07-29 13:00:00,38.16,38.207,38.121,38.187,0
2025-07-29 14:00:00,38.193,38.216,38.147,38.154,0
2025-07-29 15:00:00,38.154,38.182,38.112,38.135,0
2025-07-29 16:00:00,38.139,38.2,38.132,38.16,0
2025-07-29 18:00:00,38.206,38.21,38.171,38.199,0
2025-07-29 19:00:00,38.186,38.203,38.173,38.195,0
2025-07-29 20:00:00,38.193,38.215,38.159,38.179,0
2025-07-29 21:00:00,38.177,38.177,37.994,38.046,0
2025-07-29 22:00:00,38.051,38.196,38.048,38.156,0
2025-07-29 23:00:00,38.154,38.206,38.128,38.199,0
2025-07-30 00:00:00,38.2,38.225,38.158,38.176,0
2025-07-30 01:00:00,38.172,38.236,38.079,38.083,0
2025-07-30 02:00:00,38.087,38.142,38.027,38.082,0
2025-07-30 03:00:00,38.081,38.124,38.014,38.058,0
2025-07-30 04:00:00,38.059,38.111,38.014,38.091,0
2025-07-30 05:00:00,38.088,38.118,38.056,38.083,0
2025-07-30 06:00:00,38.071,38.087,37.955,37.983,0
2025-07-30 07:00:00,37.981,37.985,37.765,37.943,0
2025-07-30 08:00:00,37.936,37.961,37.741,37.799,0
2025-07-30 09:00:00,37.803,37.811,37.474,37.707,0
2025-07-30 10:00:00,37.708,37.758,37.588,37.659,0
2025-07-30 11:00:00,37.658,37.678,37.473,37.602,0
2025-07-30 12:00:00,37.606,37.698,37.595,37.672,0
2025-07-30 13:00:00,37.672,37.688,37.617,37.662,0
2025-07-30 14:00:00,37.674,37.742,37.073,37.079,0
2025-07-30 15:00:00,37.084,37.11,36.767,36.896,0
2025-07-30 16:00:00,36.896,37.143,36.883,37.095,0
2025-07-30 18:00:00,37.073,37.154,37.073,37.079,0
2025-07-30 19:00:00,37.078,37.148,37.067,37.133,0
2025-07-30 20:00:00,37.133,37.136,37.005,37.128,0
2025-07-30 21:00:00,37.127,37.156,36.966,37.01,0
2025-07-30 22:00:00,37.006,37.168,36.993,37.165,0
2025-07-30 23:00:00,37.166,37.187,37.071,37.168,0
2025-07-31 00:00:00,37.165,37.265,37.16,37.239,0
2025-07-31 01:00:00,37.24,37.259,37.153,37.208,0
2025-07-31 02:00:00,37.207,37.229,37.11,37.175,0
2025-07-31 03:00:00,37.174,37.176,36.914,36.945,0
2025-07-31 04:00:00,36.944,36.993,36.899,36.939,0
2025-07-31 05:00:00,36.942,36.957,36.756,36.792,0
2025-07-31 06:00:00,36.787,36.832,36.23,36.294,0
2025-07-31 07:00:00,36.285,36.593,36.197,36.575,0
2025-07-31 08:00:00,36.577,36.689,36.522,36.657,0
2025-07-31 09:00:00,36.666,36.802,36.561,36.591,0
2025-07-31 10:00:00,36.597,36.633,36.446,36.463,0
2025-07-31 11:00:00,36.456,36.642,36.444,36.62,0
2025-07-31 12:00:00,36.619,36.705,36.53,36.663,0
2025-07-31 13:00:00,36.658,36.682,36.577,36.618,0
2025-07-31 14:00:00,36.622,36.717,36.609,36.683,0
2025-07-31 15:00:00,36.689,36.709,36.625,36.674,0
2025-07-31 16:00:00,36.671,36.733,36.66,36.663,0
2025-07-31 18:00:00,36.682,36.718,36.652,36.707,0
2025-07-31 19:00:00,36.707,36.742,36.654,36.668,0
2025-07-31 20:00:00,36.662,36.715,36.605,36.609,0
2025-07-31 21:00:00,36.605,36.691,36.409,36.475,0
2025-07-31 22:00:00,36.471,36.604,36.471,36.546,0
2025-07-31 23:00:00,36.543,36.639,36.543,36.558,0
2025-08-01 00:00:00,36.554,36.641,36.554,36.571,0
2025-08-01 01:00:00,36.57,36.7,36.561,36.681,0
2025-08-01 02:00:00,36.681,36.713,36.567,36.604,0
2025-08-01 03:00:00,36.605,36.617,36.385,36.44,0
2025-08-01 04:00:00,36.437,36.479,36.342,36.416,0
2025-08-01 05:00:00,36.422,36.496,36.386,36.424,0
2025-08-01 06:00:00,36.425,36.516,36.393,36.478,0
2025-08-01 07:00:00,36.481,36.522,36.388,36.432,0
2025-08-01 08:00:00,36.439,37.011,36.369,36.996,0
2025-08-01 09:00:00,37.0,37.176,36.797,36.903,0
2025-08-01 10:00:00,36.909,37.064,36.827,36.897,0
2025-08-01 11:00:00,36.905,36.971,36.826,36.922,0
2025-08-01 12:00:00,36.93,36.944,36.75,36.854,0
2025-08-01 13:00:00,36.855,36.894,36.823,36.872,0
2025-08-01 14:00:00,36.874,36.95,36.847,36.861,0
2025-08-01 15:00:00,36.86,37.01,36.856,36.965,0
2025-08-01 16:00:00,36.97,37.022,36.952,37.017,0
2025-08-03 18:00:00,36.979,37.044,36.954,36.975,0
2025-08-03 19:00:00,36.976,37.025,36.956,37.021,0
2025-08-03 20:00:00,37.022,37.024,36.789,36.795,0
2025-08-03 21:00:00,36.794,36.833,36.656,36.779,0
2025-08-03 22:00:00,36.778,36.99,36.756,36.989,0
2025-08-03 23:00:00,36.99,37.09,36.987,37.075,0
2025-08-04 00:00:00,37.073,37.106,37.06,37.093,0
2025-08-04 01:00:00,37.094,37.153,37.05,37.125,0
2025-08-04 02:00:00,37.125,37.243,37.114,37.228,0
2025-08-04 03:00:00,37.223,37.277,37.144,37.264,0
2025-08-04 04:00:00,37.264,37.39,37.242,37.355,0
2025-08-04 05:00:00,37.35,37.368,37.199,37.219,0
2025-08-04 06:00:00,37.219,37.237,37.119,37.152,0
2025-08-04 07:00:00,37.155,37.342,37.136,37.333,0
2025-08-04 08:00:00,37.335,37.338,37.139,37.279,0
2025-08-04 09:00:00,37.28,37.391,37.218,37.345,0
2025-08-04 10:00:00,37.344,37.47,37.252,37.339,0
2025-08-04 11:00:00,37.344,37.391,37.263,37.381,0
2025-08-04 12:00:00,37.381,37.394,37.293,37.321,0
2025-08-04 13:00:00,37.319,37.353,37.258,37.332,0
2025-08-04 14:00:00,37.326,37.382,37.312,37.367,0
2025-08-04 15:00:00,37.362,37.395,37.348,37.395,0
2025-08-04 16:00:00,37.393,37.422,37.325,37.325,0
2025-08-04 18:00:00,37.397,37.406,37.349,37.38,0
2025-08-04 19:00:00,37.377,37.43,37.376,37.425,0
2025-08-04 20:00:00,37.42,37.437,37.379,37.401,0
2025-08-04 21:00:00,37.395,37.46,37.356,37.422,0
2025-08-04 22:00:00,37.422,37.48,37.391,37.414,0
2025-08-04 23:00:00,37.419,37.45,37.382,37.397,0
2025-08-05 00:00:00,37.398,37.399,37.354,37.371,0
2025-08-05 01:00:00,37.371,37.48,37.311,37.452,0
2025-08-05 02:00:00,37.449,37.452,37.314,37.328,0
2025-08-05 03:00:00,37.33,37.476,37.325,37.413,0
2025-08-05 04:00:00,37.413,37.514,37.366,37.445,0
2025-08-05 05:00:00,37.444,37.473,37.314,37.326,0
2025-08-05 06:00:00,37.338,37.419,37.294,37.331,0
2025-08-05 07:00:00,37.33,37.401,37.307,37.353,0
2025-08-05 08:00:00,37.348,37.525,37.346,37.473,0
2025-08-05 09:00:00,37.469,37.578,37.408,37.527,0
2025-08-05 10:00:00,37.504,37.871,37.448,37.771,0
2025-08-05 11:00:00,37.763,37.826,37.686,37.814,0
2025-08-05 12:00:00,37.815,37.83,37.723,37.781,0
2025-08-05 13:00:00,37.782,37.872,37.769,37.83,0
2025-08-05 14:00:00,37.823,37.865,37.809,37.822,0
2025-08-05 15:00:00,37.825,37.843,37.768,37.789,0
2025-08-05 16:00:00,37.789,37.845,37.773,37.783,0
2025-08-05 18:00:00,37.784,37.809,37.731,37.78,0
2025-08-05 19:00:00,37.778,37.813,37.774,37.804,0
2025-08-05 20:00:00,37.805,37.82,37.758,37.787,0
2025-08-05 21:00:00,37.786,37.856,37.757,37.849,0
2025-08-05 22:00:00,37.849,37.85,37.747,37.787,0
2025-08-05 23:00:00,37.789,37.858,37.787,37.812,0
2025-08-06 00:00:00,37.811,37.851,37.78,37.789,0
2025-08-06 01:00:00,37.78,37.845,37.754,37.805,0
2025-08-06 02:00:00,37.804,37.883,37.79,37.835,0
2025-08-06 03:00:00,37.836,37.899,37.756,37.871,0
2025-08-06 04:00:00,37.87,37.884,37.733,37.777,0
2025-08-06 05:00:00,37.782,37.834,37.652,37.656,0
2025-08-06 06:00:00,37.654,37.824,37.638,37.785,0
2025-08-06 07:00:00,37.775,37.84,37.723,37.799,0
2025-08-06 08:00:00,37.789,37.812,37.597,37.719,0
2025-08-06 09:00:00,37.709,37.905,37.658,37.894,0
2025-08-06 10:00:00,37.894,37.926,37.831,37.921,0
2025-08-06 11:00:00,37.925,37.938,37.742,37.866,0
2025-08-06 12:00:00,37.865,37.897,37.786,37.81,0
2025-08-06 13:00:00,37.812,37.898,37.808,37.881,0
2025-08-06 14:00:00,37.873,37.892,37.803,37.816,0
2025-08-06 15:00:00,37.81,37.864,37.789,37.81,0
2025-08-06 16:00:00,37.809,37.841,37.689,37.692,0
2025-08-06 18:00:00,37.778,37.916,37.778,37.898,0
2025-08-06 19:00:00,37.888,37.935,37.854,37.868,0
2025-08-06 20:00:00,37.865,37.93,37.826,37.838,0
2025-08-06 21:00:00,37.837,37.963,37.813,37.946,0
2025-08-06 22:00:00,37.947,38.021,37.877,37.98,0
2025-08-06 23:00:00,37.979,38.015,37.942,38.015,0
2025-08-07 00:00:00,38.016,38.055,38.01,38.044,0
2025-08-07 01:00:00,38.045,38.07,37.973,38.001,0
2025-08-07 02:00:00,38.002,38.115,37.992,38.115,0
2025-08-07 03:00:00,38.114,38.301,38.068,38.254,0
2025-08-07 04:00:00,38.244,38.267,37.88,38.217,0
2025-08-07 05:00:00,38.22,38.345,38.121,38.224,0
2025-08-07 06:00:00,38.222,38.443,38.215,38.394,0
2025-08-07 07:00:00,38.399,38.469,38.253,38.303,0
2025-08-07 08:00:00,38.309,38.454,38.198,38.256,0
2025-08-07 09:00:00,38.251,38.495,38.207,38.352,0
2025-08-07 10:00:00,38.349,38.382,38.16,38.188,0
2025-08-07 11:00:00,38.184,38.272,38.15,38.202,0
2025-08-07 12:00:00,38.207,38.292,38.109,38.148,0
2025-08-07 13:00:00,38.142,38.181,38.097,38.116,0
2025-08-07 14:00:00,38.115,38.143,37.987,38.054,0
2025-08-07 15:00:00,38.053,38.259,38.035,38.256,0
2025-08-07 16:00:00,38.26,38.286,38.214,38.242,0
2025-08-07 18:00:00,38.24,38.299,38.065,38.074,0
2025-08-07 19:00:00,38.086,38.35,37.997,38.179,0
2025-08-07 20:00:00,38.177,38.303,38.054,38.081,0
2025-08-07 21:00:00,38.086,38.202,37.817,37.951,0
2025-08-07 22:00:00,37.958,38.155,37.945,38.068,0
2025-08-07 23:00:00,38.069,38.202,38.03,38.156,0
2025-08-08 00:00:00,38.155,38.236,38.094,38.185,0
2025-08-08 01:00:00,38.185,38.338,38.112,38.315,0
2025-08-08 02:00:00,38.314,38.393,38.029,38.295,0
2025-08-08 03:00:00,38.29,38.446,38.213,38.416,0
2025-08-08 04:00:00,38.417,38.472,38.304,38.319,0
2025-08-08 05:00:00,38.319,38.394,38.288,38.353,0
2025-08-08 06:00:00,38.354,38.389,38.229,38.283,0
2025-08-08 07:00:00,38.283,38.347,38.196,38.278,0
2025-08-08 08:00:00,38.278,38.376,38.169,38.234,0
2025-08-08 09:00:00,38.235,38.405,38.19,38.371,0
2025-08-08 10:00:00,38.37,38.406,38.214,38.347,0
2025-08-08 11:00:00,38.347,38.389,38.228,38.311,0
2025-08-08 12:00:00,38.312,38.323,38.243,38.258,0
2025-08-08 13:00:00,38.255,38.333,38.094,38.111,0
2025-08-08 14:00:00,38.116,38.372,37.987,38.348,0
2025-08-08 15:00:00,38.348,38.407,38.27,38.383,0
2025-08-08 16:00:00,38.391,38.418,38.245,38.339,0
2025-08-10 18:00:00,38.299,38.383,38.245,38.261,0
2025-08-10 19:00:00,38.261,38.272,38.153,38.168,0
2025-08-10 20:00:00,38.172,38.205,38.078,38.14,0
2025-08-10 21:00:00,38.135,38.237,38.006,38.134,0
2025-08-10 22:00:00,38.146,38.153,37.903,38.083,0
2025-08-10 23:00:00,38.092,38.108,38.012,38.059,0
2025-08-11 00:00:00,38.061,38.095,38.024,38.032,0
2025-08-11 01:00:00,38.03,38.206,38.009,38.179,0
2025-08-11 02:00:00,38.179,38.213,38.036,38.036,0
2025-08-11 03:00:00,38.035,38.052,37.588,37.689,0
2025-08-11 04:00:00,37.691,37.956,37.684,37.932,0
2025-08-11 05:00:00,37.933,37.974,37.841,37.859,0
2025-08-11 06:00:00,37.86,37.948,37.759,37.778,0
2025-08-11 07:00:00,37.781,37.816,37.677,37.717,0
2025-08-11 08:00:00,37.719,37.803,37.536,37.802,0
2025-08-11 09:00:00,37.802,37.891,37.729,37.871,0
2025-08-11 10:00:00,37.876,37.9,37.705,37.747,0
2025-08-11 11:00:00,37.744,37.765,37.683,37.735,0
2025-08-11 12:00:00,37.743,37.772,37.65,37.662,0
2025-08-11 13:00:00,37.662,37.79,37.641,37.762,0
2025-08-11 14:00:00,37.771,37.79,37.691,37.699,0
2025-08-11 15:00:00,37.704,37.717,37.631,37.639,0
2025-08-11 16:00:00,37.639,37.668,37.552,37.564,0
2025-08-11 18:00:00,37.574,37.642,37.492,37.637,0
2025-08-11 19:00:00,37.635,37.676,37.631,37.666,0
2025-08-11 20:00:00,37.666,37.815,37.649,37.813,0
2025-08-11 21:00:00,37.807,37.832,37.744,37.793,0
2025-08-11 22:00:00,37.786,37.826,37.769,37.804,0
2025-08-11 23:00:00,37.806,37.911,37.802,37.866,0
2025-08-12 00:00:00,37.872,37.899,37.813,37.89,0
2025-08-12 01:00:00,37.889,37.939,37.849,37.931,0
2025-08-12 02:00:00,37.933,37.946,37.832,37.841,0
2025-08-12 03:00:00,37.836,37.907,37.769,37.79,0
2025-08-12 04:00:00,37.784,37.818,37.699,37.781,0
2025-08-12 05:00:00,37.781,37.826,37.705,37.729,0
2025-08-12 06:00:00,37.726,37.763,37.665,37.683,0
2025-08-12 07:00:00,37.688,37.762,37.589,37.752,0
2025-08-12 08:00:00,37.751,37.814,37.597,37.8,0
2025-08-12 09:00:00,37.793,37.837,37.632,37.669,0
2025-08-12 10:00:00,37.668,37.734,37.552,37.653,0
2025-08-12 11:00:00,37.659,38.01,37.651,37.953,0
2025-08-12 12:00:00,37.95,37.969,37.905,37.94,0
2025-08-12 13:00:00,37.939,37.962,37.882,37.901,0
2025-08-12 14:00:00,37.899,37.939,37.825,37.858,0
2025-08-12 15:00:00,37.857,37.889,37.826,37.882,0
2025-08-12 16:00:00,37.882,37.919,37.856,37.898,0
2025-08-12 18:00:00,37.865,37.954,37.865,37.92,0
2025-08-12 19:00:00,37.915,37.937,37.9,37.909,0
2025-08-12 20:00:00,37.908,37.908,37.835,37.843,0
2025-08-12 21:00:00,37.848,38.097,37.847,38.09,0
2025-08-12 22:00:00,38.094,38.189,38.034,38.115,0
2025-08-12 23:00:00,38.123,38.151,38.108,38.131,0
2025-08-13 00:00:00,38.137,38.192,38.116,38.186,0
2025-08-13 01:00:00,38.193,38.209,38.144,38.2,0
2025-08-13 02:00:00,38.198,38.388,38.192,38.359,0
2025-08-13 03:00:00,38.353,38.431,38.341,38.404,0
2025-08-13 04:00:00,38.404,38.499,38.374,38.49,0
2025-08-13 05:00:00,38.49,38.587,38.473,38.552,0
2025-08-13 06:00:00,38.551,38.599,38.526,38.589,0
2025-08-13 07:00:00,38.582,38.637,38.455,38.566,0
2025-08-13 08:00:00,38.558,38.605,38.484,38.536,0
2025-08-13 09:00:00,38.535,38.556,38.335,38.444,0
2025-08-13 10:00:00,38.443,38.571,38.397,38.507,0
2025-08-13 11:00:00,38.504,38.519,38.383,38.46,0
2025-08-13 12:00:00,38.463,38.491,38.436,38.484,0
2025-08-13 13:00:00,38.488,38.569,38.462,38.475,0
2025-08-13 14:00:00,38.479,38.484,38.429,38.461,0
2025-08-13 15:00:00,38.462,38.536,38.443,38.524,0
2025-08-13 16:00:00,38.522,38.54,38.47,38.47,0
2025-08-13 18:00:00,38.512,38.534,38.468,38.514,0
2025-08-13 19:00:00,38.519,38.529,38.485,38.52,0
2025-08-13 20:00:00,38.512,38.585,38.512,38.574,0
2025-08-13 21:00:00,38.572,38.62,38.52,38.62,0
2025-08-13 22:00:00,38.618,38.728,38.61,38.695,0
2025-08-13 23:00:00,38.689,38.697,38.54,38.556,0
2025-08-14 00:00:00,38.556,38.591,38.527,38.559,0
2025-08-14 01:00:00,38.558,38.595,38.416,38.473,0
2025-08-14 02:00:00,38.474,38.491,38.375,38.434,0
2025-08-14 03:00:00,38.435,38.513,38.262,38.281,0
2025-08-14 04:00:00,38.287,38.36,38.198,38.223,0
2025-08-14 05:00:00,38.222,38.376,38.217,38.339,0
2025-08-14 06:00:00,38.337,38.418,38.28,38.311,0
2025-08-14 07:00:00,38.307,38.343,38.27,38.307,0
2025-08-14 08:00:00,38.308,38.319,38.065,38.177,0
2025-08-14 09:00:00,38.178,38.265,37.971,37.997,0
2025-08-14 10:00:00,38.002,38.149,37.823,37.976,0
2025-08-14 11:00:00,37.988,38.081,37.922,38.071,0
2025-08-14 12:00:00,38.066,38.073,37.852,37.987,0
2025-08-14 13:00:00,37.98,38.043,37.943,37.991,0
2025-08-14 14:00:00,37.993,38.063,37.934,38.039,0
2025-08-14 15:00:00,38.037,38.066,37.974,37.991,0
2025-08-14 16:00:00,37.996,38.013,37.958,37.975,0
2025-08-14 18:00:00,37.98,38.02,37.976,38.001,0
2025-08-14 19:00:00,38.001,38.019,37.98,37.992,0
2025-08-14 20:00:00,37.996,38.015,37.966,38.01,0
2025-08-14 21:00:00,38.007,38.019,37.861,37.991,0
2025-08-14 22:00:00,37.99,37.996,37.804,37.939,0
2025-08-14 23:00:00,37.943,38.058,37.937,38.018,0
2025-08-15 00:00:00,38.018,38.046,38.001,38.027,0
2025-08-15 01:00:00,38.021,38.092,38.017,38.062,0
2025-08-15 02:00:00,38.063,38.067,37.979,37.983,0
2025-08-15 03:00:00,37.982,38.044,37.869,38.031,0
2025-08-15 04:00:00,38.031,38.055,37.942,37.943,0
2025-08-15 05:00:00,37.953,37.954,37.785,37.85,0
2025-08-15 06:00:00,37.852,37.855,37.777,37.788,0
2025-08-15 07:00:00,37.791,37.863,37.72,37.812,0
2025-08-15 08:00:00,37.815,37.896,37.758,37.812,0
2025-08-15 09:00:00,37.809,37.882,37.669,37.745,0
2025-08-15 10:00:00,37.716,37.912,37.714,37.897,0
2025-08-15 11:00:00,37.896,37.985,37.886,37.965,0
2025-08-15 12:00:00,37.968,37.989,37.871,37.914,0
2025-08-15 13:00:00,37.914,37.97,37.867,37.951,0
2025-08-15 14:00:00,37.952,38.0,37.932,37.97,0
2025-08-15 15:00:00,37.966,37.994,37.938,37.971,0
2025-08-15 16:00:00,37.978,37.996,37.861,37.993,0
2025-08-17 18:00:00,38.007,38.027,37.876,37.896,0
2025-08-17 19:00:00,37.874,37.901,37.802,37.857,0
2025-08-17 20:00:00,37.851,38.099,37.848,38.048,0
2025-08-17 21:00:00,38.05,38.122,38.004,38.098,0
2025-08-17 22:00:00,38.101,38.104,37.957,37.975,0
2025-08-17 23:00:00,37.981,38.127,37.975,38.111,0
2025-08-18 00:00:00,38.112,38.162,38.093,38.148,0
2025-08-18 01:00:00,38.156,38.164,38.032,38.075,0
2025-08-18 02:00:00,38.076,38.132,38.003,38.12,0
2025-08-18 03:00:00,38.114,38.142,38.016,38.102,0
2025-08-18 04:00:00,38.095,38.119,37.975,38.093,0
2025-08-18 05:00:00,38.092,38.161,38.066,38.124,0
2025-08-18 06:00:00,38.129,38.163,38.073,38.092,0
2025-08-18 07:00:00,38.097,38.132,38.024,38.046,0
2025-08-18 08:00:00,38.049,38.256,38.029,38.194,0
2025-08-18 09:00:00,38.191,38.233,38.029,38.054,0
2025-08-18 10:00:00,38.047,38.107,37.988,38.057,0
2025-08-18 11:00:00,38.061,38.079,37.999,38.04,0
2025-08-18 12:00:00,38.036,38.036,37.947,37.964,0
2025-08-18 13:00:00,37.962,38.038,37.96,38.015,0
2025-08-18 14:00:00,38.008,38.033,37.975,38.003,0
2025-08-18 15:00:00,38.0,38.048,37.978,38.03,0
2025-08-18 16:00:00,38.038,38.038,37.987,38.01,0
2025-08-18 18:00:00,38.028,38.084,37.985,38.079,0
2025-08-18 19:00:00,38.078,38.085,38.026,38.052,0
2025-08-18 20:00:00,38.049,38.084,37.968,38.06,0
2025-08-18 21:00:00,38.059,38.068,37.828,37.873,0
2025-08-18 22:00:00,37.872,37.887,37.709,37.88,0
2025-08-18 23:00:00,37.881,37.947,37.86,37.906,0
2025-08-19 00:00:00,37.903,37.945,37.881,37.915,0
2025-08-19 01:00:00,37.907,37.99,37.844,37.862,0
2025-08-19 02:00:00,37.862,37.932,37.834,37.912,0
2025-08-19 03:00:00,37.905,38.028,37.857,38.014,0
2025-08-19 04:00:00,38.015,38.053,37.967,38.038,0
2025-08-19 05:00:00,38.035,38.092,38.024,38.062,0
2025-08-19 06:00:00,38.066,38.1,38.042,38.06,0
2025-08-19 07:00:00,38.064,38.09,38.033,38.044,0
2025-08-19 08:00:00,38.041,38.134,38.01,38.03,0
2025-08-19 09:00:00,38.03,38.036,37.815,37.897,0
2025-08-19 10:00:00,37.896,37.936,37.425,37.474,0
2025-08-19 11:00:00,37.485,37.528,37.381,37.442,0
2025-08-19 12:00:00,37.441,37.495,37.316,37.321,0
2025-08-19 13:00:00,37.314,37.381,37.262,37.34,0
2025-08-19 14:00:00,37.34,37.345,37.275,37.3,0
2025-08-19 15:00:00,37.3,37.32,37.267,37.304,0
2025-08-19 16:00:00,37.299,37.386,37.293,37.316,0
2025-08-19 18:00:00,37.356,37.423,37.348,37.366,0
2025-08-19 19:00:00,37.367,37.381,37.343,37.357,0
2025-08-19 20:00:00,37.356,37.38,37.317,37.362,0
2025-08-19 21:00:00,37.362,37.372,37.19,37.251,0
2025-08-19 22:00:00,37.25,37.289,37.184,37.221,0
2025-08-19 23:00:00,37.223,37.258,37.151,37.198,0
2025-08-20 00:00:00,37.2,37.265,37.175,37.183,0
2025-08-20 01:00:00,37.184,37.22,37.138,37.216,0
2025-08-20 02:00:00,37.217,37.228,37.141,37.162,0
2025-08-20 03:00:00,37.159,37.195,37.107,37.156,0
2025-08-20 04:00:00,37.161,37.161,36.951,37.047,0
2025-08-20 05:00:00,37.04,37.102,37.014,37.071,0
2025-08-20 06:00:00,37.073,37.089,36.975,37.049,0
2025-08-20 07:00:00,37.047,37.185,37.037,37.17,0
2025-08-20 08:00:00,37.173,37.64,37.166,37.607,0
2025-08-20 09:00:00,37.608,37.824,37.584,37.737,0
2025-08-20 10:00:00,37.737,37.839,37.642,37.747,0
2025-08-20 11:00:00,37.755,37.767,37.699,37.743,0
2025-08-20 12:00:00,37.741,37.806,37.738,37.775,0
2025-08-20 13:00:00,37.774,37.823,37.756,37.803,0
2025-08-20 14:00:00,37.804,37.832,37.762,37.795,0
2025-08-20 15:00:00,37.787,37.927,37.782,37.901,0
2025-08-20 16:00:00,37.899,37.906,37.758,37.758,0
2025-08-20 18:00:00,37.9,37.947,37.881,37.906,0
2025-08-20 19:00:00,37.899,37.906,37.885,37.897,0
2025-08-20 20:00:00,37.898,37.898,37.838,37.855,0
2025-08-20 21:00:00,37.855,37.961,37.807,37.872,0
2025-08-20 22:00:00,37.871,37.912,37.844,37.853,0
2025-08-20 23:00:00,37.854,37.906,37.838,37.839,0
2025-08-21 00:00:00,37.838,37.917,37.833,37.868,0
2025-08-21 01:00:00,37.868,37.93,37.849,37.867,0
2025-08-21 02:00:00,37.868,37.907,37.788,37.813,0
2025-08-21 03:00:00,37.814,37.905,37.783,37.822,0
2025-08-21 04:00:00,37.827,37.845,37.776,37.807,0
2025-08-21 05:00:00,37.799,37.802,37.719,37.752,0
2025-08-21 06:00:00,37.756,37.768,37.521,37.55,0
2025-08-21 07:00:00,37.545,37.748,37.519,37.717,0
2025-08-21 08:00:00,37.718,37.987,37.695,37.977,0
2025-08-21 09:00:00,37.977,38.083,37.937,37.982,0
2025-08-21 10:00:00,37.976,38.195,37.976,38.105,0
2025-08-21 11:00:00,38.105,38.195,38.006,38.144,0
2025-08-21 12:00:00,38.143,38.144,38.044,38.088,0
2025-08-21 13:00:00,38.087,38.123,38.058,38.086,0
2025-08-21 14:00:00,38.09,38.099,38.056,38.077,0
2025-08-21 15:00:00,38.08,38.12,38.076,38.104,0
2025-08-21 16:00:00,38.105,38.14,38.069,38.072,0
2025-08-21 18:00:00,38.111,38.151,38.098,38.098,0
2025-08-21 19:00:00,38.098,38.108,38.072,38.087,0
2025-08-21 20:00:00,38.088,38.167,38.066,38.155,0
2025-08-21 21:00:00,38.162,38.162,38.101,38.114,0
2025-08-21 22:00:00,38.114,38.179,38.084,38.096,0
2025-08-21 23:00:00,38.095,38.107,38.062,38.063,0
2025-08-22 00:00:00,38.062,38.096,38.03,38.047,0
2025-08-22 01:00:00,38.046,38.079,37.989,38.03,0
2025-08-22 02:00:00,38.026,38.031,37.893,37.993,0
2025-08-22 03:00:00,37.994,38.102,37.937,37.996,0
2025-08-22 04:00:00,37.996,38.085,37.976,38.016,0
2025-08-22 05:00:00,38.016,38.058,37.962,37.992,0
2025-08-22 06:00:00,37.999,38.034,37.931,38.005,0
2025-08-22 07:00:00,38.0,38.009,37.898,37.965,0
2025-08-22 08:00:00,37.967,37.973,37.684,37.803,0
2025-08-22 09:00:00,37.81,38.0,37.778,37.945,0
2025-08-22 10:00:00,37.957,38.964,37.957,38.934,0
2025-08-22 11:00:00,38.933,39.052,38.869,38.917,0
2025-08-22 12:00:00,38.915,39.012,38.883,38.974,0
2025-08-22 13:00:00,38.971,39.057,38.963,39.003,0
2025-08-22 14:00:00,39.006,39.028,38.965,38.99,0
2025-08-22 15:00:00,38.983,38.995,38.863,38.903,0
2025-08-22 16:00:00,38.902,38.948,38.648,38.888,0
2025-08-24 18:00:00,38.899,38.951,38.844,38.91,0
2025-08-24 19:00:00,38.905,38.928,38.882,38.911,0
2025-08-24 20:00:00,38.911,38.966,38.864,38.959,0
2025-08-24 21:00:00,38.958,38.985,38.781,38.815,0
2025-08-24 22:00:00,38.817,38.873,38.754,38.765,0
2025-08-24 23:00:00,38.763,38.853,38.749,38.827,0
2025-08-25 00:00:00,38.829,38.837,38.779,38.808,0
2025-08-25 01:00:00,38.808,38.874,38.776,38.855,0
2025-08-25 02:00:00,38.855,38.971,38.851,38.955,0
2025-08-25 03:00:00,38.955,38.955,38.847,38.853,0
2025-08-25 04:00:00,38.854,38.87,38.785,38.796,0
2025-08-25 05:00:00,38.795,38.796,38.705,38.731,0
2025-08-25 06:00:00,38.738,38.77,38.685,38.691,0
2025-08-25 07:00:00,38.693,38.82,38.678,38.813,0
2025-08-25 08:00:00,38.811,38.833,38.614,38.697,0
2025-08-25 09:00:00,38.699,38.757,38.559,38.744,0
2025-08-25 10:00:00,38.742,38.922,38.742,38.844,0
2025-08-25 11:00:00,38.851,38.906,38.765,38.802,0
2025-08-25 12:00:00,38.791,38.823,38.709,38.757,0
2025-08-25 13:00:00,38.757,38.763,38.699,38.714,0
2025-08-25 14:00:00,38.71,38.727,38.633,38.646,0
2025-08-25 15:00:00,38.65,38.661,38.56,38.565,0
2025-08-25 16:00:00,38.561,38.583,38.507,38.56,0
2025-08-25 18:00:00,38.535,38.577,38.499,38.544,0
2025-08-25 19:00:00,38.544,38.544,38.355,38.402,0
2025-08-25 20:00:00,38.403,38.746,38.327,38.732,0
2025-08-25 21:00:00,38.731,38.756,38.655,38.689,0
2025-08-25 22:00:00,38.689,38.754,38.672,38.686,0
2025-08-25 23:00:00,38.686,38.755,38.651,38.718,0
2025-08-26 00:00:00,38.717,38.842,38.712,38.835,0
2025-08-26 01:00:00,38.836,38.839,38.776,38.812,0
2025-08-26 02:00:00,38.811,38.834,38.69,38.702,0
2025-08-26 03:00:00,38.694,38.731,38.551,38.666,0
2025-08-26 04:00:00,38.667,38.711,38.622,38.623,0
2025-08-26 05:00:00,38.619,38.733,38.389,38.517,0
2025-08-26 06:00:00,38.516,38.552,38.361,38.439,0
2025-08-26 07:00:00,38.44,38.519,38.382,38.504,0
2025-08-26 08:00:00,38.498,38.533,38.372,38.397,0
2025-08-26 09:00:00,38.396,38.54,38.367,38.473,0
2025-08-26 10:00:00,38.483,38.599,38.429,38.575,0
2025-08-26 11:00:00,38.576,38.65,38.518,38.623,0
2025-08-26 12:00:00,38.618,38.631,38.498,38.532,0
2025-08-26 13:00:00,38.531,38.552,38.473,38.502,0
2025-08-26 14:00:00,38.497,38.531,38.485,38.523,0
2025-08-26 15:00:00,38.526,38.577,38.502,38.551,0
2025-08-26 16:00:00,38.555,38.609,38.543,38.604,0
2025-08-26 18:00:00,38.552,38.688,38.552,38.664,0
2025-08-26 19:00:00,38.664,38.687,38.628,38.647,0
2025-08-26 20:00:00,38.644,38.666,38.598,38.612,0
2025-08-26 21:00:00,38.614,38.629,38.524,38.564,0
2025-08-26 22:00:00,38.567,38.587,38.491,38.526,0
2025-08-26 23:00:00,38.524,38.558,38.51,38.528,0
2025-08-27 00:00:00,38.529,38.532,38.418,38.434,0
2025-08-27 01:00:00,38.435,38.521,38.421,38.464,0
2025-08-27 02:00:00,38.466,38.53,38.398,38.42,0
2025-08-27 03:00:00,38.419,38.461,38.328,38.392,0
2025-08-27 04:00:00,38.381,38.411,38.347,38.364,0
2025-08-27 05:00:00,38.365,38.376,38.071,38.204,0
2025-08-27 06:00:00,38.209,38.284,38.154,38.199,0
2025-08-27 07:00:00,38.198,38.286,38.191,38.259,0
2025-08-27 08:00:00,38.257,38.416,38.231,38.265,0
2025-08-27 09:00:00,38.266,38.342,38.113,38.222,0
2025-08-27 10:00:00,38.216,38.399,38.201,38.391,0
2025-08-27 11:00:00,38.393,38.517,38.369,38.489,0
2025-08-27 12:00:00,38.497,38.62,38.454,38.604,0
2025-08-27 13:00:00,38.602,38.618,38.569,38.597,0
2025-08-27 14:00:00,38.587,38.598,38.515,38.538,0
2025-08-27 15:00:00,38.538,38.578,38.484,38.513,0
2025-08-27 16:00:00,38.508,38.597,38.459,38.563,0
2025-08-27 18:00:00,38.577,38.626,38.523,38.564,0
2025-08-27 19:00:00,38.564,38.622,38.558,38.602,0
2025-08-27 20:00:00,38.601,38.65,38.58,38.64,0
2025-08-27 21:00:00,38.64,38.744,38.621,38.655,0
2025-08-27 22:00:00,38.654,38.736,38.642,38.734,0
2025-08-27 23:00:00,38.738,38.768,38.667,38.699,0
2025-08-28 00:00:00,38.698,38.754,38.668,38.718,0
2025-08-28 01:00:00,38.717,38.752,38.665,38.722,0
2025-08-28 02:00:00,38.721,38.863,38.721,38.832,0
2025-08-28 03:00:00,38.829,38.919,38.747,38.911,0
2025-08-28 04:00:00,38.915,38.92,38.807,38.87,0
2025-08-28 05:00:00,38.871,38.924,38.843,38.875,0
2025-08-28 06:00:00,38.874,38.976,38.811,38.951,0
2025-08-28 07:00:00,38.944,39.021,38.876,39.001,0
2025-08-28 08:00:00,39.009,39.111,38.825,38.905,0
2025-08-28 09:00:00,38.898,39.042,38.846,38.979,0
2025-08-28 10:00:00,38.981,39.032,38.858,38.956,0
2025-08-28 11:00:00,38.959,38.974,38.796,38.947,0
2025-08-28 12:00:00,38.953,39.091,38.946,39.028,0
2025-08-28 13:00:00,39.031,39.104,39.023,39.072,0
2025-08-28 14:00:00,39.081,39.098,39.044,39.058,0
2025-08-28 15:00:00,39.056,39.111,38.999,39.094,0
2025-08-28 16:00:00,39.085,39.094,38.994,38.994,0
2025-08-28 18:00:00,38.995,39.084,38.945,39.061,0
2025-08-28 19:00:00,39.058,39.1,38.959,38.97,0
2025-08-28 20:00:00,38.969,39.023,38.956,38.995,0
2025-08-28 21:00:00,39.0,39.031,38.898,38.964,0
2025-08-28 22:00:00,38.963,38.991,38.826,38.849,0
2025-08-28 23:00:00,38.848,38.891,38.771,38.827,0
2025-08-29 00:00:00,38.826,38.855,38.796,38.842,0
2025-08-29 01:00:00,38.844,38.935,38.787,38.924,0
2025-08-29 02:00:00,38.925,38.94,38.799,38.835,0
2025-08-29 03:00:00,38.836,38.908,38.754,38.893,0
2025-08-29 04:00:00,38.891,38.983,38.872,38.983,0
2025-08-29 05:00:00,38.977,38.999,38.814,38.85,0
2025-08-29 06:00:00,38.843,38.897,38.793,38.831,0
2025-08-29 07:00:00,38.823,38.857,38.77,38.837,0
2025-08-29 08:00:00,38.838,38.957,38.4,38.931,0
2025-08-29 09:00:00,38.928,39.014,38.887,39.014,0
2025-08-29 10:00:00,39.009,39.311,39.004,39.309,0
2025-08-29 11:00:00,39.307,39.562,39.285,39.536,0
2025-08-29 12:00:00,39.538,39.953,39.538,39.948,0
2025-08-29 13:00:00,39.934,39.961,39.729,39.759,0
2025-08-29 14:00:00,39.76,39.768,39.666,39.706,0
2025-08-29 15:00:00,39.708,39.827,39.669,39.817,0
2025-08-29 16:00:00,39.816,39.816,39.53,39.549,0
2025-08-31 18:00:00,39.71,39.72,39.53,39.712,0
2025-08-31 19:00:00,39.706,39.832,39.694,39.784,0
2025-08-31 20:00:00,39.781,39.86,39.772,39.792,0
2025-08-31 21:00:00,39.796,40.195,39.741,40.142,0
2025-08-31 22:00:00,40.14,40.526,40.068,40.474,0
2025-08-31 23:00:00,40.473,40.502,40.242,40.452,0
2025-09-01 00:00:00,40.452,40.471,40.393,40.445,0
2025-09-01 01:00:00,40.446,40.484,40.366,40.459,0
2025-09-01 02:00:00,40.458,40.664,40.43,40.556,0
2025-09-01 03:00:00,40.555,40.654,40.407,40.607,0
2025-09-01 04:00:00,40.607,40.745,40.587,40.683,0
2025-09-01 05:00:00,40.679,40.686,40.477,40.528,0
2025-09-01 06:00:00,40.526,40.679,40.504,40.579,0
2025-09-01 07:00:00,40.576,40.611,40.44,40.542,0
2025-09-01 08:00:00,40.541,40.646,40.47,40.587,0
2025-09-01 09:00:00,40.588,40.74,40.572,40.675,0
2025-09-01 10:00:00,40.671,40.723,40.611,40.672,0
2025-09-01 11:00:00,40.674,40.714,40.628,40.636,0
2025-09-01 12:00:00,40.635,40.728,40.519,40.667,0
2025-09-01 13:00:00,40.665,40.716,40.644,40.709,0
2025-09-01 14:00:00,40.713,40.745,40.701,40.705,0
2025-09-01 18:00:00,40.705,40.712,40.527,40.539,0
2025-09-01 19:00:00,40.546,40.678,40.526,40.643,0
2025-09-01 20:00:00,40.644,40.764,40.567,40.739,0
2025-09-01 21:00:00,40.74,40.845,40.628,40.683,0
2025-09-01 22:00:00,40.682,40.721,40.573,40.674,0
2025-09-01 23:00:00,40.671,40.767,40.609,40.746,0
2025-09-02 00:00:00,40.745,40.821,40.71,40.792,0
2025-09-02 01:00:00,40.793,40.795,40.701,40.706,0
2025-09-02 02:00:00,40.707,40.769,40.575,40.679,0
2025-09-02 03:00:00,40.684,40.769,40.457,40.467,0
2025-09-02 04:00:00,40.47,40.504,40.16,40.235,0
2025-09-02 05:00:00,40.236,40.423,40.231,40.386,0
2025-09-02 06:00:00,40.384,40.528,40.341,40.496,0
2025-09-02 07:00:00,40.494,40.608,40.474,40.596,0
2025-09-02 08:00:00,40.593,40.636,40.21,40.383,0
2025-09-02 09:00:00,40.387,40.46,40.127,40.407,0
2025-09-02 10:00:00,40.407,40.768,40.4,40.74,0
2025-09-02 11:00:00,40.739,40.844,40.705,40.83,0
2025-09-02 12:00:00,40.837,40.898,40.759,40.869,0
2025-09-02 13:00:00,40.866,40.873,40.709,40.846,0
2025-09-02 14:00:00,40.847,40.885,40.785,40.872,0
2025-09-02 15:00:00,40.869,40.919,40.849,40.901,0
2025-09-02 16:00:00,40.902,40.919,40.819,40.828,0
2025-09-02 18:00:00,40.841,40.876,40.682,40.835,0
2025-09-02 19:00:00,40.836,40.88,40.805,40.844,0
2025-09-02 20:00:00,40.848,40.965,40.742,40.759,0
2025-09-02 21:00:00,40.76,40.863,40.688,40.782,0
2025-09-02 22:00:00,40.783,40.833,40.64,40.665,0
2025-09-02 23:00:00,40.664,40.699,40.624,40.673,0
2025-09-03 00:00:00,40.672,40.769,40.668,40.711,0
2025-09-03 01:00:00,40.712,40.764,40.619,40.656,0
2025-09-03 02:00:00,40.657,40.853,40.657,40.807,0
2025-09-03 03:00:00,40.809,40.838,40.682,40.759,0
2025-09-03 04:00:00,40.758,40.852,40.749,40.78,0
2025-09-03 05:00:00,40.785,40.859,40.771,40.806,0
2025-09-03 06:00:00,40.805,40.886,40.768,40.858,0
2025-09-03 07:00:00,40.857,40.934,40.829,40.878,0
2025-09-03 08:00:00,40.876,40.967,40.827,40.958,0
2025-09-03 09:00:00,40.96,41.096,40.92,41.018,0
2025-09-03 10:00:00,41.018,41.457,40.972,41.045,0
2025-09-03 11:00:00,41.049,41.281,41.024,41.259,0
2025-09-03 12:00:00,41.258,41.295,41.114,41.29,0
2025-09-03 13:00:00,41.293,41.36,41.27,41.279,0
2025-09-03 14:00:00,41.28,41.389,41.082,41.16,0
2025-09-03 15:00:00,41.161,41.177,41.046,41.119,0
2025-09-03 16:00:00,41.118,41.235,41.116,41.189,0
2025-09-03 18:00:00,41.15,41.157,41.024,41.031,0
2025-09-03 19:00:00,41.033,41.07,40.943,41.067,0
2025-09-03 20:00:00,41.066,41.211,40.993,41.166,0
2025-09-03 21:00:00,41.166,41.185,40.826,40.872,0
2025-09-03 22:00:00,40.87,40.915,40.63,40.662,0
2025-09-03 23:00:00,40.664,40.743,40.508,40.722,0
2025-09-04 00:00:00,40.721,40.784,40.684,40.751,0
2025-09-04 01:00:00,40.75,40.869,40.741,40.793,0
2025-09-04 02:00:00,40.795,40.93,40.741,40.851,0
2025-09-04 03:00:00,40.852,40.923,40.755,40.904,0
2025-09-04 04:00:00,40.904,40.942,40.866,40.935,0
2025-09-04 05:00:00,40.927,41.001,40.852,40.921,0
2025-09-04 06:00:00,40.92,41.032,40.908,40.959,0
2025-09-04 07:00:00,40.951,40.991,40.811,40.888,0
2025-09-04 08:00:00,40.885,41.014,40.838,40.9,0
2025-09-04 09:00:00,40.899,40.985,40.56,40.618,0
2025-09-04 10:00:00,40.591,40.692,40.39,40.645,0
2025-09-04 11:00:00,40.65,40.769,40.593,40.737,0
2025-09-04 12:00:00,40.736,40.784,40.702,40.76,0
2025-09-04 13:00:00,40.762,40.793,40.474,40.496,0
2025-09-04 14:00:00,40.485,40.625,40.465,40.583,0
2025-09-04 15:00:00,40.591,40.722,40.583,40.684,0
2025-09-04 16:00:00,40.689,40.712,40.651,40.653,0
2025-09-04 18:00:00,40.612,40.629,40.531,40.593,0
2025-09-04 19:00:00,40.597,40.754,40.596,40.717,0
2025-09-04 20:00:00,40.72,40.759,40.692,40.742,0
2025-09-04 21:00:00,40.743,40.791,40.71,40.777,0
2025-09-04 22:00:00,40.78,40.838,40.694,40.834,0
2025-09-04 23:00:00,40.833,40.868,40.799,40.841,0
2025-09-05 00:00:00,40.842,40.869,40.813,40.855,0
2025-09-05 01:00:00,40.857,40.915,40.816,40.904,0
2025-09-05 02:00:00,40.902,40.917,40.786,40.852,0
2025-09-05 03:00:00,40.852,40.858,40.735,40.79,0
2025-09-05 04:00:00,40.781,40.814,40.708,40.766,0
2025-09-05 05:00:00,40.765,40.811,40.736,40.79,0
2025-09-05 06:00:00,40.785,40.818,40.705,40.729,0
2025-09-05 07:00:00,40.723,40.783,40.664,40.774,0
2025-09-05 08:00:00,40.776,41.275,40.554,41.252,0
2025-09-05 09:00:00,41.253,41.407,41.058,41.3,0
2025-09-05 10:00:00,41.305,41.358,40.71,40.953,0
2025-09-05 11:00:00,40.945,41.085,40.813,41.002,0
2025-09-05 12:00:00,41.003,41.089,40.955,40.971,0
2025-09-05 13:00:00,40.977,40.995,40.881,40.991,0
2025-09-05 14:00:00,40.985,41.01,40.895,40.97,0
2025-09-05 15:00:00,40.968,41.01,40.944,40.974,0
2025-09-05 16:00:00,40.977,41.001,40.902,40.984,0
2025-09-07 18:00:00,40.937,40.955,40.735,40.857,0
2025-09-07 19:00:00,40.856,40.905,40.815,40.848,0
2025-09-07 20:00:00,40.844,40.935,40.82,40.921,0
2025-09-07 21:00:00,40.92,41.054,40.72,40.76,0
2025-09-07 22:00:00,40.753,40.783,40.604,40.712,0
2025-09-07 23:00:00,40.715,40.73,40.574,40.606,0
2025-09-08 00:00:00,40.6,40.639,40.519,40.569,0
2025-09-08 01:00:00,40.567,40.82,40.561,40.802,0
2025-09-08 02:00:00,40.803,40.987,40.795,40.987,0
2025-09-08 03:00:00,40.988,41.076,40.959,41.051,0
2025-09-08 04:00:00,41.05,41.195,41.034,41.162,0
2025-09-08 05:00:00,41.155,41.194,41.097,41.194,0
2025-09-08 06:00:00,41.195,41.33,41.108,41.169,0
2025-09-08 07:00:00,41.166,41.287,41.144,41.27,0
2025-09-08 08:00:00,41.276,41.339,41.192,41.3,0
2025-09-08 09:00:00,41.303,41.435,41.256,41.423,0
2025-09-08 10:00:00,41.417,41.569,41.143,41.556,0
2025-09-08 11:00:00,41.558,41.659,41.263,41.428,0
2025-09-08 12:00:00,41.425,41.451,41.216,41.298,0
2025-09-08 13:00:00,41.299,41.312,41.217,41.241,0
2025-09-08 14:00:00,41.242,41.364,41.212,41.347,0
2025-09-08 15:00:00,41.349,41.355,41.267,41.307,0
2025-09-08 16:00:00,41.308,41.346,41.287,41.346,0
2025-09-08 18:00:00,41.306,41.327,41.171,41.31,0
2025-09-08 19:00:00,41.311,41.33,41.3,41.315,0
2025-09-08 20:00:00,41.316,41.364,41.259,41.358,0
2025-09-08 21:00:00,41.359,41.384,41.233,41.359,0
2025-09-08 22:00:00,41.359,41.41,41.303,41.377,0
2025-09-08 23:00:00,41.376,41.403,41.194,41.295,0
2025-09-09 00:00:00,41.291,41.371,41.279,41.357,0
2025-09-09 01:00:00,41.358,41.468,41.348,41.408,0
2025-09-09 02:00:00,41.411,41.44,41.225,41.325,0
2025-09-09 03:00:00,41.324,41.427,41.275,41.35,0
2025-09-09 04:00:00,41.355,41.369,41.187,41.212,0
2025-09-09 05:00:00,41.209,41.302,41.192,41.285,0
2025-09-09 06:00:00,41.286,41.316,41.198,41.211,0
2025-09-09 07:00:00,41.21,41.31,41.123,41.185,0
2025-09-09 08:00:00,41.193,41.249,41.025,41.045,0
2025-09-09 09:00:00,41.052,41.26,40.954,41.239,0
2025-09-09 10:00:00,41.243,41.376,40.8,40.956,0
2025-09-09 11:00:00,40.961,40.99,40.797,40.892,0
2025-09-09 12:00:00,40.887,40.962,40.835,40.837,0
2025-09-09 13:00:00,40.849,40.886,40.805,40.835,0
2025-09-09 14:00:00,40.836,40.983,40.822,40.955,0
2025-09-09 15:00:00,40.952,40.972,40.879,40.912,0
2025-09-09 16:00:00,40.913,40.936,40.752,40.752,0
2025-09-09 18:00:00,40.815,40.864,40.711,40.845,0
2025-09-09 19:00:00,40.845,40.9,40.835,40.861,0
2025-09-09 20:00:00,40.86,40.864,40.735,40.753,0
2025-09-09 21:00:00,40.743,41.004,40.693,40.968,0
2025-09-09 22:00:00,40.968,41.017,40.93,40.995,0
2025-09-09 23:00:00,40.995,41.032,40.971,41.025,0
2025-09-10 00:00:00,41.026,41.063,41.014,41.055,0
2025-09-10 01:00:00,41.055,41.083,40.988,41.059,0
2025-09-10 02:00:00,41.061,41.153,41.039,41.056,0
2025-09-10 03:00:00,41.049,41.172,40.98,41.143,0
2025-09-10 04:00:00,41.144,41.15,41.041,41.099,0
2025-09-10 05:00:00,41.1,41.212,41.061,41.201,0
2025-09-10 06:00:00,41.2,41.231,41.126,41.177,0
2025-09-10 07:00:00,41.177,41.215,41.056,41.09,0
2025-09-10 08:00:00,41.089,41.182,40.955,41.028,0
2025-09-10 09:00:00,41.026,41.264,40.972,41.193,0
2025-09-10 10:00:00,41.192,41.275,41.075,41.184,0
2025-09-10 11:00:00,41.176,41.212,41.05,41.17,0
2025-09-10 12:00:00,41.16,41.205,41.106,41.135,0
2025-09-10 13:00:00,41.135,41.183,41.109,41.178,0
2025-09-10 14:00:00,41.182,41.209,41.105,41.129,0
2025-09-10 15:00:00,41.129,41.193,41.013,41.171,0
2025-09-10 16:00:00,41.169,41.18,41.113,41.139,0
2025-09-10 18:00:00,41.118,41.184,41.118,41.13,0
2025-09-10 19:00:00,41.125,41.232,41.115,41.187,0
2025-09-10 20:00:00,41.189,41.201,41.106,41.133,0
2025-09-10 21:00:00,41.134,41.241,41.125,41.191,0
2025-09-10 22:00:00,41.194,41.21,41.06,41.105,0
2025-09-10 23:00:00,41.103,41.139,41.048,41.082,0
2025-09-11 00:00:00,41.083,41.116,41.031,41.037,0
2025-09-11 01:00:00,41.036,41.06,40.891,40.934,0
2025-09-11 02:00:00,40.934,41.138,40.918,41.1,0
2025-09-11 03:00:00,41.099,41.102,40.964,41.098,0
2025-09-11 04:00:00,41.092,41.116,40.99,41.044,0
2025-09-11 05:00:00,41.043,41.043,40.883,40.987,0
2025-09-11 06:00:00,40.998,41.074,40.97,41.034,0
2025-09-11 07:00:00,41.035,41.115,40.967,41.011,0
2025-09-11 08:00:00,41.012,41.28,40.861,41.062,0
2025-09-11 09:00:00,41.062,41.336,41.022,41.325,0
2025-09-11 10:00:00,41.323,41.462,41.24,41.322,0
2025-09-11 11:00:00,41.323,41.54,41.305,41.534,0
2025-09-11 12:00:00,41.533,41.749,41.525,41.638,0
2025-09-11 13:00:00,41.634,41.647,41.539,41.635,0
2025-09-11 14:00:00,41.636,41.647,41.449,41.498,0
2025-09-11 15:00:00,41.499,41.631,41.491,41.593,0
2025-09-11 16:00:00,41.592,41.609,41.493,41.499,0
2025-09-11 18:00:00,41.503,41.551,41.469,41.53,0
2025-09-11 19:00:00,41.53,41.565,41.505,41.512,0
2025-09-11 20:00:00,41.511,41.511,41.386,41.455,0
2025-09-11 21:00:00,41.453,42.074,41.453,42.001,0
2025-09-11 22:00:00,42.0,42.092,41.81,41.848,0
2025-09-11 23:00:00,41.847,42.048,41.773,42.046,0
2025-09-12 00:00:00,42.04,42.142,42.021,42.074,0
2025-09-12 01:00:00,42.076,42.164,42.025,42.097,0
2025-09-12 02:00:00,42.096,42.114,41.96,42.045,0
2025-09-12 03:00:00,42.046,42.176,42.01,42.152,0
2025-09-12 04:00:00,42.147,42.45,42.12,42.239,0
2025-09-12 05:00:00,42.226,42.371,42.194,42.343,0
2025-09-12 06:00:00,42.345,42.346,42.212,42.271,0
2025-09-12 07:00:00,42.27,42.302,42.153,42.224,0
2025-09-12 08:00:00,42.225,42.25,41.804,41.986,0
2025-09-12 09:00:00,41.988,42.245,41.9,42.218,0
2025-09-12 10:00:00,42.208,42.337,42.146,42.198,0
2025-09-12 11:00:00,42.191,42.241,42.089,42.164,0
2025-09-12 12:00:00,42.168,42.285,42.132,42.241,0
2025-09-12 13:00:00,42.249,42.327,42.235,42.285,0
2025-09-12 14:00:00,42.292,42.292,42.234,42.243,0
2025-09-12 15:00:00,42.242,42.245,42.148,42.196,0
2025-09-12 16:00:00,42.195,42.212,42.043,42.161,0
2025-09-14 18:00:00,42.175,42.226,42.086,42.151,0
2025-09-14 19:00:00,42.147,42.15,42.054,42.085,0
2025-09-14 20:00:00,42.092,42.209,42.07,42.151,0
2025-09-14 21:00:00,42.152,42.188,41.997,42.12,0
2025-09-14 22:00:00,42.119,42.233,42.101,42.134,0
2025-09-14 23:00:00,42.138,42.303,42.132,42.28,0
2025-09-15 00:00:00,42.281,42.288,42.233,42.278,0
2025-09-15 01:00:00,42.279,42.284,42.158,42.206,0
2025-09-15 02:00:00,42.205,42.231,42.093,42.131,0
2025-09-15 03:00:00,42.125,42.243,42.066,42.222,0
2025-09-15 04:00:00,42.211,42.246,42.119,42.2,0
2025-09-15 05:00:00,42.198,42.208,42.086,42.17,0
2025-09-15 06:00:00,42.169,42.239,42.152,42.18,0
2025-09-15 07:00:00,42.18,42.258,42.168,42.192,0
2025-09-15 08:00:00,42.191,42.214,42.016,42.171,0
2025-09-15 09:00:00,42.175,42.262,42.073,42.187,0
2025-09-15 10:00:00,42.188,42.439,42.145,42.439,0
2025-09-15 11:00:00,42.432,42.635,42.385,42.588,0
2025-09-15 12:00:00,42.589,42.665,42.469,42.477,0
2025-09-15 13:00:00,42.48,42.633,42.468,42.623,0
2025-09-15 14:00:00,42.621,42.639,42.546,42.623,0
2025-09-15 15:00:00,42.619,42.711,42.616,42.671,0
2025-09-15 16:00:00,42.669,42.731,42.636,42.636,0
2025-09-15 18:00:00,42.652,42.671,42.586,42.591,0
2025-09-15 19:00:00,42.59,42.638,42.59,42.606,0
2025-09-15 20:00:00,42.605,42.709,42.599,42.688,0
2025-09-15 21:00:00,42.679,42.735,42.622,42.688,0
2025-09-15 22:00:00,42.687,42.739,42.329,42.366,0
2025-09-15 23:00:00,42.361,42.57,42.351,42.563,0
2025-09-16 00:00:00,42.567,42.671,42.546,42.647,0
2025-09-16 01:00:00,42.649,42.71,42.59,42.661,0
2025-09-16 02:00:00,42.658,42.765,42.658,42.743,0
2025-09-16 03:00:00,42.742,42.755,42.664,42.732,0
2025-09-16 04:00:00,42.723,42.745,42.664,42.676,0
2025-09-16 05:00:00,42.68,42.756,42.673,42.697,0
2025-09-16 06:00:00,42.706,42.734,42.667,42.673,0
2025-09-16 07:00:00,42.676,42.857,42.661,42.801,0
2025-09-16 08:00:00,42.798,42.855,42.743,42.813,0
2025-09-16 09:00:00,42.822,42.964,42.709,42.804,0
2025-09-16 10:00:00,42.806,42.94,42.552,42.613,0
2025-09-16 11:00:00,42.604,42.651,42.24,42.424,0
2025-09-16 12:00:00,42.419,42.592,42.398,42.567,0
2025-09-16 13:00:00,42.572,42.591,42.414,42.475,0
2025-09-16 14:00:00,42.476,42.53,42.424,42.527,0
2025-09-16 15:00:00,42.53,42.575,42.493,42.523,0
2025-09-16 16:00:00,42.518,42.597,42.516,42.535,0
2025-09-16 18:00:00,42.534,42.629,42.534,42.612,0
2025-09-16 19:00:00,42.615,42.622,42.597,42.613,0
2025-09-16 20:00:00,42.615,42.622,42.53,42.533,0
2025-09-16 21:00:00,42.532,42.574,41.997,42.107,0
2025-09-16 22:00:00,42.104,42.117,41.77,41.949,0
2025-09-16 23:00:00,41.954,42.007,41.844,41.993,0
2025-09-17 00:00:00,41.995,42.032,41.967,41.997,0
2025-09-17 01:00:00,41.996,42.115,41.814,41.986,0
2025-09-17 02:00:00,41.987,42.006,41.844,41.89,0
2025-09-17 03:00:00,41.889,41.917,41.684,41.751,0
2025-09-17 04:00:00,41.75,41.756,41.532,41.597,0
2025-09-17 05:00:00,41.592,41.637,41.55,41.559,0
2025-09-17 06:00:00,41.563,41.6,41.08,41.295,0
2025-09-17 07:00:00,41.286,41.606,41.226,41.581,0
2025-09-17 08:00:00,41.582,41.908,41.567,41.887,0
2025-09-17 09:00:00,41.889,42.025,41.717,42.015,0
2025-09-17 10:00:00,42.016,42.074,41.935,42.067,0
2025-09-17 11:00:00,42.068,42.078,41.977,42.031,0
2025-09-17 12:00:00,42.038,42.062,41.913,41.941,0
2025-09-17 13:00:00,41.952,41.959,41.711,41.899,0
2025-09-17 14:00:00,41.898,42.225,41.139,41.373,0
2025-09-17 15:00:00,41.372,41.684,41.251,41.632,0
2025-09-17 16:00:00,41.631,41.675,41.554,41.649,0
2025-09-17 18:00:00,41.646,41.725,41.462,41.711,0
2025-09-17 19:00:00,41.709,41.877,41.706,41.801,0
2025-09-17 20:00:00,41.804,41.821,41.67,41.739,0
2025-09-17 21:00:00,41.739,41.87,41.468,41.557,0
2025-09-17 22:00:00,41.557,41.744,41.544,41.68,0
2025-09-17 23:00:00,41.679,41.693,41.465,41.486,0
2025-09-18 00:00:00,41.481,41.483,41.291,41.364,0
2025-09-18 01:00:00,41.363,41.535,41.297,41.33,0
2025-09-18 02:00:00,41.324,41.445,41.189,41.409,0
2025-09-18 03:00:00,41.407,41.843,41.395,41.706,0
2025-09-18 04:00:00,41.71,41.852,41.667,41.817,0
2025-09-18 05:00:00,41.817,41.967,41.788,41.897,0
2025-09-18 06:00:00,41.902,41.906,41.806,41.834,0
2025-09-18 07:00:00,41.837,41.922,41.785,41.819,0
2025-09-18 08:00:00,41.818,41.922,41.759,41.831,0
2025-09-18 09:00:00,41.828,41.831,41.436,41.663,0
2025-09-18 10:00:00,41.666,41.77,41.579,41.588,0
2025-09-18 11:00:00,41.59,41.726,41.558,41.725,0
2025-09-18 12:00:00,41.723,41.81,41.711,41.807,0
2025-09-18 13:00:00,41.799,41.831,41.748,41.789,0
2025-09-18 14:00:00,41.788,41.821,41.754,41.801,0
2025-09-18 15:00:00,41.805,41.849,41.767,41.826,0
2025-09-18 16:00:00,41.829,41.835,41.762,41.78,0
2025-09-18 18:00:00,41.797,41.807,41.739,41.75,0
2025-09-18 19:00:00,41.755,41.783,41.686,41.708,0
2025-09-18 20:00:00,41.712,41.755,41.64,41.689,0
2025-09-18 21:00:00,41.685,41.896,41.64,41.734,0
2025-09-18 22:00:00,41.728,42.163,41.728,42.022,0
2025-09-18 23:00:00,42.021,42.29,41.967,42.27,0
2025-09-19 00:00:00,42.269,42.358,42.261,42.326,0
2025-09-19 01:00:00,42.33,42.369,42.153,42.197,0
2025-09-19 02:00:00,42.195,42.233,42.045,42.091,0
2025-09-19 03:00:00,42.088,42.196,41.94,42.104,0
2025-09-19 04:00:00,42.11,42.241,42.072,42.236,0
2025-09-19 05:00:00,42.236,42.269,42.188,42.226,0
2025-09-19 06:00:00,42.223,42.275,42.201,42.235,0
2025-09-19 07:00:00,42.238,42.254,42.024,42.08,0
2025-09-19 08:00:00,42.082,42.13,41.947,42.06,0
2025-09-19 09:00:00,42.055,42.306,42.013,42.296,0
2025-09-19 10:00:00,42.301,42.693,42.265,42.593,0
2025-09-19 11:00:00,42.599,42.791,42.582,42.718,0
2025-09-19 12:00:00,42.719,42.744,42.626,42.669,0
2025-09-19 13:00:00,42.661,42.903,42.63,42.896,0
2025-09-19 14:00:00,42.888,43.025,42.856,43.005,0
2025-09-19 15:00:00,43.002,43.067,42.915,42.979,0
2025-09-19 16:00:00,42.977,43.092,42.909,43.064,0
2025-09-21 18:00:00,43.097,43.14,43.004,43.089,0
2025-09-21 19:00:00,43.089,43.128,43.009,43.095,0
2025-09-21 20:00:00,43.099,43.179,43.072,43.169,0
2025-09-21 21:00:00,43.17,43.249,43.079,43.151,0
2025-09-21 22:00:00,43.157,43.245,43.109,43.237,0
2025-09-21 23:00:00,43.233,43.58,43.227,43.53,0
2025-09-22 00:00:00,43.529,43.557,43.487,43.523,0
2025-09-22 01:00:00,43.518,43.682,43.517,43.62,0
2025-09-22 02:00:00,43.623,43.765,43.571,43.73,0
2025-09-22 03:00:00,43.725,43.725,43.449,43.568,0
2025-09-22 04:00:00,43.572,43.703,43.555,43.688,0
2025-09-22 05:00:00,43.69,43.756,43.615,43.686,0
2025-09-22 06:00:00,43.685,43.781,43.642,43.731,0
2025-09-22 07:00:00,43.73,43.795,43.532,43.641,0
2025-09-22 08:00:00,43.642,43.653,43.348,43.554,0
2025-09-22 09:00:00,43.555,43.585,43.337,43.552,0
2025-09-22 10:00:00,43.555,43.74,43.512,43.727,0
2025-09-22 11:00:00,43.721,43.85,43.696,43.817,0
2025-09-22 12:00:00,43.819,43.955,43.793,43.888,0
2025-09-22 13:00:00,43.889,44.04,43.861,44.031,0
2025-09-22 14:00:00,44.039,44.082,44.01,44.068,0
2025-09-22 15:00:00,44.062,44.106,44.038,44.077,0
2025-09-22 16:00:00,44.077,44.1,43.936,43.936,0
2025-09-22 18:00:00,44.011,44.053,43.953,43.972,0
2025-09-22 19:00:00,43.977,44.089,43.957,44.005,0
2025-09-22 20:00:00,44.004,44.025,43.859,43.865,0
2025-09-22 21:00:00,43.861,44.034,43.826,43.885,0
2025-09-22 22:00:00,43.882,43.887,43.624,43.78,0
2025-09-22 23:00:00,43.778,43.881,43.717,43.82,0
2025-09-23 00:00:00,43.821,43.951,43.818,43.926,0
2025-09-23 01:00:00,43.927,44.098,43.797,43.803,0
2025-09-23 02:00:00,43.806,43.895,43.714,43.802,0
2025-09-23 03:00:00,43.801,43.898,43.647,43.86,0
2025-09-23 04:00:00,43.861,44.147,43.791,44.1,0
2025-09-23 05:00:00,44.107,44.23,44.078,44.203,0
2025-09-23 06:00:00,44.204,44.324,44.17,44.313,0
2025-09-23 07:00:00,44.312,44.425,44.216,44.341,0
2025-09-23 08:00:00,44.341,44.436,44.184,44.431,0
2025-09-23 09:00:00,44.43,44.455,44.191,44.381,0
2025-09-23 10:00:00,44.383,44.406,44.113,44.287,0
2025-09-23 11:00:00,44.286,44.336,44.234,44.317,0
2025-09-23 12:00:00,44.322,44.338,44.062,44.248,0
2025-09-23 13:00:00,44.257,44.348,44.163,44.201,0
2025-09-23 14:00:00,44.201,44.257,43.977,43.993,0
2025-09-23 15:00:00,43.986,44.094,43.831,44.011,0
2025-09-23 16:00:00,44.01,44.083,43.966,43.985,0
2025-09-23 18:00:00,44.001,44.148,43.998,44.122,0
2025-09-23 19:00:00,44.114,44.145,43.882,43.935,0
2025-09-23 20:00:00,43.934,44.038,43.904,44.019,0
2025-09-23 21:00:00,44.023,44.035,43.774,43.794,0
2025-09-23 22:00:00,43.79,43.963,43.659,43.914,0
2025-09-23 23:00:00,43.915,44.128,43.904,44.087,0
2025-09-24 00:00:00,44.085,44.152,44.071,44.14,0
2025-09-24 01:00:00,44.144,44.293,44.11,44.242,0
2025-09-24 02:00:00,44.247,44.283,44.044,44.087,0
2025-09-24 03:00:00,44.093,44.269,44.055,44.266,0
2025-09-24 04:00:00,44.267,44.269,44.066,44.117,0
2025-09-24 05:00:00,44.121,44.17,44.067,44.15,0
2025-09-24 06:00:00,44.148,44.169,43.827,43.866,0
2025-09-24 07:00:00,43.867,44.055,43.824,44.02,0
2025-09-24 08:00:00,44.012,44.148,43.993,44.087,0
2025-09-24 09:00:00,44.09,44.308,44.013,44.067,0
2025-09-24 10:00:00,44.067,44.127,43.912,43.958,0
2025-09-24 11:00:00,43.958,44.164,43.777,43.832,0
2025-09-24 12:00:00,43.83,43.957,43.756,43.88,0
2025-09-24 13:00:00,43.881,43.966,43.817,43.841,0
2025-09-24 14:00:00,43.841,43.846,43.682,43.777,0
2025-09-24 15:00:00,43.779,43.885,43.656,43.852,0
2025-09-24 16:00:00,43.854,43.92,43.845,43.845,0
2025-09-24 18:00:00,43.875,43.925,43.828,43.901,0
2025-09-24 19:00:00,43.901,43.934,43.891,43.914,0
2025-09-24 20:00:00,43.912,43.967,43.903,43.947,0
2025-09-24 21:00:00,43.946,43.969,43.791,43.84,0
2025-09-24 22:00:00,43.838,43.983,43.762,43.96,0
2025-09-24 23:00:00,43.957,43.997,43.88,43.961,0
2025-09-25 00:00:00,43.962,43.982,43.914,43.934,0
2025-09-25 01:00:00,43.934,43.973,43.844,43.937,0
2025-09-25 02:00:00,43.938,44.006,43.927,43.97,0
2025-09-25 03:00:00,43.973,44.506,43.938,44.48,0
2025-09-25 04:00:00,44.476,44.873,44.47,44.787,0
2025-09-25 05:00:00,44.789,44.983,44.729,44.926,0
2025-09-25 06:00:00,44.925,45.069,44.846,44.992,0
2025-09-25 07:00:00,44.995,44.995,44.747,44.811,0
2025-09-25 08:00:00,44.807,44.986,44.432,44.539,0
2025-09-25 09:00:00,44.538,44.638,44.192,44.383,0
2025-09-25 10:00:00,44.386,44.698,44.295,44.68,0
2025-09-25 11:00:00,44.687,44.878,44.594,44.755,0
2025-09-25 12:00:00,44.759,44.81,44.652,44.782,0
2025-09-25 13:00:00,44.775,44.899,44.742,44.811,0
2025-09-25 14:00:00,44.81,45.12,44.712,45.092,0
2025-09-25 15:00:00,45.094,45.213,45.021,45.168,0
2025-09-25 16:00:00,45.171,45.219,45.084,45.092,0
2025-09-25 18:00:00,45.157,45.169,44.657,44.746,0
2025-09-25 19:00:00,44.75,44.901,44.619,44.883,0
2025-09-25 20:00:00,44.883,45.025,44.855,45.006,0
2025-09-25 21:00:00,45.004,45.062,44.813,44.873,0
2025-09-25 22:00:00,44.871,44.909,44.558,44.675,0
2025-09-25 23:00:00,44.681,44.796,44.607,44.782,0
2025-09-26 00:00:00,44.783,44.812,44.68,44.703,0
2025-09-26 01:00:00,44.704,44.796,44.673,44.734,0
2025-09-26 02:00:00,44.734,45.2,44.726,45.106,0
2025-09-26 03:00:00,45.103,45.207,44.907,45.016,0
2025-09-26 04:00:00,45.015,45.119,44.935,45.088,0
2025-09-26 05:00:00,45.084,45.128,45.001,45.083,0
2025-09-26 06:00:00,45.085,45.147,44.938,45.013,0
2025-09-26 07:00:00,45.012,45.156,44.988,45.024,0
2025-09-26 08:00:00,45.019,45.275,44.983,45.238,0
2025-09-26 09:00:00,45.239,45.589,45.227,45.517,0
2025-09-26 10:00:00,45.511,45.72,45.511,45.703,0
2025-09-26 11:00:00,45.71,46.088,45.67,46.049,0
2025-09-26 12:00:00,46.053,46.304,45.924,46.208,0
2025-09-26 13:00:00,46.209,46.595,46.202,46.589,0
2025-09-26 14:00:00,46.591,46.617,46.387,46.438,0
2025-09-26 15:00:00,46.437,46.44,46.013,46.098,0
2025-09-26 16:00:00,46.094,46.198,46.002,46.041,0
2025-09-28 18:00:00,46.137,46.338,46.07,46.33,0
2025-09-28 19:00:00,46.33,46.352,46.223,46.247,0
2025-09-28 20:00:00,46.246,46.584,46.246,46.562,0
2025-09-28 21:00:00,46.559,46.631,45.932,46.327,0
2025-09-28 22:00:00,46.323,46.559,46.225,46.487,0
2025-09-28 23:00:00,46.485,47.0,46.466,46.791,0
2025-09-29 00:00:00,46.79,47.17,46.701,46.828,0
2025-09-29 01:00:00,46.829,46.891,46.64,46.87,0
2025-09-29 02:00:00,46.873,47.169,46.839,46.999,0
2025-09-29 03:00:00,46.998,47.015,46.595,46.692,0
2025-09-29 04:00:00,46.695,46.987,46.657,46.97,0
2025-09-29 05:00:00,46.976,46.988,46.791,46.838,0
2025-09-29 06:00:00,46.839,46.989,46.831,46.946,0
2025-09-29 07:00:00,46.942,47.064,46.912,46.95,0
2025-09-29 08:00:00,46.95,46.959,46.579,46.606,0
2025-09-29 09:00:00,46.598,46.847,46.48,46.623,0
2025-09-29 10:00:00,46.622,47.064,46.571,46.976,0
2025-09-29 11:00:00,46.977,47.084,46.786,47.054,0
2025-09-29 12:00:00,47.046,47.076,46.964,46.995,0
2025-09-29 13:00:00,46.996,47.019,46.738,46.846,0
2025-09-29 14:00:00,46.847,46.907,46.712,46.772,0
2025-09-29 15:00:00,46.776,46.866,46.715,46.821,0
2025-09-29 16:00:00,46.823,46.925,46.803,46.856,0
2025-09-29 18:00:00,46.905,46.94,46.719,46.766,0
2025-09-29 19:00:00,46.766,46.81,46.732,46.803,0
2025-09-29 20:00:00,46.799,46.941,46.769,46.863,0
2025-09-29 21:00:00,46.864,47.089,46.828,47.024,0
2025-09-29 22:00:00,47.025,47.11,46.777,46.967,0
2025-09-29 23:00:00,46.965,47.101,46.883,47.022,0
2025-09-30 00:00:00,47.023,47.109,46.977,47.089,0
2025-09-30 01:00:00,47.084,47.16,47.035,47.093,0
2025-09-30 02:00:00,47.097,47.151,46.672,46.757,0
2025-09-30 03:00:00,46.745,46.827,46.577,46.733,0
2025-09-30 04:00:00,46.725,46.813,46.147,46.176,0
2025-09-30 05:00:00,46.176,46.327,45.8,45.902,0
2025-09-30 06:00:00,45.909,46.252,45.895,46.208,0
2025-09-30 07:00:00,46.214,46.225,46.073,46.19,0
2025-09-30 08:00:00,46.19,46.207,45.986,46.184,0
2025-09-30 09:00:00,46.176,46.299,45.94,46.14,0
2025-09-30 10:00:00,46.142,46.777,46.091,46.743,0
2025-09-30 11:00:00,46.739,46.752,46.189,46.279,0
2025-09-30 12:00:00,46.273,46.532,46.231,46.469,0
2025-09-30 13:00:00,46.472,46.511,46.392,46.432,0
2025-09-30 14:00:00,46.425,46.549,46.325,46.54,0
2025-09-30 15:00:00,46.534,46.68,46.502,46.652,0
2025-09-30 16:00:00,46.655,46.682,46.429,46.429,0
2025-09-30 18:00:00,46.653,46.725,46.6,46.671,0
2025-09-30 19:00:00,46.664,46.721,46.652,46.704,0
2025-09-30 20:00:00,46.703,46.766,46.642,46.679,0
2025-09-30 21:00:00,46.685,47.191,46.674,47.171,0
2025-09-30 22:00:00,47.169,47.547,47.154,47.309,0
2025-09-30 23:00:00,47.306,47.356,46.852,47.083,0
2025-10-01 00:00:00,47.076,47.146,46.946,47.103,0
2025-10-01 01:00:00,47.102,47.111,46.93,46.998,0
2025-10-01 02:00:00,46.996,47.014,46.669,46.897,0
2025-10-01 03:00:00,46.89,47.299,46.859,47.276,0
2025-10-01 04:00:00,47.265,47.459,47.243,47.368,0
2025-10-01 05:00:00,47.375,47.403,47.163,47.309,0
2025-10-01 06:00:00,47.302,47.355,47.129,47.218,0
2025-10-01 07:00:00,47.229,47.405,47.194,47.395,0
2025-10-01 08:00:00,47.403,47.483,47.081,47.22,0
2025-10-01 09:00:00,47.219,47.756,47.191,47.6,0
2025-10-01 10:00:00,47.601,47.82,47.241,47.457,0
2025-10-01 11:00:00,47.461,47.497,47.229,47.43,0
2025-10-01 12:00:00,47.429,47.596,47.299,47.57,0
2025-10-01 13:00:00,47.571,47.595,47.344,47.356,0
2025-10-01 14:00:00,47.358,47.486,47.248,47.44,0
2025-10-01 15:00:00,47.441,47.479,47.262,47.291,0
2025-10-01 16:00:00,47.281,47.316,47.182,47.214,0
2025-10-01 18:00:00,47.293,47.342,47.143,47.235,0
2025-10-01 19:00:00,47.242,47.325,47.057,47.215,0
2025-10-01 20:00:00,47.216,47.235,47.046,47.157,0
2025-10-01 21:00:00,47.148,47.332,46.956,47.296,0
2025-10-01 22:00:00,47.299,47.517,47.192,47.271,0
2025-10-01 23:00:00,47.271,47.292,47.143,47.237,0
2025-10-02 00:00:00,47.246,47.266,47.151,47.215,0
2025-10-02 01:00:00,47.217,47.494,47.212,47.451,0
2025-10-02 02:00:00,47.463,47.509,47.246,47.318,0
2025-10-02 03:00:00,47.319,47.499,47.311,47.422,0
2025-10-02 04:00:00,47.422,47.512,47.4,47.485,0
2025-10-02 05:00:00,47.481,47.533,47.45,47.477,0
2025-10-02 06:00:00,47.47,47.501,47.354,47.428,0
2025-10-02 07:00:00,47.429,47.528,47.373,47.514,0
2025-10-02 08:00:00,47.52,47.853,47.51,47.725,0
2025-10-02 09:00:00,47.723,48.038,47.367,47.472,0
2025-10-02 10:00:00,47.454,47.523,45.921,46.304,0
2025-10-02 11:00:00,46.301,46.433,45.893,46.113,0
2025-10-02 12:00:00,46.113,46.531,46.001,46.416,0
2025-10-02 13:00:00,46.413,46.618,46.376,46.577,0
2025-10-02 14:00:00,46.576,46.763,46.576,46.716,0
2025-10-02 15:00:00,46.717,46.925,46.71,46.838,0
2025-10-02 16:00:00,46.84,46.993,46.813,46.899,0
2025-10-02 18:00:00,46.947,46.976,46.859,46.904,0
2025-10-02 19:00:00,46.914,46.98,46.854,46.958,0
2025-10-02 20:00:00,46.96,46.975,46.795,46.82,0
2025-10-02 21:00:00,46.82,46.971,46.633,46.919,0
2025-10-02 22:00:00,46.921,46.93,46.76,46.81,0
2025-10-02 23:00:00,46.805,46.844,46.653,46.81,0
2025-10-03 00:00:00,46.806,46.916,46.793,46.886,0
2025-10-03 01:00:00,46.885,47.215,46.868,47.109,0
2025-10-03 02:00:00,47.102,47.329,47.002,47.255,0
2025-10-03 03:00:00,47.263,47.412,47.233,47.39,0
2025-10-03 04:00:00,47.389,47.422,47.3,47.404,0
2025-10-03 05:00:00,47.404,47.419,47.207,47.383,0
2025-10-03 06:00:00,47.382,47.557,47.32,47.533,0
2025-10-03 07:00:00,47.534,47.653,47.23,47.534,0
2025-10-03 08:00:00,47.536,47.846,47.518,47.807,0
2025-10-03 09:00:00,47.81,47.855,47.484,47.703,0
2025-10-03 10:00:00,47.705,47.935,47.396,47.899,0
2025-10-03 11:00:00,47.902,48.36,47.799,48.295,0
2025-10-03 12:00:00,48.302,48.304,47.983,48.022,0
2025-10-03 13:00:00,48.018,48.032,47.706,47.839,0
2025-10-03 14:00:00,47.84,48.085,47.79,48.029,0
2025-10-03 15:00:00,48.028,48.097,47.93,47.972,0
2025-10-03 16:00:00,47.971,48.015,47.906,47.906,0
2025-10-05 18:00:00,48.054,48.195,47.93,48.142,0
2025-10-05 19:00:00,48.153,48.273,48.116,48.225,0
2025-10-05 20:00:00,48.224,48.226,47.997,48.114,0
2025-10-05 21:00:00,48.115,48.334,48.089,48.33,0
2025-10-05 22:00:00,48.327,48.373,48.234,48.27,0
2025-10-05 23:00:00,48.269,48.575,48.247,48.539,0
2025-10-06 00:00:00,48.535,48.624,48.504,48.597,0
2025-10-06 01:00:00,48.598,48.621,48.435,48.503,0
2025-10-06 02:00:00,48.504,48.645,48.415,48.609,0
2025-10-06 03:00:00,48.605,48.75,48.561,48.667,0
2025-10-06 04:00:00,48.666,48.75,48.551,48.677,0
2025-10-06 05:00:00,48.681,48.723,48.541,48.606,0
2025-10-06 06:00:00,48.615,48.634,48.296,48.537,0
2025-10-06 07:00:00,48.533,48.557,48.18,48.391,0
2025-10-06 08:00:00,48.393,48.491,48.053,48.268,0
2025-10-06 09:00:00,48.267,48.682,48.258,48.619,0
2025-10-06 10:00:00,48.616,48.733,48.434,48.642,0
2025-10-06 11:00:00,48.64,48.746,48.498,48.696,0
2025-10-06 12:00:00,48.689,48.757,48.334,48.561,0
2025-10-06 13:00:00,48.571,48.704,48.527,48.637,0
2025-10-06 14:00:00,48.638,48.706,48.614,48.662,0
2025-10-06 15:00:00,48.66,48.712,48.523,48.534,0
2025-10-06 16:00:00,48.533,48.553,48.461,48.465,0
2025-10-06 18:00:00,48.465,48.605,48.358,48.441,0
2025-10-06 19:00:00,48.441,48.554,48.381,48.485,0
2025-10-06 20:00:00,48.486,48.584,48.32,48.339,0
2025-10-06 21:00:00,48.338,48.389,48.242,48.33,0
2025-10-06 22:00:00,48.331,48.542,48.31,48.525,0
2025-10-06 23:00:00,48.52,48.639,48.338,48.497,0
2025-10-07 00:00:00,48.496,48.614,48.445,48.578,0
2025-10-07 01:00:00,48.579,48.634,48.411,48.586,0
2025-10-07 02:00:00,48.588,48.592,48.429,48.476,0
2025-10-07 03:00:00,48.477,48.482,47.712,48.0,0
2025-10-07 04:00:00,47.99,48.212,47.819,48.169,0
2025-10-07 05:00:00,48.173,48.42,48.166,48.317,0
2025-10-07 06:00:00,48.323,48.518,48.311,48.435,0
2025-10-07 07:00:00,48.437,48.628,48.369,48.574,0
2025-10-07 08:00:00,48.576,48.625,48.34,48.533,0
2025-10-07 09:00:00,48.521,48.56,48.222,48.304,0
2025-10-07 10:00:00,48.31,48.337,48.0,48.17,0
2025-10-07 11:00:00,48.167,48.278,47.327,47.628,0
2025-10-07 12:00:00,47.638,47.874,47.315,47.513,0
2025-10-07 13:00:00,47.514,47.875,47.505,47.614,0
2025-10-07 14:00:00,47.615,47.727,47.426,47.684,0
2025-10-07 15:00:00,47.686,47.753,47.614,47.739,0
2025-10-07 16:00:00,47.731,47.851,47.7,47.751,0
2025-10-07 18:00:00,47.789,47.876,47.748,47.862,0
2025-10-07 19:00:00,47.855,47.939,47.833,47.918,0
2025-10-07 20:00:00,47.923,48.01,47.81,47.89,0
2025-10-07 21:00:00,47.888,47.955,47.725,47.869,0
2025-10-07 22:00:00,47.868,48.447,47.779,48.444,0
2025-10-07 23:00:00,48.444,48.444,48.221,48.344,0
2025-10-08 00:00:00,48.346,48.502,48.346,48.499,0
2025-10-08 01:00:00,48.498,48.929,48.461,48.66,0
2025-10-08 02:00:00,48.661,48.73,48.373,48.628,0
2025-10-08 03:00:00,48.624,48.858,48.536,48.792,0
2025-10-08 04:00:00,48.801,48.834,48.686,48.739,0
2025-10-08 05:00:00,48.744,48.991,48.674,48.962,0
2025-10-08 06:00:00,48.957,48.979,48.739,48.95,0
2025-10-08 07:00:00,48.948,49.006,48.791,48.977,0
2025-10-08 08:00:00,48.982,49.063,48.813,49.008,0
2025-10-08 09:00:00,49.008,49.081,48.754,49.016,0
2025-10-08 10:00:00,49.026,49.202,48.825,49.191,0
2025-10-08 11:00:00,49.192,49.485,49.192,49.399,0
2025-10-08 12:00:00,49.4,49.537,49.282,49.344,0
2025-10-08 13:00:00,49.345,49.477,49.296,49.438,0
2025-10-08 14:00:00,49.446,49.479,49.153,49.274,0
2025-10-08 15:00:00,49.277,49.366,48.966,49.049,0
2025-10-08 16:00:00,49.045,49.065,48.697,48.818,0
2025-10-08 18:00:00,48.873,49.028,48.441,48.979,0
2025-10-08 19:00:00,48.981,49.01,48.439,48.751,0
2025-10-08 20:00:00,48.738,48.875,48.672,48.777,0
2025-10-08 21:00:00,48.778,49.111,48.456,48.706,0
2025-10-08 22:00:00,48.704,48.849,48.594,48.767,0
2025-10-08 23:00:00,48.768,48.988,48.759,48.867,0
2025-10-09 00:00:00,48.866,49.079,48.862,49.062,0
2025-10-09 01:00:00,49.062,49.244,49.027,49.19,0
2025-10-09 02:00:00,49.188,49.257,48.744,48.904,0
2025-10-09 03:00:00,48.906,49.171,48.89,49.069,0
2025-10-09 04:00:00,49.068,49.314,49.064,49.304,0
2025-10-09 05:00:00,49.299,49.668,49.299,49.66,0
2025-10-09 06:00:00,49.661,49.67,49.599,49.663,0
2025-10-09 07:00:00,49.651,49.734,49.551,49.723,0
2025-10-09 08:00:00,49.718,50.696,49.66,50.659,0
2025-10-09 09:00:00,50.645,51.223,49.838,49.889,0
2025-10-09 10:00:00,49.892,50.695,49.598,50.587,0
2025-10-09 11:00:00,50.575,51.075,49.992,50.124,0
2025-10-09 12:00:00,50.125,50.178,48.808,48.851,0
2025-10-09 13:00:00,48.841,49.021,48.408,48.811,0
2025-10-09 14:00:00,48.805,49.104,48.596,48.627,0
2025-10-09 15:00:00,48.633,49.309,48.617,49.289,0
2025-10-09 16:00:00,49.295,49.495,48.722,48.722,0
2025-10-09 18:00:00,48.716,49.366,48.221,48.364,0
2025-10-09 19:00:00,48.474,49.087,48.369,48.718,0
2025-10-09 20:00:00,48.828,49.687,48.631,49.67,0
2025-10-09 21:00:00,49.674,49.7,48.248,49.584,0
2025-10-09 22:00:00,49.584,49.655,48.875,49.443,0
2025-10-09 23:00:00,49.443,49.447,48.927,49.114,0
2025-10-10 00:00:00,49.113,49.353,48.6,49.284,0
2025-10-10 01:00:00,49.283,49.807,48.962,49.807,0
2025-10-10 02:00:00,49.801,49.994,49.163,49.782,0
2025-10-10 03:00:00,49.751,50.493,49.456,50.421,0
2025-10-10 04:00:00,50.421,50.939,50.25,50.905,0
2025-10-10 05:00:00,50.907,51.107,49.585,49.908,0
2025-10-10 06:00:00,49.908,50.41,49.211,50.231,0
2025-10-10 07:00:00,50.218,50.644,49.812,49.963,0
2025-10-10 08:00:00,49.969,50.254,49.695,49.93,0
2025-10-10 09:00:00,49.928,50.316,49.8,49.837,0
2025-10-10 10:00:00,49.837,50.707,49.678,50.244,0
2025-10-10 11:00:00,50.317,50.373,49.731,49.982,0
2025-10-10 12:00:00,49.979,50.269,49.681,49.746,0
2025-10-10 13:00:00,49.735,50.23,49.559,49.885,0
2025-10-10 14:00:00,49.609,50.236,49.609,49.859,0
2025-10-10 15:00:00,49.855,50.079,49.1,49.855,0
2025-10-10 16:00:00,49.827,50.051,48.6,49.323,0
2025-10-12 18:00:00,49.688,49.703,49.533,49.691,0
2025-10-12 19:00:00,49.691,50.363,49.691,50.341,0
2025-10-12 20:00:00,50.341,50.605,49.727,50.042,0
2025-10-12 21:00:00,50.042,50.827,49.825,50.777,0
2025-10-12 22:00:00,50.778,50.867,50.54,50.794,0
2025-10-12 23:00:00,50.808,51.452,50.524,51.061,0
2025-10-13 00:00:00,51.055,51.497,51.051,51.453,0
2025-10-13 01:00:00,51.452,51.678,51.289,51.56,0
2025-10-13 02:00:00,51.56,51.573,51.136,51.483,0
2025-10-13 03:00:00,51.492,51.709,51.349,51.521,0
2025-10-13 04:00:00,51.521,51.634,51.015,51.45,0
2025-10-13 05:00:00,51.45,51.497,51.052,51.235,0
2025-10-13 06:00:00,51.141,51.241,49.423,51.103,0
2025-10-13 07:00:00,51.102,51.558,50.901,51.508,0
2025-10-13 08:00:00,51.501,51.662,51.25,51.628,0
2025-10-13 09:00:00,51.629,51.905,51.382,51.893,0
2025-10-13 10:00:00,51.893,52.054,51.601,51.922,0
2025-10-13 11:00:00,51.925,51.99,51.408,51.584,0
2025-10-13 12:00:00,51.586,52.072,51.572,51.949,0
2025-10-13 13:00:00,51.949,51.97,51.623,51.967,0
2025-10-13 14:00:00,51.965,52.226,51.89,52.049,0
2025-10-13 15:00:00,52.044,52.203,51.912,52.115,0
2025-10-13 16:00:00,52.107,52.378,51.099,51.942,0
2025-10-13 18:00:00,52.552,52.768,51.775,52.287,0
2025-10-13 19:00:00,52.298,52.534,52.209,52.396,0
2025-10-13 20:00:00,52.396,52.602,52.312,52.542,0
2025-10-13 21:00:00,52.495,52.899,52.482,52.718,0
2025-10-13 22:00:00,52.718,53.03,52.661,52.853,0
2025-10-13 23:00:00,52.852,53.353,52.647,53.114,0
2025-10-14 00:00:00,53.107,53.322,52.629,53.19,0
2025-10-14 01:00:00,53.19,53.424,50.758,51.725,0
2025-10-14 02:00:00,51.656,52.19,49.918,51.529,0
2025-10-14 03:00:00,51.529,52.252,51.333,52.237,0
2025-10-14 04:00:00,52.213,52.419,51.737,51.792,0
2025-10-14 05:00:00,51.808,51.979,50.751,51.027,0
2025-10-14 06:00:00,51.026,51.599,50.924,51.32,0
2025-10-14 07:00:00,51.321,51.643,51.179,51.399,0
2025-10-14 08:00:00,51.402,51.425,50.491,50.588,0
2025-10-14 09:00:00,50.586,51.131,50.453,51.101,0
2025-10-14 10:00:00,51.098,51.776,51.098,51.373,0
2025-10-14 11:00:00,51.375,51.849,51.324,51.825,0
2025-10-14 12:00:00,51.825,51.897,51.442,51.646,0
2025-10-14 13:00:00,51.644,51.889,51.519,51.864,0
2025-10-14 14:00:00,51.864,51.909,51.802,51.819,0
2025-10-14 15:00:00,51.819,51.862,51.285,51.51,0
2025-10-14 16:00:00,51.51,51.615,51.184,51.209,0
2025-10-14 18:00:00,51.409,51.619,51.17,51.532,0
2025-10-14 19:00:00,51.531,52.098,51.472,51.951,0
2025-10-14 20:00:00,51.948,52.029,51.746,51.788,0
2025-10-14 21:00:00,51.786,52.203,51.752,52.174,0
2025-10-14 22:00:00,52.173,52.209,51.452,51.555,0
2025-10-14 23:00:00,51.555,52.193,51.551,52.121,0
2025-10-15 00:00:00,52.122,52.194,52.05,52.187,0
2025-10-15 01:00:00,52.186,52.342,51.929,52.273,0
2025-10-15 02:00:00,52.272,52.498,52.203,52.483,0
2025-10-15 03:00:00,52.475,52.704,52.287,52.675,0
2025-10-15 04:00:00,52.677,53.026,52.602,52.982,0
2025-10-15 05:00:00,52.981,53.068,52.31,52.584,0
2025-10-15 06:00:00,52.581,52.87,52.489,52.657,0
2025-10-15 07:00:00,52.623,52.96,52.26,52.955,0
2025-10-15 08:00:00,52.956,53.059,52.441,52.706,0
2025-10-15 09:00:00,52.706,52.713,52.35,52.543,0
2025-10-15 10:00:00,52.542,52.875,52.509,52.709,0
2025-10-15 11:00:00,52.709,52.925,52.341,52.528,0
2025-10-15 12:00:00,52.529,52.615,52.263,52.46,0
2025-10-15 13:00:00,52.459,52.738,52.262,52.713,0
2025-10-15 14:00:00,52.718,52.967,52.612,52.924,0
2025-10-15 15:00:00,52.924,53.125,52.841,53.076,0
2025-10-15 16:00:00,53.067,53.123,52.746,52.908,0
2025-10-15 18:00:00,52.804,53.111,52.185,53.026,0
2025-10-15 19:00:00,53.087,53.101,52.881,53.011,0
2025-10-15 20:00:00,53.012,53.21,52.915,52.932,0
2025-10-15 21:00:00,52.932,53.227,52.882,53.169,0
2025-10-15 22:00:00,53.168,53.311,53.107,53.217,0
2025-10-15 23:00:00,53.217,53.257,53.006,53.116,0
2025-10-16 00:00:00,53.116,53.13,52.803,53.052,0
2025-10-16 01:00:00,53.064,53.12,52.375,52.559,0
2025-10-16 02:00:00,52.558,52.998,52.548,52.841,0
2025-10-16 03:00:00,52.834,52.868,52.705,52.796,0
2025-10-16 04:00:00,52.798,52.916,52.717,52.861,0
2025-10-16 05:00:00,52.861,52.917,52.782,52.898,0
2025-10-16 06:00:00,52.898,53.012,52.873,53.0,0
2025-10-16 07:00:00,52.998,53.188,52.845,52.902,0
2025-10-16 08:00:00,52.903,53.08,52.733,52.851,0
2025-10-16 09:00:00,52.85,53.413,52.808,53.402,0
2025-10-16 10:00:00,53.4,53.815,53.203,53.67,0
2025-10-16 11:00:00,53.669,53.933,53.631,53.83,0
2025-10-16 12:00:00,53.83,54.121,53.424,53.873,0
2025-10-16 13:00:00,53.873,54.147,53.711,53.904,0
2025-10-16 14:00:00,53.906,54.029,53.597,53.861,0
2025-10-16 15:00:00,53.861,54.079,53.545,54.046,0
2025-10-16 16:00:00,54.049,54.171,53.941,54.0,0
2025-10-16 18:00:00,54.053,54.264,53.489,54.142,0
2025-10-16 19:00:00,54.122,54.356,54.115,54.27,0
2025-10-16 20:00:00,54.27,54.282,53.813,53.909,0
2025-10-16 21:00:00,53.907,53.92,53.394,53.647,0
2025-10-16 22:00:00,53.648,53.998,53.627,53.949,0
2025-10-16 23:00:00,53.951,54.214,53.911,54.212,0
2025-10-17 00:00:00,54.212,54.424,54.199,54.413,0
2025-10-17 01:00:00,54.41,54.442,54.216,54.365,0
2025-10-17 02:00:00,54.365,54.434,54.005,54.158,0
2025-10-17 03:00:00,54.158,54.2,53.65,53.86,0
2025-10-17 04:00:00,53.858,53.907,53.563,53.878,0
2025-10-17 05:00:00,53.869,54.074,53.779,53.868,0
2025-10-17 06:00:00,53.863,54.11,53.767,53.802,0
2025-10-17 07:00:00,53.802,54.098,53.292,53.33,0
2025-10-17 08:00:00,53.33,53.716,52.813,53.504,0
2025-10-17 09:00:00,53.505,53.552,52.608,52.669,0
2025-10-17 10:00:00,52.669,52.669,51.669,52.265,0
2025-10-17 11:00:00,52.265,52.462,51.726,51.909,0
2025-10-17 12:00:00,51.909,52.009,50.836,50.861,0
2025-10-17 13:00:00,50.861,51.572,50.493,51.534,0
2025-10-17 14:00:00,51.536,51.862,51.523,51.849,0
2025-10-17 15:00:00,51.853,51.914,51.331,51.691,0
2025-10-17 16:00:00,51.689,51.961,51.338,51.527,0
2025-10-19 18:00:00,51.536,51.927,50.893,51.816,0
2025-10-19 19:00:00,51.784,51.918,51.67,51.786,0
2025-10-19 20:00:00,51.794,51.894,51.234,51.873,0
2025-10-19 21:00:00,51.871,52.151,51.686,52.049,0
2025-10-19 22:00:00,52.049,52.247,51.994,52.133,0
2025-10-19 23:00:00,52.125,52.184,51.944,52.146,0
2025-10-20 00:00:00,52.147,52.166,51.984,52.132,0
2025-10-20 01:00:00,52.126,52.226,51.686,51.691,0
2025-10-20 02:00:00,51.686,51.72,51.416,51.529,0
2025-10-20 03:00:00,51.531,51.971,51.481,51.95,0
2025-10-20 04:00:00,51.951,52.146,51.916,52.006,0
2025-10-20 05:00:00,52.012,52.19,51.823,51.988,0
2025-10-20 06:00:00,51.988,51.994,51.549,51.77,0
2025-10-20 07:00:00,51.77,52.037,51.672,52.033,0
2025-10-20 08:00:00,52.033,52.731,51.903,52.696,0
2025-10-20 09:00:00,52.693,52.753,51.997,52.027,0
2025-10-20 10:00:00,52.029,52.465,51.933,52.359,0
2025-10-20 11:00:00,52.367,52.638,52.327,52.481,0
2025-10-20 12:00:00,52.481,52.495,52.134,52.228,0
2025-10-20 13:00:00,52.223,52.316,52.047,52.229,0
2025-10-20 14:00:00,52.231,52.401,52.204,52.353,0
2025-10-20 15:00:00,52.352,52.613,52.277,52.561,0
2025-10-20 16:00:00,52.555,52.597,52.065,52.065,0
2025-10-20 18:00:00,52.324,52.592,52.141,52.585,0
2025-10-20 19:00:00,52.587,52.596,52.484,52.527,0
2025-10-20 20:00:00,52.526,52.534,52.276,52.363,0
2025-10-20 21:00:00,52.364,52.402,51.592,51.658,0
2025-10-20 22:00:00,51.656,51.858,51.565,51.683,0
2025-10-20 23:00:00,51.685,51.934,51.685,51.86,0
2025-10-21 00:00:00,51.861,51.949,51.755,51.947,0
2025-10-21 01:00:00,51.944,52.046,51.428,51.433,0
2025-10-21 02:00:00,51.428,51.928,51.168,51.78,0
2025-10-21 03:00:00,51.779,51.779,50.59,50.817,0
2025-10-21 04:00:00,50.819,50.834,49.007,49.876,0
2025-10-21 05:00:00,49.878,50.172,49.51,50.172,0
2025-10-21 06:00:00,50.174,50.379,49.861,49.892,0
2025-10-21 07:00:00,49.892,50.303,49.877,50.059,0
2025-10-21 08:00:00,50.053,50.122,49.395,49.656,0
2025-10-21 09:00:00,49.656,49.923,48.969,48.992,0
2025-10-21 10:00:00,48.994,49.143,47.789,48.309,0
2025-10-21 11:00:00,48.308,49.042,48.249,48.933,0
2025-10-21 12:00:00,48.931,49.011,48.356,48.424,0
2025-10-21 13:00:00,48.422,48.61,48.267,48.571,0
2025-10-21 14:00:00,48.569,48.713,48.392,48.437,0
2025-10-21 15:00:00,48.436,48.503,47.952,48.3,0
2025-10-21 16:00:00,48.298,48.705,48.275,48.607,0
2025-10-21 18:00:00,48.39,48.608,47.558,48.564,0
2025-10-21 19:00:00,48.501,48.612,48.144,48.213,0
2025-10-21 20:00:00,48.209,48.232,47.451,48.015,0
2025-10-21 21:00:00,48.02,48.506,47.938,48.478,0
2025-10-21 22:00:00,48.479,48.913,48.476,48.755,0
2025-10-21 23:00:00,48.752,48.959,48.638,48.916,0
2025-10-22 00:00:00,48.916,48.953,48.813,48.925,0
2025-10-22 01:00:00,48.925,49.123,48.875,49.077,0
2025-10-22 02:00:00,49.079,49.269,48.982,49.204,0
2025-10-22 03:00:00,49.204,49.214,48.782,48.792,0
2025-10-22 04:00:00,48.792,48.821,48.107,48.269,0
2025-10-22 05:00:00,48.273,48.613,48.173,48.361,0
2025-10-22 06:00:00,48.363,48.784,47.96,48.008,0
2025-10-22 07:00:00,48.011,48.085,47.653,47.762,0
2025-10-22 08:00:00,47.765,48.397,47.763,48.038,0
2025-10-22 09:00:00,48.036,48.569,48.036,48.551,0
2025-10-22 10:00:00,48.551,48.651,47.859,47.942,0
2025-10-22 11:00:00,47.942,48.321,47.925,48.165,0
2025-10-22 12:00:00,48.165,48.386,48.069,48.26,0
2025-10-22 13:00:00,48.255,48.255,47.921,48.082,0
2025-10-22 14:00:00,48.085,48.239,48.074,48.217,0
2025-10-22 15:00:00,48.219,48.649,48.206,48.472,0
2025-10-22 16:00:00,48.469,48.538,48.368,48.371,0
2025-10-22 18:00:00,48.493,48.518,48.169,48.363,0
2025-10-22 19:00:00,48.347,48.347,48.132,48.153,0
2025-10-22 20:00:00,48.149,48.329,47.894,48.242,0
2025-10-22 21:00:00,48.249,48.442,48.12,48.199,0
2025-10-22 22:00:00,48.2,48.44,48.188,48.4,0
2025-10-22 23:00:00,48.402,48.688,48.346,48.494,0
2025-10-23 00:00:00,48.493,48.518,48.292,48.509,0
2025-10-23 01:00:00,48.508,48.759,48.504,48.754,0
2025-10-23 02:00:00,48.752,49.215,48.742,49.105,0
2025-10-23 03:00:00,49.105,49.308,48.865,48.866,0
2025-10-23 04:00:00,48.867,49.176,48.867,49.15,0
2025-10-23 05:00:00,49.151,49.375,48.885,49.073,0
2025-10-23 06:00:00,49.075,49.163,48.917,49.084,0
2025-10-23 07:00:00,49.09,49.325,49.054,49.108,0
2025-10-23 08:00:00,49.106,49.23,48.992,49.162,0
2025-10-23 09:00:00,49.16,49.405,49.106,49.309,0
2025-10-23 10:00:00,49.309,49.44,49.012,49.19,0
2025-10-23 11:00:00,49.191,49.311,49.067,49.123,0
2025-10-23 12:00:00,49.127,49.23,48.896,49.027,0
2025-10-23 13:00:00,49.027,49.136,48.885,49.126,0
2025-10-23 14:00:00,49.126,49.154,49.024,49.084,0
2025-10-23 15:00:00,49.082,49.099,48.763,48.777,0
2025-10-23 16:00:00,48.779,48.893,48.705,48.839,0
2025-10-23 18:00:00,48.865,48.926,48.661,48.711,0
2025-10-23 19:00:00,48.714,48.824,48.596,48.786,0
2025-10-23 20:00:00,48.786,48.982,48.773,48.964,0
2025-10-23 21:00:00,48.966,48.994,48.387,48.491,0
2025-10-23 22:00:00,48.491,48.66,48.378,48.579,0
2025-10-23 23:00:00,48.579,48.689,48.523,48.629,0
2025-10-24 00:00:00,48.633,48.654,48.185,48.532,0
2025-10-24 01:00:00,48.532,48.696,48.363,48.396,0
2025-10-24 02:00:00,48.395,48.43,48.059,48.34,0
2025-10-24 03:00:00,48.341,48.431,48.068,48.12,0
2025-10-24 04:00:00,48.119,48.171,47.81,48.161,0
2025-10-24 05:00:00,48.154,48.194,47.965,48.04,0
2025-10-24 06:00:00,48.043,48.257,47.973,47.981,0
2025-10-24 07:00:00,47.982,48.103,47.82,48.035,0
2025-10-24 08:00:00,48.039,48.486,47.827,48.153,0
2025-10-24 09:00:00,48.15,48.759,48.14,48.547,0
2025-10-24 10:00:00,48.549,48.941,48.474,48.574,0
2025-10-24 11:00:00,48.574,48.833,48.527,48.823,0
2025-10-24 12:00:00,48.822,48.872,48.66,48.783,0
2025-10-24 13:00:00,48.784,48.855,48.49,48.499,0
2025-10-24 14:00:00,48.5,48.604,48.393,48.531,0
2025-10-24 15:00:00,48.533,48.626,48.469,48.491,0
2025-10-24 16:00:00,48.496,48.633,48.194,48.547,0
2025-10-26 17:00:00,48.324,48.679,47.78,47.78,0
2025-10-26 18:00:00,47.748,48.369,47.698,48.146,0
2025-10-26 19:00:00,48.144,48.302,47.984,48.261,0
2025-10-26 20:00:00,48.261,48.533,48.152,48.413,0
2025-10-26 21:00:00,48.407,48.411,48.103,48.151,0
2025-10-26 22:00:00,48.152,48.226,47.922,47.947,0
2025-10-26 23:00:00,47.947,48.011,47.769,47.972,0
2025-10-27 00:00:00,47.972,48.319,47.962,48.305,0
2025-10-27 01:00:00,48.304,48.363,48.257,48.292,0
2025-10-27 02:00:00,48.29,48.341,48.079,48.126,0
2025-10-27 03:00:00,48.124,48.141,47.57,47.696,0
2025-10-27 04:00:00,47.687,47.923,47.663,47.768,0
2025-10-27 05:00:00,47.775,47.9,47.628,47.64,0
2025-10-27 06:00:00,47.641,47.723,47.315,47.35,0
2025-10-27 07:00:00,47.341,47.743,47.313,47.703,0
2025-10-27 08:00:00,47.702,47.799,46.941,47.015,0
2025-10-27 09:00:00,47.012,47.066,46.184,46.24,0
2025-10-27 10:00:00,46.24,46.551,46.067,46.51,0
2025-10-27 11:00:00,46.497,46.782,46.496,46.77,0
2025-10-27 12:00:00,46.771,46.976,46.644,46.943,0
2025-10-27 13:00:00,46.943,47.0,46.842,46.854,0
2025-10-27 14:00:00,46.858,46.945,46.622,46.74,0
2025-10-27 15:00:00,46.738,46.97,46.637,46.968,0
2025-10-27 17:00:00,46.974,47.06,46.686,46.686,0
2025-10-27 18:00:00,46.653,47.077,46.61,46.926,0
2025-10-27 19:00:00,46.927,47.087,46.661,47.051,0
2025-10-27 20:00:00,47.057,47.198,46.827,47.039,0
2025-10-27 21:00:00,47.039,47.083,46.643,46.696,0
2025-10-27 22:00:00,46.692,46.836,46.571,46.822,0
2025-10-27 23:00:00,46.821,46.839,46.57,46.625,0
2025-10-28 00:00:00,46.63,46.711,46.434,46.612,0
2025-10-28 01:00:00,46.613,46.711,46.379,46.572,0
2025-10-28 02:00:00,46.573,46.62,46.214,46.411,0
2025-10-28 03:00:00,46.417,46.44,45.612,45.651,0
2025-10-28 04:00:00,45.648,45.981,45.513,45.941,0
2025-10-28 05:00:00,45.945,46.307,45.785,46.211,0
2025-10-28 06:00:00,46.21,46.502,45.969,46.415,0
2025-10-28 07:00:00,46.416,46.536,46.23,46.392,0
2025-10-28 08:00:00,46.405,46.899,46.405,46.892,0
2025-10-28 09:00:00,46.892,47.024,46.79,46.945,0
2025-10-28 10:00:00,46.945,47.136,46.907,47.088,0
2025-10-28 11:00:00,47.089,47.139,46.944,47.087,0
2025-10-28 12:00:00,47.078,47.256,47.043,47.147,0
2025-10-28 13:00:00,47.147,47.165,46.848,47.068,0
2025-10-28 14:00:00,47.069,47.127,47.027,47.072,0
2025-10-28 15:00:00,47.071,47.103,46.971,47.029,0
2025-10-28 17:00:00,47.033,47.115,46.704,46.83,0
2025-10-28 18:00:00,46.894,47.154,46.867,47.141,0
2025-10-28 19:00:00,47.139,47.396,47.081,47.31,0
2025-10-28 20:00:00,47.312,47.6,47.221,47.578,0
2025-10-28 21:00:00,47.577,47.586,47.109,47.448,0
2025-10-28 22:00:00,47.449,47.58,47.354,47.463,0
2025-10-28 23:00:00,47.467,47.499,47.369,47.388,0
2025-10-29 00:00:00,47.388,47.566,47.353,47.493,0
2025-10-29 01:00:00,47.495,47.861,47.39,47.717,0
2025-10-29 02:00:00,47.703,48.078,47.687,48.068,0
2025-10-29 03:00:00,48.067,48.311,48.018,48.306,0
2025-10-29 04:00:00,48.307,48.39,48.252,48.289,0
2025-10-29 05:00:00,48.287,48.358,48.112,48.147,0
2025-10-29 06:00:00,48.148,48.248,48.081,48.151,0
2025-10-29 07:00:00,48.152,48.445,48.139,48.344,0
2025-10-29 08:00:00,48.343,48.346,48.01,48.155,0
2025-10-29 09:00:00,48.157,48.394,48.14,48.231,0
2025-10-29 10:00:00,48.22,48.328,48.065,48.137,0
2025-10-29 11:00:00,48.146,48.308,48.08,48.098,0
2025-10-29 12:00:00,48.096,48.147,47.877,47.994,0
2025-10-29 13:00:00,47.989,48.203,47.236,47.707,0
2025-10-29 14:00:00,47.696,47.957,47.419,47.667,0
2025-10-29 15:00:00,47.671,47.777,47.491,47.493,0
2025-10-29 17:00:00,47.533,47.827,47.337,47.67,0
2025-10-29 18:00:00,47.681,47.82,47.649,47.788,0
2025-10-29 19:00:00,47.789,47.884,47.647,47.799,0
2025-10-29 20:00:00,47.795,47.957,47.588,47.646,0
2025-10-29 21:00:00,47.648,47.657,47.245,47.317,0
2025-10-29 22:00:00,47.316,47.583,47.253,47.58,0
2025-10-29 23:00:00,47.581,47.919,47.453,47.781,0
2025-10-30 00:00:00,47.781,47.809,47.411,47.725,0
2025-10-30 01:00:00,47.722,47.882,47.589,47.882,0
2025-10-30 02:00:00,47.881,47.892,47.508,47.596,0
2025-10-30 03:00:00,47.6,47.948,47.541,47.935,0
2025-10-30 04:00:00,47.933,48.274,47.931,48.073,0
2025-10-30 05:00:00,48.057,48.166,47.84,48.056,0
2025-10-30 06:00:00,48.057,48.189,47.889,48.116,0
2025-10-30 07:00:00,48.119,48.261,47.877,47.937,0
2025-10-30 08:00:00,47.938,48.412,47.892,48.385,0
2025-10-30 09:00:00,48.384,48.764,48.329,48.72,0
2025-10-30 10:00:00,48.723,48.895,48.66,48.802,0
2025-10-30 11:00:00,48.799,48.838,48.664,48.809,0
2025-10-30 12:00:00,48.821,48.908,48.687,48.756,0
2025-10-30 13:00:00,48.76,48.921,48.682,48.893,0
2025-10-30 14:00:00,48.897,48.971,48.826,48.865,0
2025-10-30 15:00:00,48.87,48.976,48.795,48.907,0
2025-10-30 17:00:00,48.85,49.098,48.736,48.917,0
2025-10-30 18:00:00,48.884,49.147,48.814,49.061,0
2025-10-30 19:00:00,49.062,49.062,48.779,48.814,0
2025-10-30 20:00:00,48.815,49.14,48.739,49.086,0
2025-10-30 21:00:00,49.085,49.229,48.806,48.917,0
2025-10-30 22:00:00,48.916,48.965,48.684,48.797,0
2025-10-30 23:00:00,48.798,48.916,48.713,48.892,0
2025-10-31 00:00:00,48.887,49.004,48.676,48.942,0
2025-10-31 01:00:00,48.944,49.325,48.906,49.154,0
2025-10-31 02:00:00,49.151,49.343,49.031,49.308,0
2025-10-31 03:00:00,49.309,49.318,48.774,48.811,0
2025-10-31 04:00:00,48.808,48.98,48.714,48.868,0
2025-10-31 05:00:00,48.87,48.932,48.785,48.917,0
2025-10-31 06:00:00,48.919,49.018,48.886,48.993,0
2025-10-31 07:00:00,48.994,49.164,48.932,49.056,0
2025-10-31 08:00:00,49.057,49.128,48.709,48.857,0
2025-10-31 09:00:00,48.859,49.047,48.823,48.95,0
2025-10-31 10:00:00,48.949,49.028,48.809,48.847,0
2025-10-31 11:00:00,48.844,48.915,48.361,48.488,0
2025-10-31 12:00:00,48.478,48.778,48.378,48.643,0
2025-10-31 13:00:00,48.636,48.807,48.567,48.625,0
2025-10-31 14:00:00,48.614,48.693,48.479,48.509,0
2025-10-31 15:00:00,48.509,48.69,48.462,48.642,0
2025-11-02 18:00:00,48.424,48.729,48.424,48.541,0
2025-11-02 19:00:00,48.529,48.588,48.233,48.369,0
2025-11-02 20:00:00,48.369,48.704,48.194,48.517,0
2025-11-02 21:00:00,48.515,48.839,48.472,48.81,0
2025-11-02 22:00:00,48.812,48.896,48.779,48.844,0
2025-11-02 23:00:00,48.843,48.884,48.759,48.784,0
2025-11-03 00:00:00,48.783,48.968,48.747,48.918,0
2025-11-03 01:00:00,48.916,48.985,48.82,48.853,0
2025-11-03 02:00:00,48.852,49.069,48.81,49.054,0
2025-11-03 03:00:00,49.053,49.095,48.774,48.881,0
2025-11-03 04:00:00,48.885,48.948,48.48,48.635,0
2025-11-03 05:00:00,48.636,48.711,48.513,48.677,0
2025-11-03 06:00:00,48.678,48.777,48.594,48.773,0
2025-11-03 07:00:00,48.783,48.819,48.641,48.8,0
2025-11-03 08:00:00,48.803,48.839,48.62,48.632,0
2025-11-03 09:00:00,48.633,48.969,48.584,48.837,0
2025-11-03 10:00:00,48.837,48.9,48.15,48.403,0
2025-11-03 11:00:00,48.409,48.468,48.211,48.427,0
2025-11-03 12:00:00,48.428,48.483,48.324,48.376,0
2025-11-03 13:00:00,48.379,48.401,48.171,48.195,0
2025-11-03 14:00:00,48.195,48.232,47.989,48.122,0
2025-11-03 15:00:00,48.12,48.272,48.12,48.214,0
2025-11-03 16:00:00,48.218,48.22,48.045,48.066,0
2025-11-03 18:00:00,47.991,48.01,47.647,47.934,0
2025-11-03 19:00:00,47.936,48.046,47.859,47.933,0
2025-11-03 20:00:00,47.933,48.16,47.889,48.119,0
2025-11-03 21:00:00,48.118,48.119,47.614,47.818,0
2025-11-03 22:00:00,47.819,48.172,47.701,48.159,0
2025-11-03 23:00:00,48.159,48.213,48.059,48.081,0
2025-11-04 00:00:00,48.078,48.109,47.54,47.541,0
2025-11-04 01:00:00,47.54,47.654,47.464,47.625,0
2025-11-04 02:00:00,47.622,47.832,47.572,47.815,0
2025-11-04 03:00:00,47.817,48.114,47.749,47.976,0
2025-11-04 04:00:00,47.976,48.024,47.72,47.743,0
2025-11-04 05:00:00,47.741,47.894,47.598,47.779,0
2025-11-04 06:00:00,47.774,47.829,47.654,47.742,0
2025-11-04 07:00:00,47.741,47.945,47.651,47.659,0
2025-11-04 08:00:00,47.662,47.813,47.379,47.49,0
2025-11-04 09:00:00,47.493,47.662,46.855,47.327,0
2025-11-04 10:00:00,47.324,47.528,47.091,47.461,0
2025-11-04 11:00:00,47.457,47.881,47.423,47.833,0
2025-11-04 12:00:00,47.83,47.862,47.497,47.557,0
2025-11-04 13:00:00,47.552,47.582,47.287,47.386,0
2025-11-04 14:00:00,47.387,47.435,47.21,47.228,0
2025-11-04 15:00:00,47.232,47.275,47.073,47.129,0
2025-11-04 16:00:00,47.129,47.173,47.071,47.122,0
2025-11-04 18:00:00,47.109,47.164,46.983,47.08,0
2025-11-04 19:00:00,47.081,47.206,46.863,47.108,0
2025-11-04 20:00:00,47.109,47.261,46.997,47.09,0
2025-11-04 21:00:00,47.09,47.592,47.029,47.514,0
2025-11-04 22:00:00,47.513,47.698,47.498,47.587,0
2025-11-04 23:00:00,47.585,47.789,47.501,47.689,0
2025-11-05 00:00:00,47.689,47.833,47.589,47.684,0
2025-11-05 01:00:00,47.693,47.806,47.629,47.694,0
2025-11-05 02:00:00,47.695,47.838,47.572,47.803,0
2025-11-05 03:00:00,47.804,47.96,47.717,47.859,0
2025-11-05 04:00:00,47.86,47.893,47.579,47.824,0
2025-11-05 05:00:00,47.821,47.828,47.507,47.57,0
2025-11-05 06:00:00,47.57,47.725,47.552,47.641,0
2025-11-05 07:00:00,47.636,47.69,47.475,47.684,0
2025-11-05 08:00:00,47.676,48.049,47.604,47.991,0
2025-11-05 09:00:00,47.99,48.041,47.818,47.896,0
2025-11-05 10:00:00,47.823,48.219,47.77,48.146,0
2025-11-05 11:00:00,48.144,48.185,47.981,48.147,0
2025-11-05 12:00:00,48.146,48.19,48.053,48.177,0
2025-11-05 13:00:00,48.18,48.226,48.108,48.167,0
2025-11-05 14:00:00,48.163,48.235,48.083,48.222,0
2025-11-05 15:00:00,48.223,48.266,48.11,48.116,0
2025-11-05 16:00:00,48.115,48.126,47.969,47.988,0
2025-11-05 18:00:00,47.836,48.057,47.82,48.005,0
2025-11-05 19:00:00,48.003,48.111,47.949,48.102,0
2025-11-05 20:00:00,48.099,48.104,47.724,47.799,0
2025-11-05 21:00:00,47.801,48.007,47.717,47.967,0
2025-11-05 22:00:00,47.967,48.223,47.847,48.206,0
2025-11-05 23:00:00,48.205,48.301,48.192,48.258,0
2025-11-06 00:00:00,48.257,48.336,48.217,48.315,0
2025-11-06 01:00:00,48.313,48.352,48.219,48.346,0
2025-11-06 02:00:00,48.347,48.524,48.339,48.449,0
2025-11-06 03:00:00,48.451,48.771,48.421,48.759,0
2025-11-06 04:00:00,48.771,48.781,48.621,48.634,0
2025-11-06 05:00:00,48.634,48.674,48.471,48.662,0
2025-11-06 06:00:00,48.669,48.734,48.551,48.689,0
2025-11-06 07:00:00,48.691,48.745,48.514,48.525,0
2025-11-06 08:00:00,48.531,48.666,48.501,48.512,0
2025-11-06 09:00:00,48.511,48.535,48.081,48.146,0
2025-11-06 10:00:00,48.15,48.248,47.832,47.875,0
2025-11-06 11:00:00,47.876,48.034,47.825,47.953,0
2025-11-06 12:00:00,47.954,48.102,47.641,48.07,0
2025-11-06 13:00:00,48.07,48.252,47.967,48.154,0
2025-11-06 14:00:00,48.157,48.268,48.058,48.178,0
2025-11-06 15:00:00,48.174,48.199,47.98,48.017,0
2025-11-06 16:00:00,48.016,48.044,47.973,48.01,0
2025-11-06 18:00:00,47.951,48.222,47.944,48.215,0
2025-11-06 19:00:00,48.214,48.246,48.116,48.181,0
2025-11-06 20:00:00,48.183,48.392,48.149,48.386,0
2025-11-06 21:00:00,48.382,48.425,48.217,48.281,0
2025-11-06 22:00:00,48.28,48.342,48.162,48.27,0
2025-11-06 23:00:00,48.271,48.472,48.228,48.458,0
2025-11-07 00:00:00,48.455,48.547,48.363,48.426,0
2025-11-07 01:00:00,48.42,48.724,48.372,48.679,0
2025-11-07 02:00:00,48.68,48.724,48.567,48.676,0
2025-11-07 03:00:00,48.677,48.797,48.574,48.789,0
2025-11-07 04:00:00,48.788,48.861,48.691,48.746,0
2025-11-07 05:00:00,48.747,48.842,48.704,48.805,0
2025-11-07 06:00:00,48.805,48.814,48.375,48.658,0
2025-11-07 07:00:00,48.659,48.822,48.406,48.516,0
2025-11-07 08:00:00,48.519,48.693,48.368,48.446,0
2025-11-07 09:00:00,48.441,48.642,48.178,48.316,0
2025-11-07 10:00:00,48.306,48.379,48.073,48.204,0
2025-11-07 11:00:00,48.203,48.776,48.183,48.287,0
2025-11-07 12:00:00,48.296,48.356,47.959,48.268,0
2025-11-07 13:00:00,48.267,48.369,48.252,48.321,0
2025-11-07 14:00:00,48.324,48.448,48.284,48.423,0
2025-11-07 15:00:00,48.426,48.428,48.181,48.372,0
2025-11-07 16:00:00,48.371,48.389,48.087,48.088,0
2025-11-09 18:00:00,48.357,48.579,48.215,48.578,0
2025-11-09 19:00:00,48.577,48.604,48.472,48.527,0
2025-11-09 20:00:00,48.528,49.278,48.506,48.957,0
2025-11-09 21:00:00,48.958,49.057,48.716,49.009,0
2025-11-09 22:00:00,49.011,49.214,48.98,49.093,0
2025-11-09 23:00:00,49.092,49.247,49.091,49.209,0
2025-11-10 00:00:00,49.21,49.488,49.153,49.452,0
2025-11-10 01:00:00,49.449,49.57,49.383,49.518,0
2025-11-10 02:00:00,49.518,49.793,49.505,49.64,0
2025-11-10 03:00:00,49.644,49.991,49.638,49.934,0
2025-11-10 04:00:00,49.935,49.942,49.653,49.82,0
2025-11-10 05:00:00,49.818,49.951,49.818,49.932,0
2025-11-10 06:00:00,49.934,49.964,49.821,49.956,0
2025-11-10 07:00:00,49.961,50.131,49.914,50.101,0
2025-11-10 08:00:00,50.096,50.199,49.807,49.869,0
2025-11-10 09:00:00,49.867,50.017,49.6,49.966,0
2025-11-10 10:00:00,49.966,50.078,49.8,49.879,0
2025-11-10 11:00:00,49.877,50.101,49.819,50.096,0
2025-11-10 12:00:00,50.095,50.319,50.077,50.315,0
2025-11-10 13:00:00,50.319,50.436,50.249,50.425,0
2025-11-10 14:00:00,50.427,50.546,50.405,50.526,0
2025-11-10 15:00:00,50.524,50.549,50.399,50.484,0
2025-11-10 16:00:00,50.484,50.596,50.473,50.492,0
2025-11-10 18:00:00,50.429,50.6,50.384,50.481,0
2025-11-10 19:00:00,50.481,50.745,50.444,50.738,0
2025-11-10 20:00:00,50.737,50.859,50.557,50.652,0
2025-11-10 21:00:00,50.653,50.724,50.515,50.645,0
2025-11-10 22:00:00,50.644,50.981,50.637,50.977,0
2025-11-10 23:00:00,50.976,51.127,50.899,50.971,0
2025-11-11 00:00:00,50.968,50.99,50.63,50.786,0
2025-11-11 01:00:00,50.787,50.932,50.689,50.704,0
2025-11-11 02:00:00,50.705,50.756,50.5,50.639,0
2025-11-11 03:00:00,50.641,50.837,50.632,50.684,0
2025-11-11 04:00:00,50.69,51.002,50.637,50.924,0
2025-11-11 05:00:00,50.921,50.999,50.808,50.941,0
2025-11-11 06:00:00,50.951,51.188,50.929,51.166,0
2025-11-11 07:00:00,51.165,51.23,50.922,50.922,0
2025-11-11 08:00:00,50.927,51.213,50.872,51.145,0
2025-11-11 09:00:00,51.141,51.227,50.7,50.816,0
2025-11-11 10:00:00,50.808,50.808,50.272,50.46,0
2025-11-11 11:00:00,50.458,50.81,50.411,50.699,0
2025-11-11 12:00:00,50.689,50.919,50.683,50.872,0
2025-11-11 13:00:00,50.875,51.027,50.81,51.008,0
2025-11-11 14:00:00,51.003,51.147,50.956,51.005,0
2025-11-11 15:00:00,51.006,51.227,51.005,51.201,0
2025-11-11 16:00:00,51.199,51.234,51.126,51.206,0
2025-11-11 18:00:00,51.189,51.335,51.15,51.264,0
2025-11-11 19:00:00,51.264,51.356,51.078,51.12,0
2025-11-11 20:00:00,51.121,51.342,51.013,51.26,0
2025-11-11 21:00:00,51.263,51.352,51.117,51.206,0
2025-11-11 22:00:00,51.209,51.244,51.02,51.029,0
2025-11-11 23:00:00,51.028,51.124,50.846,51.063,0
2025-11-12 00:00:00,51.064,51.2,50.985,51.109,0
2025-11-12 01:00:00,51.106,51.546,51.088,51.541,0
2025-11-12 02:00:00,51.542,51.762,51.415,51.617,0
2025-11-12 03:00:00,51.615,51.852,51.514,51.766,0
2025-11-12 04:00:00,51.768,51.887,51.693,51.77,0
2025-11-12 05:00:00,51.772,51.816,51.627,51.767,0
2025-11-12 06:00:00,51.769,51.808,51.474,51.496,0
2025-11-12 07:00:00,51.494,51.804,51.462,51.701,0
2025-11-12 08:00:00,51.707,51.797,51.529,51.682,0
2025-11-12 09:00:00,51.684,52.426,51.668,52.337,0
2025-11-12 10:00:00,52.344,53.132,52.279,52.916,0
2025-11-12 11:00:00,52.918,53.478,52.753,53.42,0
2025-11-12 12:00:00,53.421,53.499,53.18,53.42,0
2025-11-12 13:00:00,53.418,53.65,53.235,53.594,0
2025-11-12 14:00:00,53.599,53.654,53.34,53.516,0
2025-11-12 15:00:00,53.514,53.557,53.232,53.278,0
2025-11-12 16:00:00,53.278,53.421,53.152,53.264,0
2025-11-12 18:00:00,53.179,53.366,53.139,53.223,0
2025-11-12 19:00:00,53.222,53.339,53.029,53.307,0
2025-11-12 20:00:00,53.309,53.379,52.874,53.326,0
2025-11-12 21:00:00,53.325,53.498,53.222,53.346,0
2025-11-12 22:00:00,53.346,54.161,53.344,54.14,0
2025-11-12 23:00:00,54.14,54.306,53.738,53.948,0
2025-11-13 00:00:00,53.947,54.263,53.852,53.956,0
2025-11-13 01:00:00,53.955,54.124,53.822,54.065,0
2025-11-13 02:00:00,54.068,54.19,53.858,54.067,0
2025-11-13 03:00:00,54.068,54.389,54.019,54.24,0
2025-11-13 04:00:00,54.23,54.309,53.999,54.086,0
2025-11-13 05:00:00,54.089,54.195,53.417,53.566,0
2025-11-13 06:00:00,53.57,53.816,53.417,53.771,0
2025-11-13 07:00:00,53.768,54.11,53.753,54.037,0
2025-11-13 08:00:00,54.043,54.085,53.013,53.541,0
2025-11-13 09:00:00,53.54,53.551,52.634,52.964,0
2025-11-13 10:00:00,52.959,53.189,52.552,52.733,0
2025-11-13 11:00:00,52.732,53.138,52.724,53.079,0
2025-11-13 12:00:00,53.07,53.231,52.831,53.147,0
2025-11-13 13:00:00,53.148,53.259,52.044,52.393,0
2025-11-13 14:00:00,52.392,52.626,52.128,52.415,0
2025-11-13 15:00:00,52.413,52.552,52.186,52.306,0
2025-11-13 16:00:00,52.306,52.534,52.258,52.261,0
2025-11-13 18:00:00,52.171,52.549,52.151,52.513,0
2025-11-13 19:00:00,52.513,52.772,52.493,52.722,0
2025-11-13 20:00:00,52.722,53.038,52.581,52.968,0
2025-11-13 21:00:00,52.971,53.421,52.914,53.304,0
2025-11-13 22:00:00,53.3,53.551,53.184,53.296,0
2025-11-13 23:00:00,53.304,53.333,52.983,53.056,0
2025-11-14 00:00:00,53.057,53.064,52.62,53.003,0
2025-11-14 01:00:00,52.994,53.087,52.59,52.641,0
2025-11-14 02:00:00,52.634,52.948,52.413,52.929,0
2025-11-14 03:00:00,52.936,53.115,52.713,52.832,0
2025-11-14 04:00:00,52.828,52.859,52.616,52.715,0
2025-11-14 05:00:00,52.719,52.781,52.528,52.603,0
2025-11-14 06:00:00,52.603,52.634,51.985,51.999,0
2025-11-14 07:00:00,51.991,52.051,51.458,51.832,0
2025-11-14 08:00:00,51.827,51.932,50.44,50.691,0
2025-11-14 09:00:00,50.682,51.068,50.043,51.056,0
2025-11-14 10:00:00,51.052,51.296,50.82,51.285,0
2025-11-14 11:00:00,51.287,51.476,51.1,51.348,0
2025-11-14 12:00:00,51.344,51.407,51.091,51.16,0
2025-11-14 13:00:00,51.161,51.186,50.751,51.006,0
2025-11-14 14:00:00,51.006,51.056,50.702,50.742,0
2025-11-14 15:00:00,50.74,50.786,50.488,50.66,0
2025-11-14 16:00:00,50.659,50.68,50.512,50.543,0
2025-11-16 18:00:00,50.276,51.005,50.262,50.825,0
2025-11-16 19:00:00,50.825,50.868,50.664,50.783,0
2025-11-16 20:00:00,50.782,51.188,50.766,50.881,0
2025-11-16 21:00:00,50.88,51.141,50.693,50.916,0
2025-11-16 22:00:00,50.917,51.066,50.799,50.973,0
2025-11-16 23:00:00,50.971,51.016,50.771,50.835,0
2025-11-17 00:00:00,50.836,50.855,50.355,50.636,0
2025-11-17 01:00:00,50.638,50.842,50.558,50.665,0
2025-11-17 02:00:00,50.664,51.163,50.651,51.14,0
2025-11-17 03:00:00,51.143,51.298,50.73,50.945,0
2025-11-17 04:00:00,50.951,51.116,50.791,51.03,0
2025-11-17 05:00:00,51.022,51.127,50.785,50.905,0
2025-11-17 06:00:00,50.905,51.108,50.747,51.04,0
2025-11-17 07:00:00,51.052,51.06,50.858,50.869,0
2025-11-17 08:00:00,50.881,51.087,50.496,50.585,0
2025-11-17 09:00:00,50.583,50.88,50.489,50.789,0
2025-11-17 10:00:00,50.793,50.944,50.543,50.759,0
2025-11-17 11:00:00,50.758,50.951,50.491,50.829,0
2025-11-17 12:00:00,50.829,50.99,50.808,50.892,0
2025-11-17 13:00:00,50.889,50.98,50.585,50.601,0
2025-11-17 14:00:00,50.597,50.691,49.65,49.654,0
2025-11-17 15:00:00,49.652,50.148,49.562,50.145,0
2025-11-17 16:00:00,50.141,50.223,50.092,50.18,0
2025-11-17 18:00:00,50.134,50.214,49.491,49.886,0
2025-11-17 19:00:00,49.885,50.119,49.695,50.091,0
2025-11-17 20:00:00,50.095,50.164,49.756,49.839,0
2025-11-17 21:00:00,49.831,50.034,49.739,49.759,0
2025-11-17 22:00:00,49.758,49.952,49.668,49.709,0
2025-11-17 23:00:00,49.71,49.714,49.416,49.6,0
2025-11-18 00:00:00,49.599,49.883,49.599,49.759,0
2025-11-18 01:00:00,49.761,49.782,49.478,49.514,0
2025-11-18 02:00:00,49.514,49.753,49.345,49.688,0
2025-11-18 03:00:00,49.68,50.317,49.673,50.27,0
2025-11-18 04:00:00,50.271,50.496,50.165,50.38,0
2025-11-18 05:00:00,50.378,50.572,50.344,50.502,0
2025-11-18 06:00:00,50.51,50.573,50.265,50.291,0
2025-11-18 07:00:00,50.292,50.329,49.872,49.912,0
2025-11-18 08:00:00,49.92,50.38,49.879,50.261,0
2025-11-18 09:00:00,50.254,50.839,50.197,50.577,0
2025-11-18 10:00:00,50.574,50.778,50.318,50.407,0
2025-11-18 11:00:00,50.404,50.739,50.256,50.677,0
2025-11-18 12:00:00,50.677,50.804,50.561,50.758,0
2025-11-18 13:00:00,50.763,50.838,50.656,50.786,0
2025-11-18 14:00:00,50.792,51.155,50.785,51.151,0
2025-11-18 15:00:00,51.145,51.169,50.788,50.798,0
2025-11-18 16:00:00,50.802,50.849,50.648,50.678,0
2025-11-18 18:00:00,50.595,50.887,50.404,50.866,0
2025-11-18 19:00:00,50.866,50.87,50.67,50.755,0
2025-11-18 20:00:00,50.754,50.784,50.557,50.652,0
2025-11-18 21:00:00,50.653,51.271,50.639,51.039,0
2025-11-18 22:00:00,51.038,51.092,50.747,50.771,0
2025-11-18 23:00:00,50.77,50.941,50.705,50.884,0
2025-11-19 00:00:00,50.889,51.453,50.87,51.416,0
2025-11-19 01:00:00,51.421,51.539,51.322,51.387,0
2025-11-19 02:00:00,51.388,51.54,51.238,51.404,0
2025-11-19 03:00:00,51.405,51.414,51.182,51.336,0
2025-11-19 04:00:00,51.336,52.2,51.289,52.143,0
2025-11-19 05:00:00,52.146,52.46,52.074,52.169,0
2025-11-19 06:00:00,52.171,52.289,52.063,52.103,0
2025-11-19 07:00:00,52.104,52.35,52.088,52.192,0
2025-11-19 08:00:00,52.196,52.198,51.681,51.821,0
2025-11-19 09:00:00,51.822,52.139,51.51,52.103,0
2025-11-19 10:00:00,52.106,52.349,51.604,51.693,0
2025-11-19 11:00:00,51.697,51.753,50.702,50.773,0
2025-11-19 12:00:00,50.77,50.931,50.359,50.885,0
2025-11-19 13:00:00,50.887,51.349,50.871,51.294,0
2025-11-19 14:00:00,51.245,51.282,50.937,51.094,0
2025-11-19 15:00:00,51.095,51.38,51.056,51.207,0
2025-11-19 16:00:00,51.209,51.423,51.042,51.343,0
2025-11-19 18:00:00,51.433,51.758,51.295,51.717,0
2025-11-19 19:00:00,51.72,51.861,51.518,51.575,0
2025-11-19 20:00:00,51.576,51.69,51.36,51.393,0
2025-11-19 21:00:00,51.387,51.39,50.674,51.193,0
2025-11-19 22:00:00,51.189,51.569,51.087,51.254,0
2025-11-19 23:00:00,51.252,51.478,51.218,51.301,0
2025-11-20 00:00:00,51.298,51.412,51.183,51.212,0
2025-11-20 01:00:00,51.208,51.408,51.005,51.179,0
2025-11-20 02:00:00,51.174,51.342,50.966,50.988,0
2025-11-20 03:00:00,50.987,51.045,50.321,50.661,0
2025-11-20 04:00:00,50.661,50.997,50.661,50.943,0
2025-11-20 05:00:00,50.946,51.027,50.666,50.726,0
2025-11-20 06:00:00,50.725,50.919,50.565,50.831,0
2025-11-20 07:00:00,50.83,51.185,50.768,51.167,0
2025-11-20 08:00:00,51.169,51.32,50.614,51.093,0
2025-11-20 09:00:00,51.095,51.393,50.841,51.201,0
2025-11-20 10:00:00,51.205,51.303,50.865,50.865,0
2025-11-20 11:00:00,50.864,51.036,50.249,50.369,0
2025-11-20 12:00:00,50.368,50.574,50.214,50.563,0
2025-11-20 13:00:00,50.565,50.737,50.242,50.348,0
2025-11-20 14:00:00,50.348,50.901,50.266,50.822,0
2025-11-20 15:00:00,50.82,50.83,50.434,50.486,0
2025-11-20 16:00:00,50.49,50.664,50.449,50.644,0
2025-11-20 18:00:00,50.577,50.844,50.357,50.771,0
2025-11-20 19:00:00,50.77,50.817,50.584,50.593,0
2025-11-20 20:00:00,50.591,50.597,50.158,50.34,0
2025-11-20 21:00:00,50.342,50.552,49.895,49.905,0
2025-11-20 22:00:00,49.905,49.923,49.532,49.811,0
2025-11-20 23:00:00,49.808,49.887,49.544,49.707,0
2025-11-21 00:00:00,49.706,49.89,49.331,49.566,0
2025-11-21 01:00:00,49.567,49.759,49.397,49.427,0
2025-11-21 02:00:00,49.428,49.508,49.134,49.162,0
2025-11-21 03:00:00,49.168,49.547,49.017,49.352,0
2025-11-21 04:00:00,49.351,49.619,49.158,49.206,0
2025-11-21 05:00:00,49.209,49.209,48.616,48.951,0
2025-11-21 06:00:00,48.943,49.162,48.848,48.963,0
2025-11-21 07:00:00,48.96,49.603,48.863,49.516,0
2025-11-21 08:00:00,49.515,49.863,49.36,49.847,0
2025-11-21 09:00:00,49.851,49.91,49.336,49.641,0
2025-11-21 10:00:00,49.639,49.873,49.375,49.66,0
2025-11-21 11:00:00,49.659,50.633,49.577,50.626,0
2025-11-21 12:00:00,50.621,50.66,50.146,50.32,0
2025-11-21 13:00:00,50.31,50.426,50.141,50.347,0
2025-11-21 14:00:00,50.352,50.453,50.253,50.293,0
2025-11-21 15:00:00,50.286,50.33,49.735,49.943,0
2025-11-21 16:00:00,49.935,50.039,49.804,49.976,0
2025-11-23 18:00:00,50.227,50.364,50.018,50.113,0
2025-11-23 19:00:00,50.11,50.15,49.963,50.117,0
2025-11-23 20:00:00,50.118,50.188,49.707,49.744,0
2025-11-23 21:00:00,49.745,50.047,49.739,49.789,0
2025-11-23 22:00:00,49.798,50.102,49.778,49.978,0
2025-11-23 23:00:00,49.98,50.123,49.835,49.861,0
2025-11-24 00:00:00,49.86,50.034,49.815,49.922,0
2025-11-24 01:00:00,49.921,50.06,49.782,49.848,0
2025-11-24 02:00:00,49.847,50.037,49.77,49.973,0
2025-11-24 03:00:00,49.968,50.14,49.916,50.096,0
2025-11-24 04:00:00,50.091,50.39,50.059,50.208,0
2025-11-24 05:00:00,50.212,50.308,50.063,50.09,0
2025-11-24 06:00:00,50.087,50.19,50.03,50.069,0
2025-11-24 07:00:00,50.068,50.312,49.958,50.29,0
2025-11-24 08:00:00,50.291,50.379,50.128,50.157,0
2025-11-24 09:00:00,50.156,50.341,50.01,50.294,0
2025-11-24 10:00:00,50.292,50.472,50.288,50.352,0
2025-11-24 11:00:00,50.353,50.522,50.307,50.513,0
2025-11-24 12:00:00,50.512,50.687,50.403,50.592,0
2025-11-24 13:00:00,50.593,51.001,50.521,50.944,0
2025-11-24 14:00:00,50.94,51.173,50.894,51.135,0
2025-11-24 15:00:00,51.139,51.4,51.132,51.375,0
2025-11-24 16:00:00,51.375,51.402,51.267,51.344,0
2025-11-24 18:00:00,51.184,51.378,51.114,51.367,0
2025-11-24 19:00:00,51.366,51.377,51.044,51.045,0
2025-11-24 20:00:00,51.046,51.427,50.994,51.342,0
2025-11-24 21:00:00,51.341,51.588,51.318,51.483,0
2025-11-24 22:00:00,51.483,51.575,51.374,51.437,0
2025-11-24 23:00:00,51.43,51.594,51.383,51.49,0
2025-11-25 00:00:00,51.49,51.741,51.399,51.696,0
2025-11-25 01:00:00,51.694,51.721,51.231,51.372,0
2025-11-25 02:00:00,51.374,51.591,51.183,51.26,0
2025-11-25 03:00:00,51.261,51.397,50.786,50.976,0
2025-11-25 04:00:00,50.975,51.262,50.932,50.998,0
2025-11-25 05:00:00,50.997,51.238,50.989,51.138,0
2025-11-25 06:00:00,51.137,51.311,51.098,51.201,0
2025-11-25 07:00:00,51.216,51.372,51.052,51.249,0
2025-11-25 08:00:00,51.244,51.733,51.235,51.613,0
2025-11-25 09:00:00,51.612,51.656,50.68,51.074,0
2025-11-25 10:00:00,51.07,51.204,50.698,50.774,0
2025-11-25 11:00:00,50.77,51.148,50.729,51.098,0
2025-11-25 12:00:00,51.097,51.564,51.094,51.236,0
2025-11-25 13:00:00,51.235,51.39,51.119,51.148,0
2025-11-25 14:00:00,51.144,51.293,51.066,51.232,0
2025-11-25 15:00:00,51.235,51.454,51.235,51.419,0
2025-11-25 16:00:00,51.418,51.472,51.331,51.457,0
2025-11-25 18:00:00,51.367,51.491,51.288,51.334,0
2025-11-25 19:00:00,51.34,51.502,51.319,51.466,0
2025-11-25 20:00:00,51.465,51.758,51.358,51.646,0
2025-11-25 21:00:00,51.645,52.054,51.606,51.888,0
2025-11-25 22:00:00,51.893,52.056,51.804,51.983,0
2025-11-25 23:00:00,51.977,52.027,51.805,52.007,0
2025-11-26 00:00:00,52.007,52.16,51.864,51.943,0
2025-11-26 01:00:00,51.941,51.981,51.735,51.946,0
2025-11-26 02:00:00,51.945,52.088,51.806,52.057,0
2025-11-26 03:00:00,52.06,52.267,51.979,52.221,0
2025-11-26 04:00:00,52.223,52.319,52.121,52.301,0
2025-11-26 05:00:00,52.312,52.476,52.217,52.451,0
2025-11-26 06:00:00,52.452,52.611,52.361,52.426,0
2025-11-26 07:00:00,52.423,52.528,52.101,52.209,0
2025-11-26 08:00:00,52.207,52.551,52.166,52.312,0
2025-11-26 09:00:00,52.312,52.455,52.074,52.077,0
2025-11-26 10:00:00,52.076,52.735,51.966,52.702,0
2025-11-26 11:00:00,52.7,53.06,52.574,53.039,0
2025-11-26 12:00:00,53.042,53.115,52.849,53.092,0
2025-11-26 13:00:00,53.095,53.231,52.917,53.136,0
2025-11-26 14:00:00,53.137,53.354,53.124,53.287,0
2025-11-26 15:00:00,53.286,53.378,53.213,53.316,0
2025-11-26 16:00:00,53.315,53.357,53.206,53.327,0
2025-11-26 18:00:00,53.233,53.444,53.207,53.402,0
2025-11-26 19:00:00,53.402,53.433,53.284,53.346,0
2025-11-26 20:00:00,53.347,53.352,52.707,52.879,0
2025-11-26 21:00:00,52.878,53.055,52.714,52.741,0
2025-11-26 22:00:00,52.741,52.923,52.675,52.87,0
2025-11-26 23:00:00,52.871,52.906,52.726,52.832,0
2025-11-27 00:00:00,52.832,52.993,52.818,52.953,0
2025-11-27 01:00:00,52.953,53.457,52.95,53.399,0
2025-11-27 02:00:00,53.4,53.847,53.364,53.71,0
2025-11-27 03:00:00,53.708,53.904,53.7,53.846,0
2025-11-27 04:00:00,53.833,53.853,53.247,53.368,0
2025-11-27 05:00:00,53.37,53.383,53.136,53.352,0
2025-11-27 06:00:00,53.356,53.416,53.155,53.342,0
2025-11-27 07:00:00,53.341,53.481,53.29,53.296,0
2025-11-27 08:00:00,53.295,53.295,52.876,53.072,0
2025-11-27 09:00:00,53.07,53.299,53.01,53.104,0
2025-11-27 10:00:00,53.107,53.256,53.04,53.16,0
2025-11-27 11:00:00,53.162,53.323,53.104,53.292,0
2025-11-27 12:00:00,53.294,53.441,53.223,53.416,0
2025-11-27 13:00:00,53.411,53.464,53.269,53.397,0
2025-11-27 14:00:00,53.398,53.429,53.37,53.384,0
2025-11-27 18:00:00,53.305,53.468,53.302,53.459,0
2025-11-27 19:00:00,53.46,53.571,53.371,53.538,0
2025-11-27 20:00:00,53.543,53.996,53.481,53.825,0
2025-11-27 21:00:00,53.826,54.128,53.712,54.122,0
2025-11-27 22:00:00,54.111,54.19,53.272,53.472,0
2025-11-27 23:00:00,53.46,53.873,53.42,53.69,0
2025-11-28 00:00:00,53.73,54.065,53.688,54.065,0
2025-11-28 01:00:00,54.065,54.364,53.844,54.014,0
2025-11-28 02:00:00,53.979,54.032,53.792,53.815,0
2025-11-28 03:00:00,53.77,53.943,52.158,53.805,0
2025-11-28 04:00:00,53.805,53.807,53.359,53.724,0
2025-11-28 05:00:00,53.724,53.883,53.58,53.809,0
2025-11-28 06:00:00,53.809,53.949,53.653,53.673,0
2025-11-28 07:00:00,53.73,53.933,53.656,53.802,0
2025-11-28 08:00:00,53.795,54.18,53.766,54.162,0
2025-11-28 09:00:00,54.168,55.285,54.08,55.236,0
2025-11-28 10:00:00,55.233,55.624,54.77,55.532,0
2025-11-28 11:00:00,55.533,55.739,55.424,55.732,0
2025-11-28 12:00:00,55.735,56.488,55.72,56.385,0
2025-11-28 13:00:00,56.38,56.528,56.007,56.51,0
2025-11-28 14:00:00,56.509,56.509,56.281,56.365,0
2025-11-30 18:00:00,56.659,57.279,56.024,56.995,0
2025-11-30 19:00:00,56.99,57.479,56.756,57.411,0
2025-11-30 20:00:00,57.41,57.86,56.922,57.835,0
2025-11-30 21:00:00,57.836,57.856,57.127,57.41,0
2025-11-30 22:00:00,57.41,57.467,56.703,57.227,0
2025-11-30 23:00:00,57.228,57.327,56.994,57.235,0
2025-12-01 00:00:00,57.236,57.246,56.427,56.878,0
2025-12-01 01:00:00,56.876,57.094,56.738,56.819,0
2025-12-01 02:00:00,56.82,56.931,56.482,56.911,0
2025-12-01 03:00:00,56.905,57.284,56.881,57.171,0
2025-12-01 04:00:00,57.169,57.377,57.159,57.349,0
2025-12-01 05:00:00,57.35,57.808,57.321,57.633,0
2025-12-01 06:00:00,57.637,57.68,57.321,57.466,0
2025-12-01 07:00:00,57.462,57.601,57.014,57.041,0
2025-12-01 08:00:00,57.042,57.711,57.036,57.434,0
2025-12-01 09:00:00,57.446,57.691,56.891,57.615,0
2025-12-01 10:00:00,57.607,57.831,57.22,57.659,0
2025-12-01 11:00:00,57.66,58.839,57.638,58.269,0
2025-12-01 12:00:00,58.27,58.509,58.088,58.338,0
2025-12-01 13:00:00,58.336,58.672,58.336,58.489,0
2025-12-01 14:00:00,58.485,58.493,57.825,58.115,0
2025-12-01 15:00:00,58.118,58.3,57.802,57.918,0
2025-12-01 16:00:00,57.92,58.111,57.791,57.955,0
2025-12-01 18:00:00,57.824,57.986,57.439,57.594,0
2025-12-01 19:00:00,57.599,57.636,57.288,57.524,0
2025-12-01 20:00:00,57.521,57.568,56.571,57.057,0
2025-12-01 21:00:00,57.056,57.312,56.821,57.117,0
2025-12-01 22:00:00,57.115,57.427,57.026,57.163,0
2025-12-01 23:00:00,57.167,57.244,57.05,57.179,0
2025-12-02 00:00:00,57.178,57.395,56.986,57.332,0
2025-12-02 01:00:00,57.329,57.54,56.79,57.091,0
2025-12-02 02:00:00,57.091,57.291,57.07,57.252,0
2025-12-02 03:00:00,57.252,57.328,56.994,57.076,0
2025-12-02 04:00:00,57.065,57.124,56.652,56.914,0
2025-12-02 05:00:00,56.914,57.018,56.719,57.0,0
2025-12-02 06:00:00,57.002,57.428,56.963,57.355,0
2025-12-02 07:00:00,57.356,57.481,57.249,57.447,0
2025-12-02 08:00:00,57.452,57.672,57.358,57.573,0
2025-12-02 09:00:00,57.569,58.374,57.547,58.143,0
2025-12-02 10:00:00,58.138,58.165,57.058,57.143,0
2025-12-02 11:00:00,57.151,57.715,57.094,57.664,0
2025-12-02 12:00:00,57.665,58.093,57.652,58.028,0
2025-12-02 13:00:00,58.027,58.239,57.659,58.019,0
2025-12-02 14:00:00,58.02,58.386,57.992,58.304,0
2025-12-02 15:00:00,58.305,58.634,58.183,58.554,0
2025-12-02 16:00:00,58.549,58.563,58.393,58.445,0
2025-12-02 18:00:00,58.037,58.737,58.02,58.627,0
2025-12-02 19:00:00,58.628,58.629,58.198,58.346,0
2025-12-02 20:00:00,58.375,58.678,58.118,58.299,0
2025-12-02 21:00:00,58.298,58.744,58.274,58.721,0
2025-12-02 22:00:00,58.722,58.937,58.555,58.864,0
2025-12-02 23:00:00,58.863,58.912,58.709,58.75,0
2025-12-03 00:00:00,58.748,58.788,57.528,57.94,0
2025-12-03 01:00:00,57.939,58.272,57.818,57.991,0
2025-12-03 02:00:00,58.003,58.115,57.801,58.077,0
2025-12-03 03:00:00,58.083,58.209,57.922,58.115,0
2025-12-03 04:00:00,58.114,58.186,57.863,58.173,0
2025-12-03 05:00:00,58.175,58.22,57.956,58.055,0
2025-12-03 06:00:00,58.056,58.359,57.977,58.359,0
2025-12-03 07:00:00,58.358,58.57,58.225,58.544,0
2025-12-03 08:00:00,58.554,58.965,57.483,58.925,0
2025-12-03 09:00:00,58.927,58.968,58.001,58.278,0
2025-12-03 10:00:00,58.11,58.736,58.11,58.442,0
2025-12-03 11:00:00,58.439,58.786,57.816,58.04,0
2025-12-03 12:00:00,58.038,58.495,58.034,58.356,0
2025-12-03 13:00:00,58.371,58.441,58.055,58.24,0
2025-12-03 14:00:00,58.24,58.524,58.24,58.459,0
2025-12-03 15:00:00,58.46,58.542,58.401,58.458,0
2025-12-03 16:00:00,58.461,58.54,58.404,58.468,0
2025-12-03 18:00:00,58.401,58.51,58.282,58.502,0
2025-12-03 19:00:00,58.505,58.57,58.295,58.419,0
2025-12-03 20:00:00,58.414,58.739,58.308,58.533,0
2025-12-03 21:00:00,58.534,58.652,58.28,58.328,0
2025-12-03 22:00:00,58.328,58.386,58.014,58.138,0
2025-12-03 23:00:00,58.137,58.284,58.112,58.153,0
2025-12-04 00:00:00,58.151,58.237,57.317,57.636,0
2025-12-04 01:00:00,57.642,57.784,57.065,57.45,0
2025-12-04 02:00:00,57.451,57.544,57.265,57.45,0
2025-12-04 03:00:00,57.438,57.562,56.843,56.844,0
2025-12-04 04:00:00,56.851,57.445,56.593,57.389,0
2025-12-04 05:00:00,57.396,57.51,57.34,57.43,0
2025-12-04 06:00:00,57.432,57.61,57.427,57.554,0
2025-12-04 07:00:00,57.554,57.608,57.278,57.303,0
2025-12-04 08:00:00,57.289,57.476,57.099,57.455,0
2025-12-04 09:00:00,57.453,57.806,56.732,56.795,0
2025-12-04 10:00:00,56.797,57.105,56.435,56.93,0
2025-12-04 11:00:00,56.921,57.203,56.862,57.13,0
2025-12-04 12:00:00,57.131,57.243,56.997,57.153,0
2025-12-04 13:00:00,57.146,57.171,56.867,56.902,0
2025-12-04 14:00:00,56.899,57.054,56.662,57.044,0
2025-12-04 15:00:00,57.04,57.14,56.917,57.09,0
2025-12-04 16:00:00,57.093,57.153,57.042,57.093,0
2025-12-04 18:00:00,57.034,57.112,56.914,57.014,0
2025-12-04 19:00:00,57.017,57.134,56.971,56.978,0
2025-12-04 20:00:00,56.98,57.217,56.854,57.18,0
2025-12-04 21:00:00,57.181,57.6,56.992,57.581,0
2025-12-04 22:00:00,57.581,57.698,57.319,57.434,0
2025-12-04 23:00:00,57.434,57.806,57.412,57.738,0
2025-12-05 00:00:00,57.74,58.131,57.637,58.129,0
2025-12-05 01:00:00,58.129,58.502,58.078,58.242,0
2025-12-05 02:00:00,58.246,58.375,58.067,58.204,0
2025-12-05 03:00:00,58.202,58.333,58.098,58.137,0
2025-12-05 04:00:00,58.138,58.204,57.821,58.146,0
2025-12-05 05:00:00,58.147,58.259,58.102,58.14,0
2025-12-05 06:00:00,58.136,58.227,57.999,58.17,0
2025-12-05 07:00:00,58.175,58.224,58.035,58.138,0
2025-12-05 08:00:00,58.14,58.436,57.811,58.184,0
2025-12-05 09:00:00,58.177,58.737,58.077,58.557,0
2025-12-05 10:00:00,58.555,59.324,58.277,59.077,0
2025-12-05 11:00:00,59.079,59.19,57.939,58.444,0
2025-12-05 12:00:00,58.441,58.681,58.229,58.656,0
2025-12-05 13:00:00,58.645,58.707,58.434,58.49,0
2025-12-05 14:00:00,58.476,58.571,58.211,58.433,0
2025-12-05 15:00:00,58.434,58.501,58.249,58.369,0
2025-12-05 16:00:00,58.366,58.44,58.216,58.291,0
2025-12-07 18:00:00,58.196,58.606,57.592,58.425,0
2025-12-07 19:00:00,58.425,58.603,58.246,58.55,0
2025-12-07 20:00:00,58.55,58.568,57.726,57.839,0
2025-12-07 21:00:00,57.836,57.981,57.504,57.932,0
2025-12-07 22:00:00,57.935,58.112,57.765,58.008,0
2025-12-07 23:00:00,58.011,58.078,57.913,57.95,0
2025-12-08 00:00:00,57.95,58.292,57.882,58.283,0
2025-12-08 01:00:00,58.282,58.407,58.17,58.362,0
2025-12-08 02:00:00,58.363,58.414,58.167,58.245,0
2025-12-08 03:00:00,58.25,58.472,58.106,58.433,0
2025-12-08 04:00:00,58.423,58.52,58.328,58.345,0
2025-12-08 05:00:00,58.343,58.518,58.33,58.409,0
2025-12-08 06:00:00,58.406,58.491,58.336,58.354,0
2025-12-08 07:00:00,58.345,58.525,58.341,58.512,0
2025-12-08 08:00:00,58.509,58.534,58.026,58.174,0
2025-12-08 09:00:00,58.176,58.394,58.029,58.183,0
2025-12-08 10:00:00,58.184,58.184,57.624,57.907,0
2025-12-08 11:00:00,57.909,58.07,57.675,57.967,0
2025-12-08 12:00:00,57.969,58.123,57.828,58.089,0
2025-12-08 13:00:00,58.092,58.118,57.887,57.954,0
2025-12-08 14:00:00,57.956,58.022,57.882,57.994,0
2025-12-08 15:00:00,57.99,58.137,57.968,58.114,0
2025-12-08 16:00:00,58.113,58.16,58.085,58.137,0
2025-12-08 18:00:00,57.992,58.114,57.938,58.105,0
2025-12-08 19:00:00,58.104,58.12,57.966,57.974,0
2025-12-08 20:00:00,57.973,58.173,57.864,58.128,0
2025-12-08 21:00:00,58.128,58.201,57.868,58.167,0
2025-12-08 22:00:00,58.169,58.415,58.154,58.284,0
2025-12-08 23:00:00,58.285,58.372,58.146,58.226,0
2025-12-09 00:00:00,58.224,58.244,57.655,57.703,0
2025-12-09 01:00:00,57.705,58.069,57.582,57.969,0
2025-12-09 02:00:00,57.97,58.072,57.88,58.034,0
2025-12-09 03:00:00,58.035,58.352,58.031,58.345,0
2025-12-09 04:00:00,58.347,58.921,58.313,58.516,0
2025-12-09 05:00:00,58.528,58.63,58.384,58.593,0
2025-12-09 06:00:00,58.597,58.638,58.445,58.524,0
2025-12-09 07:00:00,58.521,58.716,58.515,58.695,0
2025-12-09 08:00:00,58.695,58.91,58.517,58.87,0
2025-12-09 09:00:00,58.865,59.226,58.612,59.041,0
2025-12-09 10:00:00,59.038,60.296,58.879,60.213,0
2025-12-09 11:00:00,60.218,60.564,60.053,60.308,0
2025-12-09 12:00:00,60.308,60.464,60.062,60.178,0
2025-12-09 13:00:00,60.169,60.582,60.158,60.55,0
2025-12-09 14:00:00,60.549,60.734,60.486,60.661,0
2025-12-09 15:00:00,60.661,60.786,60.544,60.769,0
2025-12-09 16:00:00,60.771,60.817,60.591,60.653,0
2025-12-09 18:00:00,60.402,60.903,60.392,60.839,0
2025-12-09 19:00:00,60.846,60.889,60.624,60.662,0
2025-12-09 20:00:00,60.66,61.413,60.616,61.273,0
2025-12-09 21:00:00,61.271,61.467,60.922,61.219,0
2025-12-09 22:00:00,61.223,61.237,60.853,61.005,0
2025-12-09 23:00:00,61.004,61.102,60.949,61.079,0
2025-12-10 00:00:00,61.076,61.35,60.874,61.309,0
2025-12-10 01:00:00,61.307,61.607,61.244,61.379,0
2025-12-10 02:00:00,61.381,61.524,61.264,61.453,0
2025-12-10 03:00:00,61.452,61.567,60.991,61.005,0
2025-12-10 04:00:00,61.002,61.114,60.598,60.88,0
2025-12-10 05:00:00,60.882,61.088,60.785,61.064,0
2025-12-10 06:00:00,61.062,61.139,60.852,61.01,0
2025-12-10 07:00:00,61.011,61.102,60.974,61.023,0
2025-12-10 08:00:00,61.024,61.274,60.743,60.786,0
2025-12-10 09:00:00,60.785,61.029,60.262,60.393,0
2025-12-10 10:00:00,60.392,60.685,60.092,60.54,0
2025-12-10 11:00:00,60.538,60.904,60.538,60.871,0
2025-12-10 12:00:00,60.865,60.891,60.474,60.658,0
2025-12-10 13:00:00,60.662,60.687,60.326,60.345,0
2025-12-10 14:00:00,59.822,61.112,59.822,61.103,0
2025-12-10 15:00:00,61.097,61.938,60.931,61.751,0
2025-12-10 16:00:00,61.749,61.849,61.601,61.746,0
2025-12-10 18:00:00,61.718,61.955,61.613,61.89,0
2025-12-10 19:00:00,61.892,62.372,61.853,62.273,0
2025-12-10 20:00:00,62.276,62.883,62.227,62.774,0
2025-12-10 21:00:00,62.776,62.859,62.235,62.259,0
2025-12-10 22:00:00,62.26,62.444,61.816,62.057,0
2025-12-10 23:00:00,62.051,62.235,61.657,61.891,0
2025-12-11 00:00:00,61.89,61.996,61.419,61.624,0
2025-12-11 01:00:00,61.625,62.077,61.477,62.059,0
2025-12-11 02:00:00,62.059,62.11,61.881,62.034,0
2025-12-11 03:00:00,62.035,62.247,61.938,62.147,0
2025-12-11 04:00:00,62.143,62.15,61.959,62.071,0
2025-12-11 05:00:00,62.068,62.426,62.048,62.381,0
2025-12-11 06:00:00,62.377,62.466,61.966,62.014,0
2025-12-11 07:00:00,62.013,62.291,62.003,62.28,0
2025-12-11 08:00:00,62.286,62.569,62.056,62.459,0
2025-12-11 09:00:00,62.464,62.813,62.28,62.431,0
2025-12-11 10:00:00,62.434,63.547,62.4,63.277,0
2025-12-11 11:00:00,63.28,63.958,63.135,63.889,0
2025-12-11 12:00:00,63.904,64.125,63.782,63.996,0
2025-12-11 13:00:00,63.995,64.293,63.396,63.423,0
2025-12-11 14:00:00,63.432,63.922,63.195,63.763,0
2025-12-11 15:00:00,63.762,63.839,63.209,63.544,0
2025-12-11 16:00:00,63.547,63.646,63.446,63.551,0
2025-12-11 18:00:00,63.509,63.578,62.8,63.053,0
2025-12-11 19:00:00,63.052,63.479,63.045,63.276,0
2025-12-11 20:00:00,63.282,63.453,62.931,63.365,0
2025-12-11 21:00:00,63.364,63.923,63.354,63.633,0
2025-12-11 22:00:00,63.631,63.667,63.32,63.5,0
2025-12-11 23:00:00,63.496,63.519,63.35,63.428,0
2025-12-12 00:00:00,63.429,63.849,63.419,63.773,0
2025-12-12 01:00:00,63.774,63.876,63.618,63.638,0
2025-12-12 02:00:00,63.639,63.863,63.545,63.715,0
2025-12-12 03:00:00,63.712,64.014,63.606,63.977,0
2025-12-12 04:00:00,63.979,64.355,63.665,64.109,0
2025-12-12 05:00:00,64.112,64.347,63.919,64.303,0
2025-12-12 06:00:00,64.302,64.565,64.231,64.499,0
2025-12-12 07:00:00,64.505,64.564,63.998,64.038,0
2025-12-12 08:00:00,64.035,64.54,63.911,64.435,0
2025-12-12 09:00:00,64.437,64.648,63.91,64.352,0
2025-12-12 10:00:00,64.351,64.352,61.957,62.07,0
2025-12-12 11:00:00,62.069,62.305,60.735,61.279,0
2025-12-12 12:00:00,61.278,61.858,61.033,61.755,0
2025-12-12 13:00:00,61.764,62.008,61.525,61.633,0
2025-12-12 14:00:00,61.628,61.904,61.327,61.833,0
2025-12-12 15:00:00,61.835,62.013,61.339,61.841,0
2025-12-12 16:00:00,61.843,62.02,61.799,61.867,0
2025-12-14 18:00:00,61.926,62.107,61.807,61.958,0
2025-12-14 19:00:00,61.961,62.087,61.927,62.067,0
2025-12-14 20:00:00,62.069,62.766,61.729,62.582,0
2025-12-14 21:00:00,62.577,62.749,62.473,62.645,0
2025-12-14 22:00:00,62.644,62.812,62.427,62.603,0
2025-12-14 23:00:00,62.601,62.697,62.468,62.598,0
2025-12-15 00:00:00,62.599,63.109,62.527,63.049,0
2025-12-15 01:00:00,63.048,63.316,62.825,63.286,0
2025-12-15 02:00:00,63.287,63.367,63.1,63.25,0
2025-12-15 03:00:00,63.258,63.87,63.235,63.812,0
2025-12-15 04:00:00,63.81,63.959,63.628,63.668,0
2025-12-15 05:00:00,63.669,63.864,63.522,63.727,0
2025-12-15 06:00:00,63.729,63.876,63.588,63.867,0
2025-12-15 07:00:00,63.868,64.018,63.778,64.013,0
2025-12-15 08:00:00,64.012,64.089,63.644,63.773,0
2025-12-15 09:00:00,63.772,64.024,63.104,63.425,0
2025-12-15 10:00:00,63.426,64.0,63.183,63.799,0
2025-12-15 11:00:00,63.799,63.815,62.883,63.311,0
2025-12-15 12:00:00,63.314,63.585,63.173,63.463,0
2025-12-15 13:00:00,63.46,63.757,63.34,63.735,0
2025-12-15 14:00:00,63.735,64.105,63.663,64.087,0
2025-12-15 15:00:00,64.086,64.16,63.569,64.038,0
2025-12-15 16:00:00,64.036,64.091,63.878,64.084,0
2025-12-15 18:00:00,63.993,64.145,63.842,63.895,0
2025-12-15 19:00:00,63.896,64.002,63.648,63.674,0
2025-12-15 20:00:00,63.682,64.072,63.267,63.758,0
2025-12-15 21:00:00,63.753,63.872,62.948,63.019,0
2025-12-15 22:00:00,63.017,63.163,62.217,62.718,0
2025-12-15 23:00:00,62.721,62.96,62.587,62.845,0
2025-12-16 00:00:00,62.845,63.05,62.13,62.666,0
2025-12-16 01:00:00,62.672,63.132,62.639,63.082,0
2025-12-16 02:00:00,63.081,63.162,62.891,63.156,0
2025-12-16 03:00:00,63.149,63.25,62.869,63.181,0
2025-12-16 04:00:00,63.198,63.216,62.844,62.942,0
2025-12-16 05:00:00,62.942,63.13,62.865,62.999,0
2025-12-16 06:00:00,63.002,63.055,62.782,62.961,0
2025-12-16 07:00:00,62.958,63.196,62.893,63.068,0
2025-12-16 08:00:00,63.065,63.668,62.822,63.553,0
2025-12-16 09:00:00,63.551,63.825,63.432,63.471,0
2025-12-16 10:00:00,63.466,63.832,63.264,63.57,0
2025-12-16 11:00:00,63.572,63.667,62.964,63.388,0
2025-12-16 12:00:00,63.385,63.698,63.317,63.373,0
2025-12-16 13:00:00,63.371,63.846,63.202,63.794,0
2025-12-16 14:00:00,63.793,63.906,63.412,63.868,0
2025-12-16 15:00:00,63.868,63.921,63.543,63.654,0
2025-12-16 16:00:00,63.655,63.789,63.545,63.683,0
2025-12-16 18:00:00,63.646,63.795,63.61,63.775,0
2025-12-16 19:00:00,63.776,64.038,63.76,63.805,0
2025-12-16 20:00:00,63.805,65.626,63.797,65.584,0
2025-12-16 21:00:00,65.582,65.632,65.026,65.553,0
2025-12-16 22:00:00,65.554,66.004,65.4,65.847,0
2025-12-16 23:00:00,65.848,66.059,65.643,65.967,0
2025-12-17 00:00:00,65.968,66.512,65.742,66.192,0
2025-12-17 01:00:00,66.191,66.353,65.9,66.094,0
2025-12-17 02:00:00,66.094,66.094,65.55,65.621,0
2025-12-17 03:00:00,65.611,65.861,65.447,65.656,0
2025-12-17 04:00:00,65.647,65.861,65.601,65.72,0
2025-12-17 05:00:00,65.722,66.0,65.711,65.873,0
2025-12-17 06:00:00,65.873,66.005,65.774,65.898,0
2025-12-17 07:00:00,65.895,66.025,65.805,65.869,0
2025-12-17 08:00:00,65.863,66.079,65.816,65.976,0
2025-12-17 09:00:00,65.979,66.109,65.092,66.051,0
2025-12-17 10:00:00,66.053,66.107,65.341,65.638,0
2025-12-17 11:00:00,65.641,66.556,65.55,66.443,0
2025-12-17 12:00:00,66.438,66.817,66.119,66.763,0
2025-12-17 13:00:00,66.765,66.887,65.975,66.274,0
2025-12-17 14:00:00,66.27,66.651,66.137,66.488,0
2025-12-17 15:00:00,66.491,66.815,66.244,66.444,0
2025-12-17 16:00:00,66.446,66.585,66.106,66.203,0
2025-12-17 18:00:00,65.928,66.505,65.883,66.303,0
2025-12-17 19:00:00,66.302,66.412,66.126,66.317,0
2025-12-17 20:00:00,66.315,66.42,65.53,66.255,0
2025-12-17 21:00:00,66.259,66.512,66.093,66.374,0
2025-12-17 22:00:00,66.372,66.475,66.137,66.376,0
2025-12-17 23:00:00,66.377,66.464,66.161,66.294,0
2025-12-18 00:00:00,66.289,66.611,66.208,66.275,0
2025-12-18 01:00:00,66.277,66.5,66.171,66.404,0
2025-12-18 02:00:00,66.405,66.612,66.355,66.492,0
2025-12-18 03:00:00,66.489,66.528,65.868,66.003,0
2025-12-18 04:00:00,66.003,66.173,65.838,65.974,0
2025-12-18 05:00:00,65.974,66.146,65.86,66.065,0
2025-12-18 06:00:00,66.069,66.287,66.064,66.277,0
2025-12-18 07:00:00,66.278,66.312,65.987,66.035,0
2025-12-18 08:00:00,66.035,66.428,65.652,66.306,0
2025-12-18 09:00:00,66.307,66.456,64.615,65.494,0
2025-12-18 10:00:00,65.492,65.768,65.208,65.465,0
2025-12-18 11:00:00,65.466,66.193,65.408,65.808,0
2025-12-18 12:00:00,65.809,65.881,64.781,65.284,0
2025-12-18 13:00:00,65.283,65.503,65.068,65.344,0
2025-12-18 14:00:00,65.343,65.444,65.033,65.173,0
2025-12-18 15:00:00,65.175,65.52,65.145,65.406,0
2025-12-18 16:00:00,65.408,65.492,65.3,65.455,0
2025-12-18 18:00:00,65.489,65.597,65.421,65.548,0
2025-12-18 19:00:00,65.551,65.597,65.307,65.398,0
2025-12-18 20:00:00,65.398,65.52,64.596,64.894,0
2025-12-18 21:00:00,64.897,65.205,64.789,64.826,0
2025-12-18 22:00:00,64.824,65.253,64.424,65.114,0
2025-12-18 23:00:00,65.116,65.437,65.035,65.41,0
2025-12-19 00:00:00,65.411,65.96,65.228,65.841,0
2025-12-19 01:00:00,65.84,66.004,65.59,65.806,0
2025-12-19 02:00:00,65.813,65.883,65.661,65.715,0
2025-12-19 03:00:00,65.708,65.92,65.675,65.814,0
2025-12-19 04:00:00,65.813,66.126,65.725,66.016,0
2025-12-19 05:00:00,66.011,66.193,65.921,66.04,0
2025-12-19 06:00:00,66.039,66.066,65.819,65.859,0
2025-12-19 07:00:00,65.86,65.958,65.637,65.769,0
2025-12-19 08:00:00,65.768,66.04,65.649,65.837,0
2025-12-19 09:00:00,65.836,66.612,65.742,66.259,0
2025-12-19 10:00:00,66.244,66.844,66.213,66.823,0
2025-12-19 11:00:00,66.813,67.302,66.668,67.256,0
2025-12-19 12:00:00,67.255,67.416,67.076,67.368,0
2025-12-19 13:00:00,67.368,67.445,66.899,67.169,0
2025-12-19 14:00:00,67.168,67.37,67.114,67.199,0
2025-12-19 15:00:00,67.205,67.286,66.989,67.149,0
2025-12-19 16:00:00,67.151,67.223,66.886,67.066,0
2025-12-21 18:00:00,67.062,67.482,67.062,67.424,0
2025-12-21 19:00:00,67.423,67.546,67.362,67.535,0
2025-12-21 20:00:00,67.537,68.522,67.537,68.371,0
2025-12-21 21:00:00,68.371,68.977,68.319,68.73,0
2025-12-21 22:00:00,68.732,69.226,68.685,69.193,0
2025-12-21 23:00:00,69.194,69.437,69.131,69.338,0
2025-12-22 00:00:00,69.333,69.376,68.493,68.608,0
2025-12-22 01:00:00,68.612,69.245,68.588,69.193,0
2025-12-22 02:00:00,69.189,69.201,68.756,68.983,0
2025-12-22 03:00:00,68.989,68.989,68.6,68.732,0
2025-12-22 04:00:00,68.73,69.034,68.664,68.951,0
2025-12-22 05:00:00,68.96,69.14,68.932,69.009,0
2025-12-22 06:00:00,69.006,69.16,68.957,69.096,0
2025-12-22 07:00:00,69.095,69.237,68.837,69.06,0
2025-12-22 08:00:00,69.065,69.243,68.788,68.911,0
2025-12-22 09:00:00,68.908,69.253,68.654,68.884,0
2025-12-22 10:00:00,68.881,69.022,68.419,68.799,0
2025-12-22 11:00:00,68.8,68.953,68.218,68.743,0
2025-12-22 12:00:00,68.742,68.793,68.322,68.59,0
2025-12-22 13:00:00,68.597,68.625,68.323,68.356,0
2025-12-22 14:00:00,68.355,68.582,68.113,68.567,0
2025-12-22 15:00:00,68.565,68.896,68.554,68.87,0
2025-12-22 16:00:00,68.868,69.068,68.867,69.046,0
2025-12-22 18:00:00,69.066,69.272,69.063,69.129,0
2025-12-22 19:00:00,69.135,69.215,68.992,69.173,0
2025-12-22 20:00:00,69.171,69.702,68.909,69.284,0
2025-12-22 21:00:00,69.286,69.814,69.146,69.813,0
2025-12-22 22:00:00,69.813,69.987,69.507,69.589,0
2025-12-22 23:00:00,69.587,69.707,69.489,69.6,0
2025-12-23 00:00:00,69.596,69.597,69.218,69.279,0
2025-12-23 01:00:00,69.278,69.486,69.076,69.343,0
2025-12-23 02:00:00,69.345,69.648,69.278,69.533,0
2025-12-23 03:00:00,69.536,69.597,69.399,69.507,0
2025-12-23 04:00:00,69.506,69.574,69.384,69.49,0
2025-12-23 05:00:00,69.488,69.723,69.457,69.676,0
2025-12-23 06:00:00,69.681,69.741,69.526,69.729,0
2025-12-23 07:00:00,69.724,69.738,69.537,69.586,0
2025-12-23 08:00:00,69.574,70.662,69.563,70.483,0
2025-12-23 09:00:00,70.484,70.565,69.208,69.462,0
2025-12-23 10:00:00,69.411,69.803,68.814,69.735,0
2025-12-23 11:00:00,69.74,70.58,69.712,70.482,0
2025-12-23 12:00:00,70.477,71.082,70.434,70.644,0
2025-12-23 13:00:00,70.64,71.155,70.64,71.138,0
2025-12-23 14:00:00,71.14,71.501,71.057,71.168,0
2025-12-23 15:00:00,71.16,71.56,71.101,71.511,0
2025-12-23 16:00:00,71.508,71.522,71.305,71.449,0
2025-12-23 18:00:00,71.399,71.849,71.182,71.808,0
2025-12-23 19:00:00,71.809,71.996,71.676,71.879,0
2025-12-23 20:00:00,71.879,72.693,71.508,72.403,0
2025-12-23 21:00:00,72.398,72.511,71.768,71.807,0
2025-12-23 22:00:00,71.814,72.422,71.732,72.279,0
2025-12-23 23:00:00,72.281,72.433,72.15,72.23,0
2025-12-24 00:00:00,72.229,72.282,71.868,72.072,0
2025-12-24 01:00:00,72.075,72.5,71.96,72.251,0
2025-12-24 02:00:00,72.255,72.314,72.015,72.079,0
2025-12-24 03:00:00,72.076,72.082,71.456,71.471,0
2025-12-24 04:00:00,71.473,72.199,71.375,72.081,0
2025-12-24 05:00:00,72.077,72.205,71.933,72.03,0
2025-12-24 06:00:00,72.029,72.174,71.911,72.172,0
2025-12-24 07:00:00,72.163,72.443,72.161,72.332,0
2025-12-24 08:00:00,72.331,72.332,71.486,71.961,0
2025-12-24 09:00:00,71.958,72.273,70.737,70.878,0
2025-12-24 10:00:00,70.88,71.404,70.177,70.663,0
2025-12-24 11:00:00,70.665,71.787,70.56,71.714,0
2025-12-24 12:00:00,71.713,72.097,71.547,71.933,0
2025-12-24 13:00:00,71.93,71.999,71.665,71.731,0
2025-12-25 18:00:00,73.159,73.304,71.428,73.104,0
2025-12-25 19:00:00,73.106,74.248,73.098,74.15,0
2025-12-25 20:00:00,74.149,75.121,74.146,74.563,0
2025-12-25 21:00:00,74.565,74.874,74.214,74.766,0
2025-12-25 22:00:00,74.767,74.898,74.303,74.303,0
2025-12-25 23:00:00,74.296,74.74,74.295,74.641,0
2025-12-26 00:00:00,74.64,75.052,74.544,74.967,0
2025-12-26 01:00:00,74.966,75.032,74.482,74.601,0
2025-12-26 02:00:00,74.592,74.816,74.396,74.603,0
2025-12-26 03:00:00,74.598,74.95,74.525,74.905,0
2025-12-26 04:00:00,74.902,74.961,74.598,74.769,0
2025-12-26 05:00:00,74.77,75.609,74.689,74.875,0
2025-12-26 06:00:00,74.876,74.908,73.571,74.435,0
2025-12-26 07:00:00,74.438,74.534,74.1,74.154,0
2025-12-26 08:00:00,74.154,74.818,73.903,74.609,0
2025-12-26 09:00:00,74.613,75.405,74.281,74.872,0
2025-12-26 10:00:00,74.871,76.075,74.845,75.99,0
2025-12-26 11:00:00,76.008,76.475,75.475,76.28,0
2025-12-26 12:00:00,76.28,76.499,75.648,76.392,0
2025-12-26 13:00:00,76.364,77.4,76.275,77.271,0
2025-12-26 14:00:00,77.27,77.648,76.918,77.272,0
2025-12-26 15:00:00,77.269,78.532,77.252,78.361,0
2025-12-26 16:00:00,78.363,79.301,78.123,78.96,0
2025-12-28 18:00:00,82.274,83.968,81.581,81.814,0
2025-12-28 19:00:00,81.818,81.866,74.621,76.7,0
2025-12-28 20:00:00,76.702,78.674,75.855,76.85,0
2025-12-28 21:00:00,76.852,78.515,76.803,78.268,0
2025-12-28 22:00:00,78.262,80.797,78.262,80.346,0
2025-12-28 23:00:00,80.314,80.348,79.141,79.779,0
2025-12-29 00:00:00,79.773,80.497,78.671,79.049,0
2025-12-29 01:00:00,79.048,79.367,75.099,75.845,0
2025-12-29 02:00:00,75.834,76.932,74.913,76.033,0
2025-12-29 03:00:00,76.033,76.546,74.215,74.473,0
2025-12-29 04:00:00,74.476,75.757,74.476,75.736,0
2025-12-29 05:00:00,75.732,75.883,74.965,75.542,0
2025-12-29 06:00:00,75.541,75.787,73.901,74.337,0
2025-12-29 07:00:00,74.339,75.365,74.298,75.27,0
2025-12-29 08:00:00,75.242,76.084,72.841,73.83,0
2025-12-29 09:00:00,73.802,73.811,71.831,72.651,0
2025-12-29 10:00:00,72.649,72.651,70.49,71.359,0
2025-12-29 11:00:00,71.356,72.703,71.165,72.429,0
2025-12-29 12:00:00,72.423,72.664,71.392,71.621,0
2025-12-29 13:00:00,71.618,71.849,70.783,71.685,0
2025-12-29 14:00:00,71.686,72.414,71.315,72.3,0
2025-12-29 15:00:00,72.305,73.064,72.29,72.806,0
2025-12-29 16:00:00,72.793,72.801,71.967,72.102,0
2025-12-29 18:00:00,72.207,72.732,71.134,72.522,0
2025-12-29 19:00:00,72.518,73.107,72.133,72.783,0
2025-12-29 20:00:00,72.781,73.726,72.024,73.656,0
2025-12-29 21:00:00,73.657,73.939,73.067,73.92,0
2025-12-29 22:00:00,73.919,74.608,73.762,74.324,0
2025-12-29 23:00:00,74.326,74.616,74.252,74.446,0
2025-12-30 00:00:00,74.447,75.162,73.932,75.052,0
2025-12-30 01:00:00,75.042,75.109,74.349,74.862,0
2025-12-30 02:00:00,74.864,75.09,74.261,74.876,0
2025-12-30 03:00:00,74.878,74.945,73.813,74.287,0
2025-12-30 04:00:00,74.288,74.695,74.174,74.618,0
2025-12-30 05:00:00,74.616,74.731,74.34,74.513,0
2025-12-30 06:00:00,74.519,74.891,74.519,74.845,0
2025-12-30 07:00:00,74.846,76.145,74.82,76.023,0
2025-12-30 08:00:00,76.021,76.533,75.323,76.313,0
2025-12-30 09:00:00,76.324,76.495,75.084,75.441,0
2025-12-30 10:00:00,75.448,76.454,75.143,76.04,0
2025-12-30 11:00:00,76.052,77.128,75.759,77.019,0
2025-12-30 12:00:00,77.009,77.779,76.969,77.54,0
2025-12-30 13:00:00,77.54,78.052,77.236,77.518,0
2025-12-30 14:00:00,77.462,77.752,75.904,76.214,0
2025-12-30 15:00:00,76.208,76.74,75.352,76.046,0
2025-12-30 16:00:00,76.041,76.649,75.975,76.184,0
2025-12-30 18:00:00,75.971,76.074,73.998,75.199,0
2025-12-30 19:00:00,75.2,75.378,74.172,74.701,0
2025-12-30 20:00:00,74.703,75.68,74.457,75.419,0
2025-12-30 21:00:00,75.418,75.793,72.764,73.116,0
2025-12-30 22:00:00,73.119,73.438,71.921,72.059,0
2025-12-30 23:00:00,72.063,72.768,71.485,71.676,0
2025-12-31 00:00:00,71.677,72.498,70.693,70.915,0
2025-12-31 01:00:00,70.914,71.858,70.43,71.765,0
2025-12-31 02:00:00,71.766,72.491,71.512,72.237,0
2025-12-31 03:00:00,72.248,72.387,70.991,70.994,0
2025-12-31 04:00:00,71.021,72.482,71.021,71.858,0
2025-12-31 05:00:00,71.859,72.248,71.559,71.892,0
2025-12-31 06:00:00,71.889,72.323,71.705,71.94,0
2025-12-31 07:00:00,71.937,72.044,71.305,71.885,0
2025-12-31 08:00:00,71.885,72.41,71.543,72.227,0
2025-12-31 09:00:00,72.217,73.759,71.686,73.374,0
2025-12-31 10:00:00,73.367,73.559,72.095,72.402,0
2025-12-31 11:00:00,72.397,72.524,71.433,71.724,0
2025-12-31 12:00:00,71.727,72.018,71.115,71.289,0
2025-12-31 13:00:00,71.288,71.889,71.079,71.621,0
2025-12-31 14:00:00,71.625,71.81,70.355,70.457,0
2025-12-31 15:00:00,70.457,71.416,70.049,71.032,0
2025-12-31 16:00:00,71.037,71.581,70.86,71.542,0
2026-01-01 18:00:00,71.663,73.01,70.909,72.651,0
2026-01-01 19:00:00,72.646,72.994,71.912,72.683,0
2026-01-01 20:00:00,72.679,72.977,72.24,72.791,0
2026-01-01 21:00:00,72.788,72.983,72.198,72.842,0
2026-01-01 22:00:00,72.831,73.543,72.733,73.335,0
2026-01-01 23:00:00,73.334,73.68,73.202,73.358,0
2026-01-02 00:00:00,73.359,73.992,73.132,73.956,0
2026-01-02 01:00:00,73.955,74.216,73.707,73.912,0
2026-01-02 02:00:00,73.923,74.064,73.675,74.032,0
2026-01-02 03:00:00,74.017,74.54,73.974,74.429,0
2026-01-02 04:00:00,74.425,74.542,74.292,74.411,0
2026-01-02 05:00:00,74.41,74.529,74.331,74.481,0
2026-01-02 06:00:00,74.487,74.555,74.091,74.204,0
2026-01-02 07:00:00,74.207,74.348,73.788,73.987,0
2026-01-02 08:00:00,73.985,74.158,73.507,73.859,0
2026-01-02 09:00:00,73.866,74.425,73.167,73.573,0
2026-01-02 10:00:00,73.556,73.86,72.559,72.62,0
2026-01-02 11:00:00,72.616,72.666,71.605,72.237,0
2026-01-02 12:00:00,72.239,72.748,71.861,71.924,0
2026-01-02 13:00:00,71.922,72.052,71.398,71.889,0
2026-01-02 14:00:00,71.89,72.654,71.869,72.005,0
2026-01-02 15:00:00,72.001,72.733,71.931,72.538,0
2026-01-02 16:00:00,72.539,72.828,72.401,72.819,0
2026-01-04 18:00:00,73.245,74.147,72.903,74.015,0
2026-01-04 19:00:00,74.009,75.547,73.924,75.466,0
2026-01-04 20:00:00,75.466,76.344,75.102,75.514,0
2026-01-04 21:00:00,75.515,75.86,74.939,75.542,0
2026-01-04 22:00:00,75.538,75.919,75.136,75.175,0
2026-01-04 23:00:00,75.191,75.536,75.174,75.469,0
2026-01-05 00:00:00,75.468,75.515,74.952,75.378,0
2026-01-05 01:00:00,75.372,75.554,75.294,75.458,0
2026-01-05 02:00:00,75.459,75.533,75.348,75.491,0
2026-01-05 03:00:00,75.491,75.925,75.455,75.785,0
2026-01-05 04:00:00,75.78,76.345,75.732,76.276,0
2026-01-05 05:00:00,76.281,76.317,75.76,75.783,0
2026-01-05 06:00:00,75.784,75.897,74.686,74.76,0
2026-01-05 07:00:00,74.743,75.203,74.575,74.969,0
2026-01-05 08:00:00,74.975,75.613,74.861,75.591,0
2026-01-05 09:00:00,75.594,76.997,75.594,76.705,0
2026-01-05 10:00:00,76.705,77.175,76.297,77.133,0
2026-01-05 11:00:00,77.132,77.872,76.577,77.042,0
2026-01-05 12:00:00,77.052,77.063,76.142,76.415,0
2026-01-05 13:00:00,76.416,76.834,76.242,76.512,0
2026-01-05 14:00:00,76.522,76.546,75.609,76.103,0
2026-01-05 15:00:00,76.093,76.411,75.656,76.187,0
2026-01-05 16:00:00,76.183,76.601,76.141,76.571,0
2026-01-05 18:00:00,76.474,76.719,75.877,76.174,0
2026-01-05 19:00:00,76.171,76.494,76.082,76.312,0
2026-01-05 20:00:00,76.313,76.799,75.893,76.642,0
2026-01-05 21:00:00,76.657,77.929,76.515,77.72,0
2026-01-05 22:00:00,77.732,78.949,77.731,78.804,0
2026-01-05 23:00:00,78.8,79.075,78.448,78.669,0
2026-01-06 00:00:00,78.667,79.352,78.206,78.476,0
2026-01-06 01:00:00,78.477,79.147,78.416,78.913,0
2026-01-06 02:00:00,78.914,79.006,78.011,78.088,0
2026-01-06 03:00:00,78.083,78.572,78.0,78.551,0
2026-01-06 04:00:00,78.552,78.566,77.572,77.616,0
2026-01-06 05:00:00,77.627,78.031,77.424,77.814,0
2026-01-06 06:00:00,77.815,78.373,77.795,78.331,0
2026-01-06 07:00:00,78.332,78.486,78.126,78.393,0
2026-01-06 08:00:00,78.39,79.054,78.122,78.978,0
2026-01-06 09:00:00,78.98,80.436,78.698,80.362,0
2026-01-06 10:00:00,80.363,80.72,79.617,80.274,0
2026-01-06 11:00:00,80.264,80.847,79.835,80.64,0
2026-01-06 12:00:00,80.62,81.316,80.432,81.212,0
2026-01-06 13:00:00,81.193,81.433,80.315,80.982,0
2026-01-06 14:00:00,80.981,80.999,79.826,80.086,0
2026-01-06 15:00:00,80.084,81.405,79.921,81.255,0
2026-01-06 16:00:00,81.253,81.349,80.987,81.208,0
2026-01-06 18:00:00,81.291,82.751,81.091,82.501,0
2026-01-06 19:00:00,82.497,82.671,82.381,82.509,0
2026-01-06 20:00:00,82.512,82.678,79.49,80.383,0
2026-01-06 21:00:00,80.382,81.517,79.62,80.972,0
2026-01-06 22:00:00,80.974,81.199,80.143,80.2,0
2026-01-06 23:00:00,80.209,80.304,79.395,79.644,0
2026-01-07 00:00:00,79.644,80.034,78.276,79.107,0
2026-01-07 01:00:00,79.106,79.387,78.164,78.944,0
2026-01-07 02:00:00,78.945,80.19,78.801,79.898,0
2026-01-07 03:00:00,79.89,80.093,79.523,79.56,0
2026-01-07 04:00:00,79.557,79.616,78.994,79.467,0
2026-01-07 05:00:00,79.466,79.64,79.089,79.471,0
2026-01-07 06:00:00,79.471,79.564,78.839,78.862,0
2026-01-07 07:00:00,78.862,79.12,78.249,78.582,0
2026-01-07 08:00:00,78.572,78.819,77.107,77.541,0
2026-01-07 09:00:00,77.524,77.859,76.616,77.515,0
2026-01-07 10:00:00,77.377,77.681,76.343,77.168,0
2026-01-07 11:00:00,77.17,78.904,77.151,78.809,0
2026-01-07 12:00:00,78.811,78.879,77.79,78.048,0
2026-01-07 13:00:00,78.072,78.234,77.326,78.126,0
2026-01-07 14:00:00,78.125,78.458,77.77,78.429,0
2026-01-07 15:00:00,78.428,78.57,78.134,78.275,0
2026-01-07 16:00:00,78.288,78.3,78.033,78.186,0
2026-01-07 18:00:00,78.34,78.798,78.141,78.742,0
2026-01-07 19:00:00,78.747,78.937,77.521,77.87,0
2026-01-07 20:00:00,77.855,79.001,77.461,78.591,0
2026-01-07 21:00:00,78.589,78.599,77.583,77.944,0
2026-01-07 22:00:00,77.944,78.32,77.563,77.991,0
2026-01-07 23:00:00,77.989,78.022,77.511,77.616,0
2026-01-08 00:00:00,77.615,77.631,75.489,76.099,0
2026-01-08 01:00:00,76.1,76.617,75.448,76.255,0
2026-01-08 02:00:00,76.259,76.596,75.583,75.942,0
2026-01-08 03:00:00,75.938,75.966,75.169,75.698,0
2026-01-08 04:00:00,75.688,76.266,75.642,76.143,0
2026-01-08 05:00:00,76.14,76.184,75.509,76.01,0
2026-01-08 06:00:00,75.997,76.002,75.343,75.348,0
2026-01-08 07:00:00,75.35,75.372,74.43,75.201,0
2026-01-08 08:00:00,75.201,75.371,74.036,74.122,0
2026-01-08 09:00:00,74.128,74.836,73.827,74.496,0
2026-01-08 10:00:00,74.474,75.963,74.215,75.768,0
2026-01-08 11:00:00,75.759,76.391,75.451,76.202,0
2026-01-08 12:00:00,76.199,76.397,75.769,76.143,0
2026-01-08 13:00:00,76.14,76.14,75.226,75.715,0
2026-01-08 14:00:00,75.718,75.963,75.548,75.85,0
2026-01-08 15:00:00,75.847,76.939,75.821,76.9,0
2026-01-08 16:00:00,76.902,77.049,76.717,76.971,0
2026-01-08 18:00:00,76.877,77.157,76.436,76.659,0
2026-01-08 19:00:00,76.67,76.72,75.862,76.082,0
2026-01-08 20:00:00,76.096,76.655,75.477,76.546,0
2026-01-08 21:00:00,76.546,77.504,76.54,76.944,0
2026-01-08 22:00:00,76.943,76.966,76.104,76.514,0
2026-01-08 23:00:00,76.521,76.764,76.37,76.595,0
2026-01-09 00:00:00,76.594,77.127,76.279,77.054,0
2026-01-09 01:00:00,77.054,77.454,76.61,77.165,0
2026-01-09 02:00:00,77.165,77.41,77.059,77.165,0
2026-01-09 03:00:00,77.164,77.782,77.081,77.482,0
2026-01-09 04:00:00,77.478,78.257,77.461,77.959,0
2026-01-09 05:00:00,77.968,78.157,77.818,78.091,0
2026-01-09 06:00:00,78.087,78.217,77.592,77.964,0
2026-01-09 07:00:00,77.963,78.391,77.232,77.413,0
2026-01-09 08:00:00,77.42,78.683,77.291,78.307,0
2026-01-09 09:00:00,78.321,79.454,78.183,79.306,0
2026-01-09 10:00:00,79.306,80.199,78.887,80.136,0
2026-01-09 11:00:00,80.136,80.499,79.576,80.386,0
2026-01-09 12:00:00,80.383,80.445,79.262,79.51,0
2026-01-09 13:00:00,79.461,80.014,79.348,79.922,0
2026-01-09 14:00:00,79.922,80.075,79.619,79.863,0
2026-01-09 15:00:00,79.85,80.157,79.536,79.814,0
2026-01-09 16:00:00,79.804,79.969,79.672,79.851,0
2026-01-11 18:00:00,80.436,81.764,80.206,81.595,0
2026-01-11 19:00:00,81.593,83.62,81.494,83.214,0
2026-01-11 20:00:00,83.213,83.989,82.827,82.866,0
2026-01-11 21:00:00,82.871,83.421,82.336,83.27,0
2026-01-11 22:00:00,83.271,83.815,83.052,83.296,0
2026-01-11 23:00:00,83.296,83.594,83.091,83.422,0
2026-01-12 00:00:00,83.422,84.557,83.274,84.546,0
2026-01-12 01:00:00,84.51,84.588,84.051,84.488,0
2026-01-12 02:00:00,84.489,84.511,83.55,84.133,0
2026-01-12 03:00:00,84.125,84.442,84.036,84.145,0
2026-01-12 04:00:00,84.152,84.522,83.962,84.226,0
2026-01-12 05:00:00,84.219,84.348,84.009,84.171,0
2026-01-12 06:00:00,84.177,84.183,83.534,83.791,0
2026-01-12 07:00:00,83.787,84.226,83.712,84.167,0
2026-01-12 08:00:00,84.168,85.675,84.097,85.591,0
2026-01-12 09:00:00,85.593,85.71,83.806,84.943,0
2026-01-12 10:00:00,84.941,85.764,84.892,85.28,0
2026-01-12 11:00:00,85.282,86.202,85.264,85.988,0
2026-01-12 12:00:00,85.985,86.234,85.42,85.904,0
2026-01-12 13:00:00,85.911,86.002,84.884,85.444,0
2026-01-12 14:00:00,85.442,85.896,85.346,85.631,0
2026-01-12 15:00:00,85.63,85.679,84.756,85.121,0
2026-01-12 16:00:00,85.123,85.205,84.638,85.135,0
2026-01-12 18:00:00,84.909,84.909,83.355,84.371,0
2026-01-12 19:00:00,84.371,84.405,83.803,84.102,0
2026-01-12 20:00:00,84.117,84.326,83.597,83.717,0
2026-01-12 21:00:00,83.716,85.614,83.715,85.482,0
2026-01-12 22:00:00,85.481,86.003,85.203,85.46,0
2026-01-12 23:00:00,85.455,85.855,85.422,85.688,0
2026-01-13 00:00:00,85.689,85.924,84.557,85.337,0
2026-01-13 01:00:00,85.342,85.365,84.585,84.921,0
2026-01-13 02:00:00,84.938,85.298,84.634,85.197,0
2026-01-13 03:00:00,85.2,86.03,85.147,85.695,0
2026-01-13 04:00:00,85.699,85.811,85.393,85.494,0
2026-01-13 05:00:00,85.486,85.747,85.297,85.627,0
2026-01-13 06:00:00,85.628,85.827,85.543,85.772,0
2026-01-13 07:00:00,85.774,86.016,85.427,85.912,0
2026-01-13 08:00:00,85.911,87.8,85.763,87.697,0
2026-01-13 09:00:00,87.697,89.109,87.509,88.804,0
2026-01-13 10:00:00,88.811,88.811,87.48,88.677,0
2026-01-13 11:00:00,88.679,89.035,88.003,88.889,0
2026-01-13 12:00:00,88.893,89.045,86.843,87.031,0
2026-01-13 13:00:00,87.036,87.81,86.172,87.527,0
2026-01-13 14:00:00,87.528,87.947,86.904,87.472,0
2026-01-13 15:00:00,87.474,87.5,85.901,86.672,0
2026-01-13 16:00:00,86.675,87.044,86.591,86.884,0
2026-01-13 18:00:00,86.922,87.863,86.922,87.832,0
2026-01-13 19:00:00,87.831,88.539,87.702,88.472,0
2026-01-13 20:00:00,88.478,89.935,88.22,89.896,0
2026-01-13 21:00:00,89.894,89.981,89.342,89.672,0
2026-01-13 22:00:00,89.672,90.768,89.179,90.731,0
2026-01-13 23:00:00,90.732,91.545,90.599,90.685,0
2026-01-14 00:00:00,90.692,91.169,89.15,89.384,0
2026-01-14 01:00:00,89.384,90.614,89.255,90.116,0
2026-01-14 02:00:00,90.115,90.532,89.818,90.116,0
2026-01-14 03:00:00,90.114,90.353,89.199,90.067,0
2026-01-14 04:00:00,90.059,90.606,89.974,90.51,0
2026-01-14 05:00:00,90.513,90.655,90.08,90.136,0
2026-01-14 06:00:00,90.136,90.768,89.908,90.545,0
2026-01-14 07:00:00,90.557,92.118,90.501,91.963,0
2026-01-14 08:00:00,91.963,92.232,91.045,91.767,0
2026-01-14 09:00:00,91.775,92.204,90.471,91.185,0
2026-01-14 10:00:00,91.179,91.884,90.162,91.8,0
2026-01-14 11:00:00,91.799,92.061,90.59,91.161,0
2026-01-14 12:00:00,91.158,91.375,89.681,90.526,0
2026-01-14 13:00:00,90.481,92.368,90.338,92.313,0
2026-01-14 14:00:00,92.314,92.969,92.185,92.729,0
2026-01-14 15:00:00,92.727,93.49,92.263,93.276,0
2026-01-14 16:00:00,93.273,93.278,92.292,93.185,0
2026-01-14 18:00:00,92.967,92.97,91.043,92.2,0
2026-01-14 19:00:00,92.198,93.025,91.77,92.344,0
2026-01-14 20:00:00,92.343,92.473,85.632,87.982,0
2026-01-14 21:00:00,87.983,90.151,87.64,88.638,0
2026-01-14 22:00:00,88.641,88.786,86.395,87.748,0
2026-01-14 23:00:00,87.661,88.595,87.452,87.746,0
2026-01-15 00:00:00,87.745,88.314,86.855,88.007,0
2026-01-15 01:00:00,88.007,89.84,87.958,89.818,0
2026-01-15 02:00:00,89.84,90.041,89.149,89.33,0
2026-01-15 03:00:00,89.329,89.894,88.972,89.831,0
2026-01-15 04:00:00,89.833,90.625,89.406,90.489,0
2026-01-15 05:00:00,90.477,91.453,90.443,91.089,0
2026-01-15 06:00:00,91.093,91.471,90.842,91.238,0
2026-01-15 07:00:00,91.221,91.41,90.7,91.07,0
2026-01-15 08:00:00,91.068,91.097,87.843,88.511,0
2026-01-15 09:00:00,88.517,90.486,87.915,90.355,0
2026-01-15 10:00:00,90.356,90.902,89.636,90.608,0
2026-01-15 11:00:00,90.611,91.971,89.978,91.057,0
2026-01-15 12:00:00,91.062,91.908,91.057,91.835,0
2026-01-15 13:00:00,91.833,92.746,91.825,92.38,0
2026-01-15 14:00:00,92.382,93.022,92.073,92.51,0
2026-01-15 15:00:00,92.51,92.56,91.169,91.925,0
2026-01-15 16:00:00,91.924,92.564,91.855,92.391,0
2026-01-15 18:00:00,92.579,92.617,90.186,91.436,0
2026-01-15 19:00:00,91.426,91.439,90.511,90.52,0
2026-01-15 20:00:00,90.508,92.062,90.238,91.128,0
2026-01-15 21:00:00,91.12,91.352,89.447,90.014,0
2026-01-15 22:00:00,90.006,90.783,89.892,90.178,0
2026-01-15 23:00:00,90.177,90.934,90.157,90.852,0
2026-01-16 00:00:00,90.856,91.873,90.38,91.435,0
2026-01-16 01:00:00,91.434,91.483,89.865,90.431,0
2026-01-16 02:00:00,90.421,91.12,90.363,90.951,0
2026-01-16 03:00:00,90.95,91.408,90.73,91.172,0
2026-01-16 04:00:00,91.166,91.758,91.016,91.142,0
2026-01-16 05:00:00,91.137,91.53,90.332,90.522,0
2026-01-16 06:00:00,90.537,91.319,90.032,91.041,0
2026-01-16 07:00:00,91.043,91.045,89.957,90.06,0
2026-01-16 08:00:00,90.066,90.176,87.623,88.858,0
2026-01-16 09:00:00,88.843,89.819,88.358,89.119,0
2026-01-16 10:00:00,89.11,89.901,86.834,87.878,0
2026-01-16 11:00:00,87.877,89.269,87.747,88.816,0
2026-01-16 12:00:00,88.817,88.948,88.124,88.718,0
2026-01-16 13:00:00,88.717,89.717,88.359,88.99,0
2026-01-16 14:00:00,88.992,89.482,88.604,89.334,0
2026-01-16 15:00:00,89.355,89.531,88.738,89.316,0
2026-01-16 16:00:00,89.324,90.094,89.265,90.078,0
2026-01-18 18:00:00,91.626,94.077,91.451,93.361,0
2026-01-18 19:00:00,93.349,93.817,92.45,93.637,0
2026-01-18 20:00:00,93.633,94.076,92.637,93.16,0
2026-01-18 21:00:00,93.153,93.428,92.578,93.258,0
2026-01-18 22:00:00,93.259,93.439,92.822,93.017,0
2026-01-18 23:00:00,93.018,93.201,92.738,92.783,0
2026-01-19 00:00:00,92.779,93.546,92.742,93.22,0
2026-01-19 01:00:00,93.221,93.828,93.057,93.827,0
2026-01-19 02:00:00,93.827,93.839,93.036,93.115,0
2026-01-19 03:00:00,93.112,93.447,92.4,92.601,0
2026-01-19 04:00:00,92.572,93.208,92.526,93.167,0
2026-01-19 05:00:00,93.166,93.257,92.897,93.132,0
2026-01-19 06:00:00,93.12,93.631,92.56,92.928,0
2026-01-19 07:00:00,92.931,93.576,92.814,93.283,0
2026-01-19 08:00:00,93.286,93.552,93.145,93.271,0
2026-01-19 09:00:00,93.268,93.874,93.102,93.797,0
2026-01-19 10:00:00,93.811,94.123,93.58,93.837,0
2026-01-19 11:00:00,93.838,94.612,93.646,94.45,0
2026-01-19 12:00:00,94.451,94.664,94.306,94.62,0
2026-01-19 13:00:00,94.617,94.634,94.43,94.549,0
2026-01-19 14:00:00,94.545,94.555,94.294,94.326,0
2026-01-19 18:00:00,94.0,94.486,93.674,93.754,0
2026-01-19 19:00:00,93.75,93.879,93.034,93.18,0
2026-01-19 20:00:00,93.182,93.875,92.89,93.122,0
2026-01-19 21:00:00,93.119,93.439,92.715,92.993,0
2026-01-19 22:00:00,92.998,93.576,92.539,93.303,0
2026-01-19 23:00:00,93.301,94.325,93.3,94.225,0
2026-01-20 00:00:00,94.235,94.624,94.086,94.429,0
2026-01-20 01:00:00,94.428,94.499,93.324,93.865,0
2026-01-20 02:00:00,93.866,94.549,93.857,94.257,0
2026-01-20 03:00:00,94.256,95.401,94.182,95.355,0
2026-01-20 04:00:00,95.349,95.496,94.878,94.932,0
2026-01-20 05:00:00,94.931,95.419,94.889,95.156,0
2026-01-20 06:00:00,95.154,95.705,95.106,95.686,0
2026-01-20 07:00:00,95.67,95.86,95.109,95.693,0
2026-01-20 08:00:00,95.691,95.73,94.654,95.171,0
2026-01-20 09:00:00,95.175,95.835,94.172,94.901,0
2026-01-20 10:00:00,94.88,95.211,93.118,93.859,0
2026-01-20 11:00:00,93.86,94.356,93.557,94.124,0
2026-01-20 12:00:00,94.102,94.557,93.56,94.475,0
2026-01-20 13:00:00,94.473,95.017,94.135,94.62,0
2026-01-20 14:00:00,94.619,94.744,94.237,94.478,0
2026-01-20 15:00:00,94.475,94.488,93.737,94.218,0
2026-01-20 16:00:00,94.217,94.685,94.186,94.577,0
2026-01-20 18:00:00,94.314,94.902,93.926,94.865,0
2026-01-20 19:00:00,94.862,95.542,94.756,95.319,0
2026-01-20 20:00:00,95.315,95.419,93.98,94.412,0
2026-01-20 21:00:00,94.414,94.584,93.443,94.119,0
2026-01-20 22:00:00,94.119,94.388,93.328,93.902,0
2026-01-20 23:00:00,93.9,94.591,93.704,94.337,0
2026-01-21 00:00:00,94.333,94.942,93.938,94.547,0
2026-01-21 01:00:00,94.549,95.113,94.255,94.379,0
2026-01-21 02:00:00,94.377,94.775,94.127,94.721,0
2026-01-21 03:00:00,94.722,95.128,94.597,94.931,0
2026-01-21 04:00:00,94.945,95.319,94.905,95.178,0
2026-01-21 05:00:00,95.183,95.246,94.867,94.868,0
2026-01-21 06:00:00,94.869,95.095,94.435,94.738,0
2026-01-21 07:00:00,94.737,94.882,94.071,94.186,0
2026-01-21 08:00:00,94.187,95.068,93.688,94.967,0
2026-01-21 09:00:00,94.969,95.099,93.462,93.7,0
2026-01-21 10:00:00,93.7,94.25,92.281,93.624,0
2026-01-21 11:00:00,93.643,93.979,93.121,93.404,0
2026-01-21 12:00:00,93.404,93.429,92.343,93.303,0
2026-01-21 13:00:00,93.276,93.622,92.37,93.591,0
2026-01-21 14:00:00,93.586,93.637,90.297,91.344,0
2026-01-21 15:00:00,91.341,92.644,90.814,92.627,0
2026-01-21 16:00:00,92.6,93.369,92.414,93.057,0
2026-01-21 18:00:00,92.37,92.394,90.892,90.955,0
2026-01-21 19:00:00,90.956,91.955,90.781,91.893,0
2026-01-21 20:00:00,91.889,92.746,90.913,92.235,0
2026-01-21 21:00:00,92.234,92.967,91.707,92.76,0
2026-01-21 22:00:00,92.756,93.418,92.616,93.381,0
2026-01-21 23:00:00,93.383,93.422,93.077,93.334,0
2026-01-22 00:00:00,93.334,93.914,93.097,93.793,0
2026-01-22 01:00:00,93.79,94.114,93.633,94.091,0
2026-01-22 02:00:00,94.094,94.327,94.015,94.178,0
2026-01-22 03:00:00,94.179,94.384,93.794,94.084,0
2026-01-22 04:00:00,94.086,94.332,93.478,93.861,0
2026-01-22 05:00:00,93.863,93.863,93.393,93.751,0
2026-01-22 06:00:00,93.758,94.015,93.496,93.532,0
2026-01-22 07:00:00,93.529,93.758,92.869,93.024,0
2026-01-22 08:00:00,93.03,93.587,92.857,93.519,0
2026-01-22 09:00:00,93.511,94.368,93.302,93.825,0
2026-01-22 10:00:00,93.817,95.834,93.454,95.624,0
2026-01-22 11:00:00,95.63,95.93,95.118,95.806,0
2026-01-22 12:00:00,95.805,96.498,95.429,96.294,0
2026-01-22 13:00:00,96.276,96.582,95.921,96.201,0
2026-01-22 14:00:00,96.198,96.388,95.5,95.886,0
2026-01-22 15:00:00,95.887,96.41,95.863,96.105,0
2026-01-22 16:00:00,96.109,96.396,96.022,96.174,0
2026-01-22 18:00:00,96.512,96.966,96.309,96.94,0
2026-01-22 19:00:00,96.938,97.18,96.649,97.113,0
2026-01-22 20:00:00,97.112,99.008,96.85,98.586,0
2026-01-22 21:00:00,98.584,99.167,98.29,98.727,0
2026-01-22 22:00:00,98.725,99.005,98.4,98.713,0
2026-01-22 23:00:00,98.722,98.802,98.443,98.649,0
2026-01-23 00:00:00,98.648,99.374,98.552,99.051,0
2026-01-23 01:00:00,99.049,99.246,98.704,99.056,0
2026-01-23 02:00:00,99.059,99.079,98.617,98.715,0
2026-01-23 03:00:00,98.692,98.741,97.521,97.977,0
2026-01-23 04:00:00,97.98,98.36,97.731,98.174,0
2026-01-23 05:00:00,98.177,99.027,97.99,98.95,0
2026-01-23 06:00:00,98.941,99.008,98.448,98.985,0
2026-01-23 07:00:00,98.986,99.287,98.609,99.192,0
2026-01-23 08:00:00,99.19,99.666,98.703,99.587,0
2026-01-23 09:00:00,99.587,99.796,98.976,99.283,0
2026-01-23 10:00:00,99.296,100.272,99.09,99.817,0
2026-01-23 11:00:00,99.822,100.896,99.822,100.609,0
2026-01-23 12:00:00,100.616,101.283,100.438,100.73,0
2026-01-23 13:00:00,100.741,101.369,100.652,100.839,0
2026-01-23 14:00:00,100.84,102.022,100.807,101.913,0
2026-01-23 15:00:00,101.889,102.556,101.628,102.456,0
2026-01-23 16:00:00,102.453,103.333,102.376,103.155,0
2026-01-25 18:00:00,104.475,105.146,103.567,105.002,0
2026-01-25 19:00:00,105.001,107.358,104.602,106.456,0
2026-01-25 20:00:00,106.46,108.583,105.623,107.586,0
2026-01-25 21:00:00,107.584,109.448,106.882,108.922,0
2026-01-25 22:00:00,108.924,109.31,107.607,108.24,0
2026-01-25 23:00:00,108.24,108.4,107.483,108.062,0
2026-01-26 00:00:00,108.06,108.132,106.254,107.784,0
2026-01-26 01:00:00,107.784,108.665,107.279,107.559,0
2026-01-26 02:00:00,107.56,108.387,107.084,108.34,0
2026-01-26 03:00:00,108.338,110.066,108.173,109.266,0
2026-01-26 04:00:00,109.239,110.12,108.561,109.024,0
2026-01-26 05:00:00,109.051,109.546,109.051,109.376,0
2026-01-26 06:00:00,109.357,109.391,108.236,109.366,0
2026-01-26 07:00:00,109.364,110.869,109.023,109.284,0
2026-01-26 08:00:00,109.293,110.361,108.706,109.06,0
2026-01-26 09:00:00,109.062,111.355,108.503,111.219,0
2026-01-26 10:00:00,111.218,112.387,110.594,112.119,0
2026-01-26 11:00:00,112.118,114.528,111.844,114.267,0
2026-01-26 12:00:00,114.267,117.269,114.11,117.143,0
2026-01-26 13:00:00,117.141,117.725,110.594,111.149,0
2026-01-26 14:00:00,111.146,111.227,106.456,107.421,0
2026-01-26 15:00:00,107.439,109.733,107.259,108.455,0
2026-01-26 16:00:00,108.454,108.695,100.962,103.884,0
2026-01-26 18:00:00,104.708,107.897,104.209,106.694,0
2026-01-26 19:00:00,106.704,107.7,104.321,106.186,0
2026-01-26 20:00:00,106.186,110.808,105.669,110.191,0
2026-01-26 21:00:00,110.149,111.157,109.447,110.403,0
2026-01-26 22:00:00,110.4,110.66,108.827,109.742,0
2026-01-26 23:00:00,109.732,109.903,107.598,108.17,0
2026-01-27 00:00:00,108.196,109.991,107.182,109.947,0
2026-01-27 01:00:00,109.946,110.491,109.204,109.812,0
2026-01-27 02:00:00,109.806,113.463,109.457,112.556,0
2026-01-27 03:00:00,112.553,112.807,110.138,111.298,0
2026-01-27 04:00:00,111.283,113.078,111.084,112.46,0
2026-01-27 05:00:00,112.453,113.018,111.816,112.376,0
2026-01-27 06:00:00,112.377,112.794,110.842,111.609,0
2026-01-27 07:00:00,111.612,112.064,110.605,111.114,0
2026-01-27 08:00:00,111.107,113.055,110.96,111.969,0
2026-01-27 09:00:00,111.953,111.963,106.121,106.413,0
2026-01-27 10:00:00,106.428,108.629,104.949,108.268,0
2026-01-27 11:00:00,108.258,109.54,107.523,107.868,0
2026-01-27 12:00:00,107.866,108.169,106.051,106.514,0
2026-01-27 13:00:00,106.528,108.149,105.693,107.847,0
2026-01-27 14:00:00,107.849,109.334,107.497,109.286,0
2026-01-27 15:00:00,109.286,112.27,109.22,112.065,0
2026-01-27 16:00:00,112.079,113.016,111.556,112.103,0
2026-01-27 18:00:00,110.275,113.2,110.275,112.733,0
2026-01-27 19:00:00,112.73,113.942,111.688,113.368,0
2026-01-27 20:00:00,113.336,114.358,112.775,113.131,0
2026-01-27 21:00:00,113.134,114.479,112.953,114.402,0
2026-01-27 22:00:00,114.399,115.411,114.19,114.721,0
2026-01-27 23:00:00,114.702,115.657,114.689,115.632,0
2026-01-28 00:00:00,115.629,116.091,115.013,115.308,0
2026-01-28 01:00:00,115.312,115.581,113.805,115.142,0
2026-01-28 02:00:00,115.235,115.251,113.612,114.745,0
2026-01-28 03:00:00,114.739,115.071,113.434,113.9,0
2026-01-28 04:00:00,113.903,114.191,112.158,112.995,0
2026-01-28 05:00:00,113.004,113.508,112.469,112.907,0
2026-01-28 06:00:00,112.906,112.92,111.198,112.486,0
2026-01-28 07:00:00,112.488,113.521,111.942,113.455,0
2026-01-28 08:00:00,113.453,114.617,113.201,114.117,0
2026-01-28 09:00:00,114.14,115.342,113.262,114.932,0
2026-01-28 10:00:00,114.929,115.67,111.866,113.089,0
2026-01-28 11:00:00,113.094,114.824,112.655,114.62,0
2026-01-28 12:00:00,114.622,114.976,113.59,114.149,0
2026-01-28 13:00:00,114.163,114.235,110.48,111.433,0
2026-01-28 14:00:00,111.45,114.75,111.076,114.419,0
2026-01-28 15:00:00,114.417,117.421,114.129,116.414,0
2026-01-28 16:00:00,116.404,116.99,115.158,116.605,0
2026-01-28 18:00:00,115.815,119.402,115.327,117.755,0
2026-01-28 19:00:00,117.754,118.417,116.122,117.944,0
2026-01-28 20:00:00,117.939,118.56,116.883,117.858,0
2026-01-28 21:00:00,117.858,117.975,116.791,117.679,0
2026-01-28 22:00:00,117.681,118.1,116.974,117.392,0
2026-01-28 23:00:00,117.392,118.532,117.055,118.402,0
2026-01-29 00:00:00,118.395,118.546,117.595,118.258,0
2026-01-29 01:00:00,118.263,120.437,118.234,118.979,0
2026-01-29 02:00:00,118.981,119.238,117.709,118.1,0
2026-01-29 03:00:00,118.08,118.299,115.311,116.501,0
2026-01-29 04:00:00,116.537,117.772,116.372,117.636,0
2026-01-29 05:00:00,117.636,117.79,116.642,116.697,0
2026-01-29 06:00:00,116.702,118.492,116.226,118.432,0
2026-01-29 07:00:00,118.439,119.882,118.172,118.882,0
2026-01-29 08:00:00,118.888,119.593,118.387,119.229,0
2026-01-29 09:00:00,119.238,121.647,118.721,119.283,0
2026-01-29 10:00:00,119.281,119.281,106.212,109.766,0
2026-01-29 11:00:00,109.771,113.659,109.264,112.165,0
2026-01-29 12:00:00,112.179,115.971,112.139,114.631,0
2026-01-29 13:00:00,114.649,116.684,113.432,114.552,0
2026-01-29 14:00:00,114.557,114.667,111.623,113.473,0
2026-01-29 15:00:00,113.475,117.249,112.362,116.497,0
2026-01-29 16:00:00,116.506,117.318,115.273,115.77,0
2026-01-29 18:00:00,117.116,117.804,115.853,117.6,0
2026-01-29 19:00:00,117.599,118.463,116.552,116.736,0
2026-01-29 20:00:00,116.821,117.107,112.617,113.156,0
2026-01-29 21:00:00,113.205,114.197,107.838,110.998,0
2026-01-29 22:00:00,110.989,111.292,108.497,109.75,0
2026-01-29 23:00:00,109.731,111.415,109.628,111.069,0
2026-01-30 00:00:00,111.023,112.467,109.802,109.987,0
2026-01-30 01:00:00,109.975,110.925,107.25,107.904,0
2026-01-30 02:00:00,107.904,109.497,104.565,107.077,0
2026-01-30 03:00:00,107.069,107.069,103.186,103.897,0
2026-01-30 04:00:00,103.894,104.745,94.76,97.867,0
2026-01-30 05:00:00,97.87,100.932,97.168,100.861,0
2026-01-30 06:00:00,100.858,103.409,100.298,103.012,0
2026-01-30 07:00:00,102.978,104.049,98.555,99.359,0
2026-01-30 08:00:00,99.297,101.639,96.605,97.968,0
2026-01-30 09:00:00,97.975,101.565,97.432,99.382,0
2026-01-30 10:00:00,99.382,100.2,97.496,98.323,0
2026-01-30 11:00:00,98.312,98.451,90.676,94.0,0
2026-01-30 12:00:00,93.994,94.153,83.854,85.252,0
2026-01-30 13:00:00,85.066,86.976,73.406,83.392,0
2026-01-30 14:00:00,83.393,86.466,80.752,85.265,0
2026-01-30 15:00:00,85.276,85.721,81.328,83.146,0
2026-01-30 16:00:00,83.15,85.531,82.765,85.069,0
2026-02-01 18:00:00,81.97,82.486,76.119,81.559,0
2026-02-01 19:00:00,81.603,87.91,81.403,85.685,0
2026-02-01 20:00:00,85.668,85.668,78.848,84.755,0
2026-02-01 21:00:00,84.697,84.911,79.907,80.578,0
2026-02-01 22:00:00,80.554,81.814,76.243,76.716,0
2026-02-01 23:00:00,76.715,80.286,74.974,79.005,0
2026-02-02 00:00:00,79.006,79.515,72.468,76.337,0
2026-02-02 01:00:00,76.233,77.313,71.192,74.057,0
2026-02-02 02:00:00,74.08,77.827,72.249,76.257,0
2026-02-02 03:00:00,76.272,79.656,75.275,78.807,0
2026-02-02 04:00:00,78.8,82.574,76.955,81.911,0
2026-02-02 05:00:00,81.839,82.718,79.881,81.797,0
2026-02-02 06:00:00,81.813,84.052,81.73,82.787,0
2026-02-02 07:00:00,82.787,84.353,81.508,83.789,0
2026-02-02 08:00:00,83.79,83.86,79.62,81.599,0
2026-02-02 09:00:00,81.599,82.623,77.929,78.312,0
2026-02-02 10:00:00,78.238,79.926,75.664,75.811,0
2026-02-02 11:00:00,75.807,79.433,75.288,78.442,0
2026-02-02 12:00:00,78.437,79.969,77.803,79.247,0
2026-02-02 13:00:00,79.247,79.421,76.135,78.901,0
2026-02-02 14:00:00,78.884,81.57,78.363,81.126,0
2026-02-02 15:00:00,81.11,81.283,79.704,79.84,0
2026-02-02 16:00:00,79.851,80.75,78.863,79.052,0
2026-02-02 18:00:00,80.305,82.906,79.579,82.866,0
2026-02-02 19:00:00,82.873,84.06,81.666,81.717,0
2026-02-02 20:00:00,81.735,85.603,81.647,84.391,0
2026-02-02 21:00:00,84.38,84.435,80.929,81.631,0
2026-02-02 22:00:00,81.632,83.37,81.109,83.294,0
2026-02-02 23:00:00,83.294,83.869,82.448,83.359,0
2026-02-03 00:00:00,83.362,83.855,82.825,83.207,0
2026-02-03 01:00:00,83.207,85.431,83.005,84.862,0
2026-02-03 02:00:00,84.831,86.98,84.272,86.677,0
2026-02-03 03:00:00,86.671,87.94,86.18,87.3,0
2026-02-03 04:00:00,87.299,87.699,85.546,86.648,0
2026-02-03 05:00:00,86.65,87.37,86.18,86.334,0
2026-02-03 06:00:00,86.334,86.98,85.395,86.475,0
2026-02-03 07:00:00,86.475,87.54,86.056,87.083,0
2026-02-03 08:00:00,87.082,89.176,86.947,88.096,0
2026-02-03 09:00:00,88.111,88.926,86.401,88.054,0
2026-02-03 10:00:00,88.054,88.607,87.01,88.402,0
2026-02-03 11:00:00,88.404,89.077,86.672,86.841,0
2026-02-03 12:00:00,86.815,86.926,82.911,83.745,0
2026-02-03 13:00:00,83.745,85.264,82.782,84.021,0
2026-02-03 14:00:00,84.005,85.168,82.61,84.531,0
2026-02-03 15:00:00,84.524,85.503,83.457,84.956,0
2026-02-03 16:00:00,84.957,85.78,84.669,85.07,0
2026-02-03 18:00:00,85.101,85.182,82.633,84.508,0
2026-02-03 19:00:00,84.472,86.111,84.372,85.657,0
2026-02-03 20:00:00,85.664,87.492,85.466,87.387,0
2026-02-03 21:00:00,87.374,88.209,86.789,87.001,0
2026-02-03 22:00:00,87.006,87.911,86.368,87.731,0
2026-02-03 23:00:00,87.732,88.279,87.338,88.236,0
2026-02-04 00:00:00,88.236,88.266,87.486,87.858,0
2026-02-04 01:00:00,87.859,89.655,86.975,89.619,0
2026-02-04 02:00:00,89.625,90.728,88.896,90.335,0
2026-02-04 03:00:00,90.334,90.47,89.531,90.189,0
2026-02-04 04:00:00,90.181,90.264,88.177,89.257,0
2026-02-04 05:00:00,89.257,90.39,89.223,90.3,0
2026-02-04 06:00:00,90.305,90.595,88.946,90.581,0
2026-02-04 07:00:00,90.58,90.795,89.624,89.728,0
2026-02-04 08:00:00,89.731,91.892,89.315,91.593,0
2026-02-04 09:00:00,91.645,92.166,88.364,89.505,0
2026-02-04 10:00:00,89.409,90.451,86.176,86.849,0
2026-02-04 11:00:00,86.843,87.388,83.932,85.238,0
2026-02-04 12:00:00,85.257,86.566,84.509,84.833,0
2026-02-04 13:00:00,84.831,86.379,83.651,85.9,0
2026-02-04 14:00:00,85.897,87.305,85.645,87.062,0
2026-02-04 15:00:00,87.064,87.72,85.58,87.417,0
2026-02-04 16:00:00,87.407,88.269,87.144,88.182,0
2026-02-04 18:00:00,88.604,90.256,88.343,89.604,0
2026-02-04 19:00:00,89.603,90.39,88.811,89.605,0
2026-02-04 20:00:00,89.608,89.96,86.615,86.638,0
2026-02-04 21:00:00,86.638,86.763,73.686,74.24,0
2026-02-04 22:00:00,74.24,77.576,73.382,77.054,0
2026-02-04 23:00:00,77.047,77.906,75.641,76.145,0
2026-02-05 00:00:00,76.104,77.93,73.848,77.308,0
2026-02-05 01:00:00,77.311,79.567,76.383,78.395,0
2026-02-05 02:00:00,78.394,80.395,78.013,80.004,0
2026-02-05 03:00:00,79.985,81.054,78.976,79.71,0
2026-02-05 04:00:00,79.715,79.944,77.583,78.595,0
2026-02-05 05:00:00,78.59,79.064,77.766,78.546,0
2026-02-05 06:00:00,78.548,79.457,78.034,78.366,0
2026-02-05 07:00:00,78.368,78.833,75.474,75.993,0
2026-02-05 08:00:00,75.98,77.774,74.655,76.004,0
2026-02-05 09:00:00,76.005,77.526,73.438,76.337,0
2026-02-05 10:00:00,76.336,77.118,72.255,74.059,0
2026-02-05 11:00:00,74.059,77.537,73.897,77.037,0
2026-02-05 12:00:00,77.038,77.512,76.011,76.609,0
2026-02-05 13:00:00,76.609,77.837,75.157,76.052,0
2026-02-05 14:00:00,76.051,76.438,74.047,74.673,0
2026-02-05 15:00:00,74.677,75.359,72.674,73.587,0
2026-02-05 16:00:00,73.492,74.235,70.591,70.932,0
2026-02-05 18:00:00,70.815,71.016,66.68,67.113,0
2026-02-05 19:00:00,67.113,70.119,63.994,70.025,0
2026-02-05 20:00:00,70.084,71.377,68.324,70.799,0
2026-02-05 21:00:00,70.829,73.343,70.028,71.693,0
2026-02-05 22:00:00,71.69,73.024,70.247,72.879,0
2026-02-05 23:00:00,72.871,73.162,72.021,72.417,0
2026-02-06 00:00:00,72.36,75.038,72.124,74.947,0
2026-02-06 01:00:00,74.948,75.321,71.833,72.454,0
2026-02-06 02:00:00,72.446,73.147,71.753,72.183,0
2026-02-06 03:00:00,72.182,74.341,71.434,73.668,0
2026-02-06 04:00:00,73.669,74.447,73.116,74.034,0
2026-02-06 05:00:00,74.029,74.405,73.309,74.181,0
2026-02-06 06:00:00,74.18,75.012,73.588,74.611,0
2026-02-06 07:00:00,74.551,75.018,73.733,74.871,0
2026-02-06 08:00:00,74.872,76.261,74.738,75.496,0
2026-02-06 09:00:00,75.449,76.414,74.218,76.314,0
2026-02-06 10:00:00,76.311,77.007,75.354,75.707,0
2026-02-06 11:00:00,75.714,76.575,75.021,76.389,0
2026-02-06 12:00:00,76.399,77.554,76.222,77.416,0
2026-02-06 13:00:00,77.417,78.115,76.836,77.228,0
2026-02-06 14:00:00,77.23,77.608,76.986,77.377,0
2026-02-06 15:00:00,77.376,77.656,76.556,77.459,0
2026-02-06 16:00:00,77.461,78.041,76.954,77.816,0
2026-02-08 18:00:00,78.962,80.145,78.452,79.81,0
2026-02-08 19:00:00,79.818,80.015,78.961,79.501,0
2026-02-08 20:00:00,79.503,81.613,79.362,80.24,0
2026-02-08 21:00:00,80.24,81.277,79.624,80.92,0
2026-02-08 22:00:00,80.917,81.538,80.863,81.015,0
2026-02-08 23:00:00,81.014,82.103,80.878,81.71,0
2026-02-09 00:00:00,81.719,82.213,81.536,82.123,0
2026-02-09 01:00:00,82.121,82.45,81.079,82.05,0
2026-02-09 02:00:00,82.054,82.068,80.376,80.966,0
2026-02-09 03:00:00,81.009,82.165,80.902,81.884,0
2026-02-09 04:00:00,81.886,82.151,80.992,81.005,0
2026-02-09 05:00:00,81.006,81.286,78.68,79.158,0
2026-02-09 06:00:00,79.148,80.363,79.012,80.294,0
2026-02-09 07:00:00,80.295,80.744,79.893,80.307,0
2026-02-09 08:00:00,80.311,80.69,79.056,79.758,0
2026-02-09 09:00:00,79.757,81.854,79.367,81.578,0
2026-02-09 10:00:00,81.593,82.633,81.16,82.592,0
2026-02-09 11:00:00,82.595,83.54,82.436,83.463,0
2026-02-09 12:00:00,83.505,83.629,82.395,82.614,0
2026-02-09 13:00:00,82.617,83.155,82.001,83.125,0
2026-02-09 14:00:00,83.121,83.558,82.835,83.381,0
2026-02-09 15:00:00,83.379,84.013,83.333,83.855,0
2026-02-09 16:00:00,83.852,83.891,83.012,83.271,0
2026-02-09 18:00:00,83.197,83.475,80.834,81.784,0
2026-02-09 19:00:00,81.736,82.726,81.08,81.533,0
2026-02-09 20:00:00,81.531,82.151,80.771,82.133,0
2026-02-09 21:00:00,82.134,82.944,81.883,82.068,0
2026-02-09 22:00:00,82.052,82.124,80.899,81.432,0
2026-02-09 23:00:00,81.429,81.637,80.954,81.33,0
2026-02-10 00:00:00,81.326,81.731,80.581,81.561,0
2026-02-10 01:00:00,81.56,82.072,81.139,81.182,0
2026-02-10 02:00:00,81.186,81.837,80.986,81.778,0
2026-02-10 03:00:00,81.736,82.448,81.283,82.28,0
2026-02-10 04:00:00,82.284,82.807,81.924,82.048,0
2026-02-10 05:00:00,82.046,82.609,81.777,82.219,0
2026-02-10 06:00:00,82.22,82.353,81.614,82.25,0
2026-02-10 07:00:00,82.251,82.592,81.338,81.628,0
2026-02-10 08:00:00,81.629,82.2,81.246,81.962,0
2026-02-10 09:00:00,81.963,83.026,81.291,82.162,0
2026-02-10 10:00:00,82.106,82.232,80.425,80.987,0
2026-02-10 11:00:00,80.995,81.026,79.915,80.502,0
2026-02-10 12:00:00,80.505,81.571,80.463,81.01,0
2026-02-10 13:00:00,81.004,81.115,80.265,80.73,0
2026-02-10 14:00:00,80.726,81.301,80.503,81.111,0
2026-02-10 15:00:00,81.111,81.308,80.625,80.973,0
2026-02-10 16:00:00,80.96,81.068,80.58,80.76,0
2026-02-10 18:00:00,80.736,81.626,80.629,81.393,0
2026-02-10 19:00:00,81.394,81.835,81.029,81.412,0
2026-02-10 20:00:00,81.403,82.002,81.217,81.991,0
2026-02-10 21:00:00,81.993,82.54,81.584,82.347,0
2026-02-10 22:00:00,82.349,82.788,82.144,82.635,0
2026-02-10 23:00:00,82.634,82.715,82.401,82.428,0
2026-02-11 00:00:00,82.431,82.64,81.98,82.116,0
2026-02-11 01:00:00,82.114,83.514,81.991,83.401,0
2026-02-11 02:00:00,83.405,84.086,83.194,83.809,0
2026-02-11 03:00:00,83.808,84.014,83.331,83.763,0
2026-02-11 04:00:00,83.764,84.946,83.42,84.706,0
2026-02-11 05:00:00,84.71,85.687,84.566,85.552,0
2026-02-11 06:00:00,85.556,86.228,85.349,86.074,0
2026-02-11 07:00:00,86.075,86.291,84.951,85.731,0
2026-02-11 08:00:00,85.732,85.855,83.318,84.666,0
2026-02-11 09:00:00,84.681,85.472,83.211,83.718,0
2026-02-11 10:00:00,83.718,84.673,82.565,83.291,0
2026-02-11 11:00:00,83.289,84.008,82.641,83.657,0
2026-02-11 12:00:00,83.651,84.846,83.277,84.658,0
2026-02-11 13:00:00,84.662,84.731,83.853,84.053,0
2026-02-11 14:00:00,84.051,84.578,83.951,84.104,0
2026-02-11 15:00:00,84.105,84.614,83.894,84.473,0
2026-02-11 16:00:00,84.472,84.582,83.855,84.263,0
2026-02-11 18:00:00,84.012,84.012,82.738,82.742,0
2026-02-11 19:00:00,82.741,83.184,81.784,82.481,0
2026-02-11 20:00:00,82.476,83.419,81.469,83.385,0
2026-02-11 21:00:00,83.386,83.655,82.936,83.45,0
2026-02-11 22:00:00,83.441,84.126,83.242,83.528,0
2026-02-11 23:00:00,83.526,83.738,82.951,83.443,0
2026-02-12 00:00:00,83.446,84.206,83.335,84.029,0
2026-02-12 01:00:00,84.03,84.209,82.938,83.049,0
2026-02-12 02:00:00,83.056,83.477,82.692,83.355,0
2026-02-12 03:00:00,83.357,83.944,83.174,83.856,0
2026-02-12 04:00:00,83.876,84.011,83.655,83.75,0
2026-02-12 05:00:00,83.746,83.969,83.108,83.241,0
2026-02-12 06:00:00,83.239,83.603,83.115,83.482,0
2026-02-12 07:00:00,83.483,83.526,81.873,82.222,0
2026-02-12 08:00:00,82.224,83.145,82.022,83.017,0
2026-02-12 09:00:00,83.017,83.498,82.237,82.464,0
2026-02-12 10:00:00,82.461,83.187,82.334,82.393,0
2026-02-12 11:00:00,82.389,82.541,74.79,76.27,0
2026-02-12 12:00:00,76.263,77.768,75.513,75.52,0
2026-02-12 13:00:00,75.521,76.911,74.694,76.085,0
2026-02-12 14:00:00,76.092,76.812,75.725,76.241,0
2026-02-12 15:00:00,76.242,76.432,74.432,74.74,0
2026-02-12 16:00:00,74.745,75.438,74.632,75.189,0
2026-02-12 18:00:00,73.895,75.628,73.621,75.138,0
2026-02-12 19:00:00,75.093,76.343,74.55,75.047,0
2026-02-12 20:00:00,75.049,77.266,74.977,76.728,0
2026-02-12 21:00:00,76.739,77.148,76.277,77.129,0
2026-02-12 22:00:00,77.125,77.349,76.602,77.087,0
2026-02-12 23:00:00,77.083,77.677,76.956,77.028,0
2026-02-13 00:00:00,77.021,77.448,75.955,76.066,0
2026-02-13 01:00:00,76.075,77.406,76.057,77.315,0
2026-02-13 02:00:00,77.319,78.361,76.838,77.881,0
2026-02-13 03:00:00,77.883,79.331,77.802,78.866,0
2026-02-13 04:00:00,78.831,79.079,78.097,78.161,0
2026-02-13 05:00:00,78.161,78.721,77.545,77.607,0
2026-02-13 06:00:00,77.614,77.65,76.548,77.329,0
2026-02-13 07:00:00,77.322,78.055,76.952,77.78,0
2026-02-13 08:00:00,77.781,79.248,77.012,78.658,0
2026-02-13 09:00:00,78.657,79.103,75.908,77.321,0
2026-02-13 10:00:00,77.32,78.626,76.909,77.033,0
2026-02-13 11:00:00,77.038,78.431,76.997,77.583,0
2026-02-13 12:00:00,77.581,78.233,77.247,77.707,0
2026-02-13 13:00:00,77.71,78.252,77.535,77.665,0
2026-02-13 14:00:00,77.664,78.244,77.283,77.283,0
2026-02-13 15:00:00,77.283,77.487,76.498,76.987,0
2026-02-13 16:00:00,76.99,77.521,76.807,77.276,0
2026-02-15 18:00:00,75.062,77.021,74.126,76.318,0
2026-02-15 19:00:00,76.317,76.926,75.887,76.776,0
2026-02-15 20:00:00,76.735,77.463,76.406,77.259,0
2026-02-15 21:00:00,77.261,77.423,75.737,75.746,0
2026-02-15 22:00:00,75.748,75.833,74.733,75.269,0
2026-02-15 23:00:00,75.264,75.409,74.805,75.255,0
2026-02-16 00:00:00,75.251,75.94,74.957,75.905,0
2026-02-16 01:00:00,75.906,77.037,75.829,76.538,0
2026-02-16 02:00:00,76.542,77.045,76.402,76.943,0
2026-02-16 03:00:00,76.945,77.283,76.547,77.135,0
2026-02-16 04:00:00,77.13,77.348,76.955,76.995,0
2026-02-16 05:00:00,76.997,77.34,76.758,77.117,0
2026-02-16 06:00:00,77.119,77.17,76.824,77.142,0
2026-02-16 07:00:00,77.144,77.153,76.669,76.92,0
2026-02-16 08:00:00,76.921,77.142,76.764,76.945,0
2026-02-16 09:00:00,76.942,77.11,76.33,76.608,0
2026-02-16 10:00:00,76.607,76.718,75.938,76.106,0
2026-02-16 11:00:00,76.12,76.705,75.695,76.355,0
2026-02-16 12:00:00,76.358,76.732,76.358,76.588,0
2026-02-16 13:00:00,76.589,76.84,76.503,76.72,0
2026-02-16 14:00:00,76.718,76.77,76.467,76.596,0
2026-02-16 18:00:00,76.33,76.879,76.018,76.414,0
2026-02-16 19:00:00,76.415,76.463,74.311,74.687,0
2026-02-16 20:00:00,74.683,76.328,72.958,75.883,0
2026-02-16 21:00:00,75.846,76.455,75.552,76.337,0
2026-02-16 22:00:00,76.336,76.532,74.748,75.448,0
2026-02-16 23:00:00,75.447,75.656,74.965,75.177,0
2026-02-17 00:00:00,75.179,75.279,72.715,73.927,0
2026-02-17 01:00:00,73.932,74.872,73.927,74.73,0
2026-02-17 02:00:00,74.737,75.162,74.264,75.005,0
2026-02-17 03:00:00,74.994,75.472,74.846,74.983,0
2026-02-17 04:00:00,74.973,75.088,74.043,74.618,0
2026-02-17 05:00:00,74.623,74.983,73.677,73.978,0
2026-02-17 06:00:00,73.982,74.85,73.959,74.7,0
2026-02-17 07:00:00,74.677,75.271,74.496,74.601,0
2026-02-17 08:00:00,74.604,74.643,72.934,72.977,0
2026-02-17 09:00:00,72.976,74.729,72.111,72.264,0
2026-02-17 10:00:00,72.261,73.34,71.925,73.224,0
2026-02-17 11:00:00,73.231,73.906,73.122,73.13,0
2026-02-17 12:00:00,73.115,73.189,72.052,72.709,0
2026-02-17 13:00:00,72.709,74.08,72.615,73.757,0
2026-02-17 14:00:00,73.76,74.041,73.435,73.505,0
2026-02-17 15:00:00,73.504,73.584,73.051,73.229,0
2026-02-17 16:00:00,73.23,73.605,73.204,73.499,0
2026-02-17 18:00:00,73.124,73.753,72.278,72.396,0
2026-02-17 19:00:00,72.397,72.955,72.256,72.511,0
2026-02-17 20:00:00,72.512,73.487,72.505,73.431,0
2026-02-17 21:00:00,73.43,73.778,73.197,73.519,0
2026-02-17 22:00:00,73.545,74.735,73.462,74.673,0
2026-02-17 23:00:00,74.672,75.85,74.501,75.833,0
2026-02-18 00:00:00,75.834,76.108,75.405,75.592,0
2026-02-18 01:00:00,75.594,75.723,75.073,75.496,0
2026-02-18 02:00:00,75.495,76.063,75.447,75.698,0
2026-02-18 03:00:00,75.698,76.048,75.497,75.836,0
2026-02-18 04:00:00,75.849,76.1,75.657,75.694,0
2026-02-18 05:00:00,75.697,76.286,75.444,75.716,0
2026-02-18 06:00:00,75.72,75.878,75.292,75.439,0
2026-02-18 07:00:00,75.438,75.892,75.317,75.676,0
2026-02-18 08:00:00,75.674,76.916,75.597,76.622,0
2026-02-18 09:00:00,76.636,77.713,76.614,77.602,0
2026-02-18 10:00:00,77.602,78.274,77.529,77.664,0
2026-02-18 11:00:00,77.668,78.209,77.632,77.777,0
2026-02-18 12:00:00,77.777,78.313,77.651,78.159,0
2026-02-18 13:00:00,78.161,78.296,76.927,77.224,0
2026-02-18 14:00:00,77.197,77.429,76.238,76.649,0
2026-02-18 15:00:00,76.65,77.396,76.501,77.338,0
2026-02-18 16:00:00,77.337,77.365,77.065,77.176,0
2026-02-18 18:00:00,77.458,77.668,76.734,77.164,0
2026-02-18 19:00:00,77.165,77.185,76.378,76.486,0
2026-02-18 20:00:00,76.483,77.266,76.323,77.257,0
2026-02-18 21:00:00,77.259,77.43,76.986,77.17,0
2026-02-18 22:00:00,77.169,78.042,76.98,77.977,0
2026-02-18 23:00:00,77.977,78.224,77.657,77.883,0
2026-02-19 00:00:00,77.885,78.127,77.769,77.92,0
2026-02-19 01:00:00,77.921,78.921,77.886,78.838,0
2026-02-19 02:00:00,78.843,79.227,78.79,78.87,0
2026-02-19 03:00:00,78.869,79.473,78.631,79.206,0
2026-02-19 04:00:00,79.211,79.299,78.389,78.589,0
2026-02-19 05:00:00,78.593,78.614,78.14,78.482,0
2026-02-19 06:00:00,78.485,78.651,77.367,77.943,0
2026-02-19 07:00:00,77.947,78.266,77.393,78.091,0
2026-02-19 08:00:00,78.099,78.445,77.585,78.352,0
2026-02-19 09:00:00,78.346,78.354,77.17,77.973,0
2026-02-19 10:00:00,77.975,79.107,77.916,78.619,0
2026-02-19 11:00:00,78.638,78.641,77.349,77.558,0
2026-02-19 12:00:00,77.548,78.078,77.412,77.581,0
2026-02-19 13:00:00,77.582,77.957,77.484,77.825,0
2026-02-19 14:00:00,77.824,78.103,77.536,77.774,0
2026-02-19 15:00:00,77.775,78.508,77.765,78.389,0
2026-02-19 16:00:00,78.39,78.534,78.093,78.531,0
2026-02-19 18:00:00,78.477,78.542,77.892,77.944,0
2026-02-19 19:00:00,77.945,78.675,77.832,78.663,0
2026-02-19 20:00:00,78.664,78.745,78.102,78.278,0
2026-02-19 21:00:00,78.279,78.63,77.924,78.083,0
2026-02-19 22:00:00,78.081,78.595,77.405,77.643,0
2026-02-19 23:00:00,77.64,78.297,77.63,78.184,0
2026-02-20 00:00:00,78.185,78.647,78.185,78.636,0
2026-02-20 01:00:00,78.645,78.961,78.437,78.776,0
2026-02-20 02:00:00,78.781,79.061,78.656,78.733,0
2026-02-20 03:00:00,78.737,79.976,78.729,79.935,0
2026-02-20 04:00:00,79.934,81.191,79.871,80.337,0
2026-02-20 05:00:00,80.343,80.955,80.2,80.733,0
2026-02-20 06:00:00,80.736,80.975,80.072,80.439,0
2026-02-20 07:00:00,80.438,80.677,79.984,80.519,0
2026-02-20 08:00:00,80.53,80.891,80.117,80.772,0
2026-02-20 09:00:00,80.774,81.93,80.492,81.629,0
2026-02-20 10:00:00,81.634,82.486,79.707,81.727,0
2026-02-20 11:00:00,81.727,82.528,81.388,82.425,0
2026-02-20 12:00:00,82.424,82.871,81.837,82.693,0
2026-02-20 13:00:00,82.69,82.866,82.163,82.804,0
2026-02-20 14:00:00,82.804,83.336,82.649,83.256,0
2026-02-20 15:00:00,83.257,84.594,83.151,84.499,0
2026-02-20 16:00:00,84.5,84.637,83.84,84.507,0
2026-02-22 18:00:00,85.112,87.26,85.112,87.004,0
2026-02-22 19:00:00,87.002,87.115,85.906,86.293,0
2026-02-22 20:00:00,86.29,87.609,85.929,86.826,0
2026-02-22 21:00:00,86.823,87.8,86.686,87.56,0
2026-02-22 22:00:00,87.561,87.64,86.913,87.192,0
2026-02-22 23:00:00,87.191,87.584,86.983,87.153,0
2026-02-23 00:00:00,87.152,87.277,86.628,86.994,0
2026-02-23 01:00:00,86.995,87.087,86.285,86.373,0
2026-02-23 02:00:00,86.378,86.635,85.154,85.835,0
2026-02-23 03:00:00,85.834,86.423,85.671,86.354,0
2026-02-23 04:00:00,86.36,86.811,86.279,86.695,0
2026-02-23 05:00:00,86.7,87.073,86.637,86.969,0
2026-02-23 06:00:00,86.973,86.998,86.247,86.527,0
2026-02-23 07:00:00,86.53,87.134,86.362,87.072,0
2026-02-23 08:00:00,87.073,87.118,85.696,85.735,0
2026-02-23 09:00:00,85.737,88.019,85.678,87.253,0
2026-02-23 10:00:00,87.256,87.55,86.34,86.67,0
2026-02-23 11:00:00,86.665,87.441,85.966,86.701,0
2026-02-23 12:00:00,86.701,87.037,86.308,86.893,0
2026-02-23 13:00:00,86.903,87.685,86.694,87.612,0
2026-02-23 14:00:00,87.611,87.828,87.411,87.676,0
2026-02-23 15:00:00,87.669,89.03,87.636,88.88,0
2026-02-23 16:00:00,88.881,88.881,87.872,88.151,0
2026-02-23 18:00:00,88.324,88.849,87.972,88.125,0
2026-02-23 19:00:00,88.124,88.26,87.248,87.674,0
2026-02-23 20:00:00,87.654,87.659,84.805,86.479,0
2026-02-23 21:00:00,86.481,87.51,86.298,87.441,0
2026-02-23 22:00:00,87.444,87.59,86.723,86.94,0
2026-02-23 23:00:00,86.939,87.08,86.525,86.826,0
2026-02-24 00:00:00,86.808,88.232,86.724,88.127,0
2026-02-24 01:00:00,88.125,88.904,87.673,88.083,0
2026-02-24 02:00:00,88.088,88.354,87.642,87.879,0
2026-02-24 03:00:00,87.878,88.239,87.611,88.091,0
2026-02-24 04:00:00,88.09,88.323,87.818,88.037,0
2026-02-24 05:00:00,88.04,88.569,87.794,88.033,0
2026-02-24 06:00:00,88.034,88.318,87.793,88.068,0
2026-02-24 07:00:00,88.069,88.202,87.341,87.765,0
2026-02-24 08:00:00,87.762,88.261,86.024,86.171,0
2026-02-24 09:00:00,86.168,87.433,85.361,87.104,0
2026-02-24 10:00:00,87.1,88.026,86.857,87.797,0
2026-02-24 11:00:00,87.797,88.193,86.922,87.316,0
2026-02-24 12:00:00,87.326,87.997,87.306,87.966,0
2026-02-24 13:00:00,87.967,88.213,87.026,87.219,0
2026-02-24 14:00:00,87.219,87.31,86.547,86.946,0
2026-02-24 15:00:00,86.947,87.698,86.628,87.276,0
2026-02-24 16:00:00,87.275,87.385,86.945,87.088,0
2026-02-24 18:00:00,86.625,87.414,86.391,87.214,0
2026-02-24 19:00:00,87.216,87.465,86.765,87.381,0
2026-02-24 20:00:00,87.38,88.679,87.344,88.257,0
2026-02-24 21:00:00,88.256,89.706,88.251,89.393,0
2026-02-24 22:00:00,89.398,89.807,88.766,89.456,0
2026-02-24 23:00:00,89.456,89.513,89.008,89.355,0
2026-02-25 00:00:00,89.368,91.222,89.351,90.759,0
2026-02-25 01:00:00,90.758,90.824,89.906,90.569,0
2026-02-25 02:00:00,90.573,90.701,90.3,90.355,0
2026-02-25 03:00:00,90.355,91.083,90.327,90.911,0
2026-02-25 04:00:00,90.909,90.977,90.411,90.694,0
2026-02-25 05:00:00,90.693,90.899,90.304,90.483,0
2026-02-25 06:00:00,90.483,90.483,89.464,90.478,0
2026-02-25 07:00:00,90.474,90.717,90.107,90.582,0
2026-02-25 08:00:00,90.588,90.992,90.225,90.546,0
2026-02-25 09:00:00,90.546,90.854,89.381,90.594,0
2026-02-25 10:00:00,90.589,90.793,89.802,90.614,0
2026-02-25 11:00:00,90.609,90.92,90.273,90.777,0
2026-02-25 12:00:00,90.767,91.075,90.509,90.969,0
2026-02-25 13:00:00,90.968,91.17,90.482,90.587,0
2026-02-25 14:00:00,90.585,91.272,90.495,91.072,0
2026-02-25 15:00:00,91.069,91.163,88.152,88.323,0
2026-02-25 16:00:00,88.322,89.592,88.271,89.221,0
2026-02-25 18:00:00,88.998,89.498,87.213,87.539,0
2026-02-25 19:00:00,87.543,89.536,87.456,89.316,0
2026-02-25 20:00:00,89.317,90.313,89.123,89.56,0
2026-02-25 21:00:00,89.556,89.777,87.794,88.813,0
2026-02-25 22:00:00,88.813,89.283,88.633,89.252,0
2026-02-25 23:00:00,89.255,89.712,89.072,89.28,0
2026-02-26 00:00:00,89.281,89.963,89.133,89.415,0
2026-02-26 01:00:00,89.416,89.664,88.673,89.126,0
2026-02-26 02:00:00,89.132,89.278,88.051,88.434,0
2026-02-26 03:00:00,88.444,88.535,86.255,87.43,0
2026-02-26 04:00:00,87.401,87.804,87.153,87.528,0
2026-02-26 05:00:00,87.527,87.695,86.718,86.858,0
2026-02-26 06:00:00,86.857,87.664,86.851,87.118,0
2026-02-26 07:00:00,87.12,87.365,85.888,87.127,0
2026-02-26 08:00:00,87.129,87.488,86.433,87.13,0
2026-02-26 09:00:00,87.124,87.136,85.657,86.597,0
2026-02-26 10:00:00,86.597,87.606,85.184,87.449,0
2026-02-26 11:00:00,87.449,87.511,86.589,86.735,0
2026-02-26 12:00:00,86.736,87.315,86.334,86.675,0
2026-02-26 13:00:00,86.673,87.575,86.374,87.411,0
2026-02-26 14:00:00,87.416,88.362,87.351,88.239,0
2026-02-26 15:00:00,88.236,88.938,88.21,88.801,0
2026-02-26 16:00:00,88.801,88.912,88.146,88.241,0
2026-02-26 18:00:00,87.91,88.232,87.462,88.16,0
2026-02-26 19:00:00,88.161,88.919,87.902,88.443,0
2026-02-26 20:00:00,88.492,89.501,87.798,89.474,0
2026-02-26 21:00:00,89.481,90.065,89.119,89.796,0
2026-02-26 22:00:00,89.804,89.937,89.231,89.319,0
2026-02-26 23:00:00,89.316,89.799,89.13,89.489,0
2026-02-27 00:00:00,89.488,90.129,89.327,90.043,0
2026-02-27 01:00:00,90.036,90.57,89.88,90.141,0
2026-02-27 02:00:00,90.149,90.278,89.644,90.153,0
2026-02-27 03:00:00,90.148,90.34,89.512,89.551,0
2026-02-27 04:00:00,89.55,90.056,89.449,89.675,0
2026-02-27 05:00:00,89.679,89.769,89.059,89.701,0
2026-02-27 06:00:00,89.704,90.047,89.588,89.976,0
2026-02-27 07:00:00,89.978,90.094,89.434,89.762,0
2026-02-27 08:00:00,89.763,92.696,89.689,92.185,0
2026-02-27 09:00:00,92.183,92.357,90.923,91.631,0
2026-02-27 10:00:00,91.631,93.805,91.54,93.531,0
2026-02-27 11:00:00,93.535,94.127,93.057,93.188,0
2026-02-27 12:00:00,93.187,93.862,92.958,93.609,0
2026-02-27 13:00:00,93.611,93.808,92.302,93.162,0
2026-02-27 14:00:00,93.16,93.496,92.82,93.17,0
2026-02-27 15:00:00,93.167,93.868,93.041,93.784,0
2026-02-27 16:00:00,93.785,93.871,93.584,93.677,0
2026-03-01 18:00:00,94.75,96.386,94.593,95.727,0
2026-03-01 19:00:00,95.727,95.77,94.108,94.189,0
2026-03-01 20:00:00,94.187,94.69,91.994,92.222,0
2026-03-01 21:00:00,92.223,94.066,92.183,93.965,0
2026-03-01 22:00:00,93.971,94.58,93.752,94.334,0
2026-03-01 23:00:00,94.333,94.435,93.299,93.763,0
2026-03-02 00:00:00,93.755,94.4,93.316,94.109,0
2026-03-02 01:00:00,94.108,95.342,93.992,94.951,0
2026-03-02 02:00:00,94.955,96.101,94.862,96.094,0
2026-03-02 03:00:00,96.094,96.167,95.353,95.489,0
2026-03-02 04:00:00,95.485,95.785,95.017,95.324,0
2026-03-02 05:00:00,95.332,95.645,95.117,95.253,0
2026-03-02 06:00:00,95.269,95.439,94.32,94.615,0
2026-03-02 07:00:00,94.649,95.288,94.27,95.089,0
2026-03-02 08:00:00,95.088,95.119,93.013,93.873,0
2026-03-02 09:00:00,93.879,93.891,88.197,89.873,0
2026-03-02 10:00:00,89.876,90.892,88.343,88.666,0
2026-03-02 11:00:00,88.629,88.629,86.455,87.026,0
2026-03-02 12:00:00,87.03,88.205,86.83,87.905,0
2026-03-02 13:00:00,87.902,88.911,87.454,88.799,0
2026-03-02 14:00:00,88.796,89.742,88.751,89.303,0
2026-03-02 15:00:00,89.304,90.772,89.176,89.975,0
2026-03-02 16:00:00,89.985,90.115,89.242,89.286,0
2026-03-02 18:00:00,89.958,90.171,89.418,90.031,0
2026-03-02 19:00:00,90.043,91.319,89.738,90.555,0
2026-03-02 20:00:00,90.556,91.261,88.325,88.618,0
2026-03-02 21:00:00,88.62,90.224,88.153,90.081,0
2026-03-02 22:00:00,90.085,90.28,89.704,90.19,0
2026-03-02 23:00:00,90.192,90.265,89.509,89.671,0
2026-03-03 00:00:00,89.672,90.11,86.115,86.891,0
2026-03-03 01:00:00,86.883,87.391,82.767,85.173,0
2026-03-03 02:00:00,85.161,87.411,84.827,87.108,0
2026-03-03 03:00:00,87.142,87.691,84.877,85.0,0
2026-03-03 04:00:00,84.99,85.49,82.983,84.324,0
2026-03-03 05:00:00,84.326,84.714,81.621,81.988,0
2026-03-03 06:00:00,81.988,82.558,77.877,81.13,0
2026-03-03 07:00:00,81.133,83.454,80.805,83.238,0
2026-03-03 08:00:00,83.223,83.233,81.361,82.222,0
2026-03-03 09:00:00,82.195,82.897,79.13,79.491,0
2026-03-03 10:00:00,79.502,82.587,79.423,82.519,0
2026-03-03 11:00:00,82.522,83.705,82.082,82.506,0
2026-03-03 12:00:00,82.52,83.1,81.606,82.149,0
2026-03-03 13:00:00,82.149,84.035,82.117,83.498,0
2026-03-03 14:00:00,83.497,83.818,82.228,83.011,0
2026-03-03 15:00:00,83.034,83.492,81.991,82.448,0
2026-03-03 16:00:00,82.458,82.693,81.852,81.991,0
2026-03-03 18:00:00,82.13,83.124,81.654,82.968,0
2026-03-03 19:00:00,82.966,83.304,81.85,83.209,0
2026-03-03 20:00:00,83.21,84.397,82.241,84.339,0
2026-03-03 21:00:00,84.337,85.471,83.959,84.019,0
2026-03-03 22:00:00,84.02,84.996,83.304,84.903,0
2026-03-03 23:00:00,84.902,85.421,84.326,84.651,0
2026-03-04 00:00:00,84.648,85.028,84.146,84.537,0
2026-03-04 01:00:00,84.536,84.906,83.712,84.877,0
2026-03-04 02:00:00,84.876,85.225,84.73,84.815,0
2026-03-04 03:00:00,84.814,85.786,84.373,85.293,0
2026-03-04 04:00:00,85.274,86.257,85.058,86.182,0
2026-03-04 05:00:00,86.184,86.617,85.561,85.937,0
2026-03-04 06:00:00,85.927,86.458,85.842,86.17,0
2026-03-04 07:00:00,86.166,86.794,84.888,85.333,0
2026-03-04 08:00:00,85.333,86.169,84.528,84.679,0
2026-03-04 09:00:00,84.683,85.216,83.1,83.443,0
2026-03-04 10:00:00,83.334,84.604,83.091,84.158,0
2026-03-04 11:00:00,84.158,84.582,83.219,83.531,0
2026-03-04 12:00:00,83.542,83.938,82.978,83.5,0
2026-03-04 13:00:00,83.501,83.584,82.103,83.268,0
2026-03-04 14:00:00,83.274,83.669,82.992,83.505,0
2026-03-04 15:00:00,83.493,83.692,82.772,82.975,0
2026-03-04 16:00:00,83.294,83.524,83.035,83.341,0
2026-03-04 18:00:00,83.435,83.707,82.98,83.687,0
2026-03-04 19:00:00,83.706,84.154,83.581,83.974,0
2026-03-04 20:00:00,83.959,85.002,83.944,84.152,0
2026-03-04 21:00:00,84.14,84.971,84.128,84.959,0
2026-03-04 22:00:00,84.971,85.363,84.424,84.659,0
2026-03-04 23:00:00,84.674,84.89,84.041,84.464,0
2026-03-05 00:00:00,84.464,84.604,82.394,82.416,0
2026-03-05 01:00:00,82.402,83.451,80.307,83.257,0
2026-03-05 02:00:00,83.242,83.75,83.039,83.648,0
2026-03-05 03:00:00,83.628,83.886,82.797,83.816,0
2026-03-05 04:00:00,83.813,84.941,83.53,84.118,0
2026-03-05 05:00:00,84.117,84.484,83.645,84.211,0
2026-03-05 06:00:00,84.226,84.513,84.031,84.097,0
2026-03-05 07:00:00,84.097,84.637,83.869,83.924,0
2026-03-05 08:00:00,83.928,84.059,81.575,82.534,0
2026-03-05 09:00:00,82.541,83.265,81.839,82.623,0
2026-03-05 10:00:00,82.621,83.28,81.334,82.333,0
2026-03-05 11:00:00,82.338,82.362,81.109,81.732,0
2026-03-05 12:00:00,81.729,82.323,81.3,81.449,0
2026-03-05 13:00:00,81.442,82.378,81.24,81.554,0
2026-03-05 14:00:00,81.545,81.963,80.599,80.959,0
2026-03-05 15:00:00,80.948,82.276,80.688,82.058,0
2026-03-05 16:00:00,81.859,82.287,81.445,82.116,0
2026-03-05 18:00:00,82.226,83.095,81.982,82.56,0
2026-03-05 19:00:00,82.542,83.134,82.192,82.225,0
2026-03-05 20:00:00,82.219,84.234,81.693,83.919,0
2026-03-05 21:00:00,83.907,83.937,83.177,83.615,0
2026-03-05 22:00:00,83.601,84.432,83.601,84.184,0
2026-03-05 23:00:00,84.16,84.336,83.849,83.988,0
2026-03-06 00:00:00,83.988,84.163,83.178,83.51,0
2026-03-06 01:00:00,83.493,84.263,83.32,84.161,0
2026-03-06 02:00:00,84.161,84.597,83.722,84.581,0
2026-03-06 03:00:00,84.587,84.66,83.721,84.181,0
2026-03-06 04:00:00,84.2,84.224,82.381,82.758,0
2026-03-06 05:00:00,82.765,83.244,82.36,82.949,0
2026-03-06 06:00:00,82.949,83.444,81.863,82.263,0
2026-03-06 07:00:00,82.266,82.804,82.086,82.366,0
2026-03-06 08:00:00,82.357,84.096,81.644,82.531,0
2026-03-06 09:00:00,82.485,83.711,82.312,83.694,0
2026-03-06 10:00:00,83.706,84.884,83.66,84.111,0
2026-03-06 11:00:00,84.106,84.78,83.533,83.907,0
2026-03-06 12:00:00,83.912,84.248,83.489,84.001,0
2026-03-06 13:00:00,83.998,84.517,83.681,84.358,0
2026-03-06 14:00:00,84.358,84.68,84.167,84.315,0
2026-03-06 15:00:00,84.32,84.426,83.521,83.652,0
2026-03-06 16:00:00,84.124,84.685,83.574,84.086,0
2026-03-08 17:00:00,83.673,84.148,82.161,83.048,0
2026-03-08 18:00:00,82.824,82.828,80.767,81.772,0
2026-03-08 19:00:00,81.772,82.162,80.611,81.249,0
2026-03-08 20:00:00,81.228,81.247,79.448,80.868,0
2026-03-08 21:00:00,80.88,82.863,80.473,82.526,0
2026-03-08 22:00:00,82.526,83.252,82.229,82.931,0
2026-03-08 23:00:00,82.916,83.377,82.361,82.411,0
2026-03-09 00:00:00,82.411,84.532,82.236,84.024,0
2026-03-09 01:00:00,84.024,84.75,83.537,83.57,0
2026-03-09 02:00:00,83.583,83.61,82.941,83.558,0
2026-03-09 03:00:00,83.562,83.88,83.171,83.708,0
2026-03-09 04:00:00,83.708,84.459,83.48,83.975,0
2026-03-09 05:00:00,83.978,84.202,82.977,83.183,0
2026-03-09 06:00:00,83.199,83.536,82.79,83.183,0
2026-03-09 07:00:00,83.192,84.062,83.185,83.664,0
2026-03-09 08:00:00,83.665,85.065,83.317,83.415,0
2026-03-09 09:00:00,83.415,84.437,83.014,84.248,0
2026-03-09 10:00:00,84.252,84.514,83.965,84.32,0
2026-03-09 11:00:00,84.309,84.674,84.137,84.566,0
2026-03-09 12:00:00,84.556,84.69,83.776,84.26,0
2026-03-09 13:00:00,84.239,85.975,83.977,85.682,0
2026-03-09 14:00:00,85.705,86.616,85.6,86.258,0
2026-03-09 15:00:00,86.269,86.955,86.108,86.279,0
2026-03-09 17:00:00,86.51,87.369,86.51,87.344,0
2026-03-09 18:00:00,87.044,87.849,87.019,87.141,0
2026-03-09 19:00:00,87.127,87.482,86.681,86.78,0
2026-03-09 20:00:00,86.739,89.357,86.4,89.233,0
2026-03-09 21:00:00,89.216,89.826,88.532,88.63,0
2026-03-09 22:00:00,88.644,89.098,87.506,87.851,0
2026-03-09 23:00:00,87.867,88.273,87.692,88.177,0
2026-03-10 00:00:00,88.177,89.013,88.177,88.932,0
2026-03-10 01:00:00,88.967,89.016,88.416,88.747,0
2026-03-10 02:00:00,88.735,89.123,88.206,89.106,0
2026-03-10 03:00:00,89.11,89.352,88.786,88.983,0
2026-03-10 04:00:00,88.988,89.41,88.943,89.095,0
2026-03-10 05:00:00,89.095,89.095,87.777,88.355,0
2026-03-10 06:00:00,88.355,88.899,87.987,88.339,0
2026-03-10 07:00:00,88.344,88.758,87.905,88.581,0
2026-03-10 08:00:00,88.581,89.62,88.34,88.753,0
2026-03-10 09:00:00,88.756,89.259,88.297,89.126,0
2026-03-10 10:00:00,89.126,89.677,89.026,89.462,0
2026-03-10 11:00:00,89.477,89.666,89.014,89.405,0
2026-03-10 12:00:00,89.419,89.578,88.919,89.004,0
2026-03-10 13:00:00,89.007,89.109,86.852,87.827,0
2026-03-10 14:00:00,87.834,88.584,87.659,88.325,0
2026-03-10 15:00:00,88.325,88.517,87.604,88.166,0
2026-03-10 17:00:00,88.145,88.864,88.145,88.283,0
2026-03-10 18:00:00,88.252,88.469,88.01,88.36,0
2026-03-10 19:00:00,88.377,89.064,87.722,89.038,0
2026-03-10 20:00:00,89.025,89.25,88.231,88.339,0
2026-03-10 21:00:00,88.354,88.838,87.666,88.585,0
2026-03-10 22:00:00,88.598,88.69,87.86,88.019,0
2026-03-10 23:00:00,88.006,88.259,87.83,88.06,0
2026-03-11 00:00:00,88.046,88.165,86.829,87.483,0
2026-03-11 01:00:00,87.471,87.891,87.124,87.247,0
2026-03-11 02:00:00,87.224,87.455,86.211,86.92,0
2026-03-11 03:00:00,86.915,87.203,86.343,87.044,0
2026-03-11 04:00:00,87.035,87.3,86.356,86.563,0
2026-03-11 05:00:00,86.568,87.092,86.36,86.484,0
2026-03-11 06:00:00,86.502,86.933,85.948,86.225,0
2026-03-11 07:00:00,86.228,86.719,85.2,85.223,0
2026-03-11 08:00:00,85.228,86.185,84.402,85.171,0
2026-03-11 09:00:00,85.171,85.897,85.142,85.49,0
2026-03-11 10:00:00,85.493,85.706,84.689,84.817,0
2026-03-11 11:00:00,84.803,85.384,84.436,85.268,0
2026-03-11 12:00:00,85.269,85.545,84.72,85.254,0
2026-03-11 13:00:00,85.253,85.865,85.217,85.437,0
2026-03-11 14:00:00,85.437,85.99,85.365,85.958,0
2026-03-11 15:00:00,85.953,86.028,85.402,85.695,0
2026-03-11 17:00:00,85.598,85.598,84.446,84.761,0
2026-03-11 18:00:00,84.815,85.041,84.384,84.433,0
2026-03-11 19:00:00,84.419,85.51,83.776,85.454,0
2026-03-11 20:00:00,85.436,85.751,84.758,85.276,0
2026-03-11 21:00:00,85.287,85.533,84.171,84.378,0
2026-03-11 22:00:00,84.366,84.839,84.263,84.735,0
2026-03-11 23:00:00,84.723,84.78,84.22,84.249,0
2026-03-12 00:00:00,84.237,85.288,84.237,85.161,0
2026-03-12 01:00:00,85.15,86.35,84.951,85.981,0
2026-03-12 02:00:00,85.992,87.011,85.645,86.969,0
2026-03-12 03:00:00,86.974,87.129,86.479,86.729,0
2026-03-12 04:00:00,86.737,87.116,86.686,87.056,0
2026-03-12 05:00:00,87.035,87.21,86.765,87.195,0
2026-03-12 06:00:00,87.199,87.216,86.759,86.9,0
2026-03-12 07:00:00,86.926,87.371,86.556,87.275,0
2026-03-12 08:00:00,87.267,87.393,85.726,85.891,0
2026-03-12 09:00:00,85.882,86.427,85.147,85.526,0
2026-03-12 10:00:00,85.518,85.63,84.465,85.211,0
2026-03-12 11:00:00,85.202,85.566,84.833,85.063,0
2026-03-12 12:00:00,85.065,85.392,84.682,84.773,0
2026-03-12 13:00:00,84.773,85.152,84.653,84.768,0
2026-03-12 14:00:00,84.766,85.013,84.307,84.455,0
2026-03-12 15:00:00,84.463,84.569,82.928,83.79,0
2026-03-12 17:00:00,83.404,84.112,83.301,84.112,0
2026-03-12 18:00:00,84.115,84.223,83.824,83.851,0
2026-03-12 19:00:00,83.833,84.909,83.761,84.903,0
2026-03-12 20:00:00,84.948,85.269,83.782,84.634,0
2026-03-12 21:00:00,84.648,85.043,84.157,84.254,0
2026-03-12 22:00:00,84.265,84.597,83.949,84.564,0
2026-03-12 23:00:00,84.577,84.588,84.035,84.154,0
2026-03-13 00:00:00,84.168,84.344,83.018,83.517,0
2026-03-13 01:00:00,83.487,83.738,82.034,82.31,0
2026-03-13 02:00:00,82.325,82.705,81.483,82.345,0
2026-03-13 03:00:00,82.34,82.88,81.56,82.661,0
2026-03-13 04:00:00,82.664,83.092,82.31,82.979,0
2026-03-13 05:00:00,82.982,83.505,82.682,83.223,0
2026-03-13 06:00:00,83.221,83.776,82.911,83.683,0
2026-03-13 07:00:00,83.686,84.411,83.611,84.178,0
2026-03-13 08:00:00,84.173,84.41,83.292,83.556,0
2026-03-13 09:00:00,83.318,83.608,80.579,80.593,0
2026-03-13 10:00:00,80.589,81.525,80.141,80.23,0
2026-03-13 11:00:00,80.203,80.519,79.401,80.272,0
2026-03-13 12:00:00,80.275,81.319,80.264,80.922,0
2026-03-13 13:00:00,80.92,81.244,80.707,81.0,0
2026-03-13 14:00:00,80.998,81.104,79.787,80.163,0
2026-03-13 15:00:00,80.17,80.529,79.824,80.498,0
2026-03-15 17:00:00,79.832,80.432,79.235,80.383,0
2026-03-15 18:00:00,79.971,80.142,79.104,79.908,0
2026-03-15 19:00:00,79.92,81.379,79.918,81.289,0
2026-03-15 20:00:00,81.328,81.357,78.304,80.214,0
2026-03-15 21:00:00,80.203,80.296,78.959,79.138,0
2026-03-15 22:00:00,79.15,80.16,78.692,80.069,0
2026-03-15 23:00:00,80.069,80.49,79.906,79.924,0
2026-03-16 00:00:00,79.937,80.313,79.261,80.097,0
2026-03-16 01:00:00,80.11,80.592,79.433,79.941,0
2026-03-16 02:00:00,79.952,80.223,78.781,79.024,0
2026-03-16 03:00:00,79.013,79.512,78.625,79.136,0
2026-03-16 04:00:00,79.11,79.15,77.54,77.801,0
2026-03-16 05:00:00,77.786,78.994,77.032,78.892,0
2026-03-16 06:00:00,78.873,79.403,78.662,78.918,0
2026-03-16 07:00:00,78.916,80.215,78.81,80.202,0
2026-03-16 08:00:00,80.204,81.62,79.71,81.22,0
2026-03-16 09:00:00,81.22,81.505,79.994,80.641,0
2026-03-16 10:00:00,80.644,81.061,80.195,80.284,0
2026-03-16 11:00:00,80.284,80.709,79.433,80.124,0
2026-03-16 12:00:00,80.135,80.64,80.087,80.189,0
2026-03-16 13:00:00,80.195,81.367,80.067,81.005,0
2026-03-16 14:00:00,81.005,81.363,80.696,80.832,0
2026-03-16 15:00:00,80.828,81.013,80.351,80.682,0
2026-03-16 17:00:00,80.852,80.952,80.401,80.561,0
2026-03-16 18:00:00,80.682,80.979,80.668,80.956,0
2026-03-16 19:00:00,80.956,80.969,80.053,80.216,0
2026-03-16 20:00:00,80.205,81.307,79.684,81.256,0
2026-03-16 21:00:00,81.257,81.365,80.9,80.985,0
2026-03-16 22:00:00,80.973,81.392,80.721,81.191,0
2026-03-16 23:00:00,81.191,82.366,81.133,82.28,0
2026-03-17 00:00:00,82.293,82.305,80.867,80.939,0
2026-03-17 01:00:00,80.95,81.051,80.344,80.416,0
2026-03-17 02:00:00,80.419,81.182,80.419,80.973,0
2026-03-17 03:00:00,80.976,81.186,80.526,80.935,0
2026-03-17 04:00:00,80.901,81.006,80.501,80.833,0
2026-03-17 05:00:00,80.836,80.968,79.828,80.19,0
2026-03-17 06:00:00,80.186,80.71,80.058,80.268,0
2026-03-17 07:00:00,80.259,81.011,79.988,80.656,0
2026-03-17 08:00:00,80.656,81.351,80.543,81.222,0
2026-03-17 09:00:00,81.239,81.322,80.097,80.115,0
2026-03-17 10:00:00,80.098,80.441,78.223,79.172,0
2026-03-17 11:00:00,79.179,79.571,78.741,79.35,0
2026-03-17 12:00:00,79.353,79.906,79.323,79.528,0
2026-03-17 13:00:00,79.531,79.826,79.364,79.448,0
2026-03-17 14:00:00,79.451,79.451,78.957,79.112,0
2026-03-17 15:00:00,79.116,79.282,79.045,79.191,0
2026-03-17 17:00:00,78.889,79.15,78.558,78.845,0
2026-03-17 18:00:00,78.888,79.055,78.836,79.018,0
2026-03-17 19:00:00,79.031,79.647,78.986,79.255,0
2026-03-17 20:00:00,79.243,79.905,78.607,78.977,0
2026-03-17 21:00:00,79.002,79.213,77.978,78.186,0
2026-03-17 22:00:00,78.173,78.78,77.956,78.526,0
2026-03-17 23:00:00,78.538,78.629,78.098,78.391,0
2026-03-18 00:00:00,78.379,79.441,78.353,78.829,0
2026-03-18 01:00:00,78.829,79.95,78.829,79.673,0
2026-03-18 02:00:00,79.673,80.005,79.129,79.68,0
2026-03-18 03:00:00,79.675,79.75,78.962,79.379,0
2026-03-18 04:00:00,79.381,80.033,79.354,79.935,0
2026-03-18 05:00:00,79.932,80.036,78.908,79.061,0
2026-03-18 06:00:00,79.058,79.626,78.359,78.55,0
2026-03-18 07:00:00,78.552,78.971,77.413,77.528,0
2026-03-18 08:00:00,77.524,77.524,75.518,77.403,0
2026-03-18 09:00:00,77.41,77.856,76.151,76.735,0
2026-03-18 10:00:00,76.74,77.05,76.536,76.616,0
2026-03-18 11:00:00,76.608,77.369,76.521,77.079,0
2026-03-18 12:00:00,77.082,77.48,76.882,76.909,0
2026-03-18 13:00:00,76.956,77.408,75.935,75.955,0
2026-03-18 14:00:00,75.95,76.46,75.777,75.823,0
2026-03-18 15:00:00,75.812,75.927,74.909,75.27,0
2026-03-18 17:00:00,75.219,75.613,74.844,75.432,0
2026-03-18 18:00:00,75.691,76.09,75.441,75.705,0
2026-03-18 19:00:00,75.705,76.512,75.678,76.253,0
2026-03-18 20:00:00,76.279,76.527,75.289,75.971,0
2026-03-18 21:00:00,75.983,76.512,75.644,76.271,0
2026-03-18 22:00:00,76.261,76.397,75.655,75.655,0
2026-03-18 23:00:00,75.638,75.649,75.325,75.543,0
2026-03-19 00:00:00,75.565,75.855,74.15,74.162,0
2026-03-19 01:00:00,74.143,74.773,71.537,72.146,0
2026-03-19 02:00:00,72.157,72.641,71.033,71.088,0
2026-03-19 03:00:00,71.098,71.715,69.892,71.268,0
2026-03-19 04:00:00,71.274,71.871,71.068,71.557,0
2026-03-19 05:00:00,71.554,71.94,70.397,70.755,0
2026-03-19 06:00:00,70.757,71.294,70.246,70.246,0
2026-03-19 07:00:00,70.231,70.233,66.464,67.196,0
2026-03-19 08:00:00,67.164,69.65,65.979,69.552,0
2026-03-19 09:00:00,69.565,70.476,69.035,70.006,0
2026-03-19 10:00:00,70.001,70.997,69.02,70.085,0
2026-03-19 11:00:00,70.066,71.114,69.757,70.078,0
2026-03-19 12:00:00,70.077,71.878,70.017,71.274,0
2026-03-19 13:00:00,71.266,71.559,70.863,71.531,0
2026-03-19 14:00:00,71.532,72.523,71.532,72.443,0
2026-03-19 15:00:00,72.443,72.796,72.424,72.736,0
2026-03-19 17:00:00,72.952,73.184,72.04,72.041,0
2026-03-19 18:00:00,72.321,72.418,71.803,72.316,0
2026-03-19 19:00:00,72.316,73.016,72.234,72.262,0
2026-03-19 20:00:00,72.248,74.353,72.046,73.602,0
2026-03-19 21:00:00,73.615,73.964,73.265,73.72,0
2026-03-19 22:00:00,73.72,74.284,73.623,73.993,0
2026-03-19 23:00:00,73.993,74.011,73.417,73.647,0
2026-03-20 00:00:00,73.647,73.651,72.134,72.308,0
2026-03-20 01:00:00,72.308,72.954,70.969,71.353,0
2026-03-20 02:00:00,71.339,72.923,71.199,72.911,0
2026-03-20 03:00:00,72.923,73.597,72.591,73.019,0
2026-03-20 04:00:00,73.025,73.239,71.588,71.672,0
2026-03-20 05:00:00,71.665,72.024,71.188,71.63,0
2026-03-20 06:00:00,71.633,72.359,71.422,72.154,0
2026-03-20 07:00:00,72.18,72.43,71.332,71.83,0
2026-03-20 08:00:00,71.833,72.2,69.918,70.187,0
2026-03-20 09:00:00,70.187,70.371,68.345,69.387,0
2026-03-20 10:00:00,69.386,70.239,68.79,69.229,0
2026-03-20 11:00:00,69.225,70.395,69.168,69.632,0
2026-03-20 12:00:00,69.631,70.084,68.928,69.562,0
2026-03-20 13:00:00,69.57,69.667,67.731,68.024,0
2026-03-20 14:00:00,68.032,68.446,67.593,67.843,0
2026-03-20 15:00:00,67.854,68.146,67.621,67.873,0
2026-03-22 17:00:00,66.871,69.227,66.871,68.283,0
2026-03-22 18:00:00,68.641,68.749,67.363,67.846,0
2026-03-22 19:00:00,67.846,68.12,64.369,66.137,0
2026-03-22 20:00:00,66.123,67.784,65.228,65.792,0
2026-03-22 21:00:00,65.81,67.039,64.582,65.121,0
2026-03-22 22:00:00,65.136,65.592,64.439,65.127,0
2026-03-22 23:00:00,65.14,65.993,65.035,65.963,0
2026-03-23 00:00:00,65.947,66.449,63.267,63.73,0
2026-03-23 01:00:00,63.73,64.03,61.269,62.693,0
2026-03-23 02:00:00,62.721,63.833,60.683,63.833,0
2026-03-23 03:00:00,63.833,65.11,63.798,64.306,0
2026-03-23 04:00:00,64.316,64.674,63.147,63.436,0
2026-03-23 05:00:00,63.439,64.213,63.235,64.027,0
2026-03-23 06:00:00,64.06,69.161,64.055,67.238,0
2026-03-23 07:00:00,67.228,69.647,66.585,69.357,0
2026-03-23 08:00:00,69.367,69.483,67.329,68.94,0
2026-03-23 09:00:00,68.944,70.738,68.926,70.016,0
2026-03-23 10:00:00,70.025,70.553,67.395,67.868,0
2026-03-23 11:00:00,67.853,69.207,67.817,68.828,0
2026-03-23 12:00:00,68.827,69.713,68.753,69.563,0
2026-03-23 13:00:00,69.565,70.124,69.062,69.733,0
2026-03-23 14:00:00,69.729,69.786,68.843,68.895,0
2026-03-23 15:00:00,68.891,69.295,68.462,69.069,0
2026-03-23 17:00:00,68.544,69.488,68.295,69.427,0
2026-03-23 18:00:00,69.377,69.933,69.265,69.561,0
2026-03-23 19:00:00,69.561,69.748,67.424,68.017,0
2026-03-23 20:00:00,67.986,68.457,66.297,66.638,0
2026-03-23 21:00:00,66.65,67.904,66.184,67.263,0
2026-03-23 22:00:00,67.252,67.43,66.384,66.762,0
2026-03-23 23:00:00,66.773,67.109,66.314,66.54,0
2026-03-24 00:00:00,66.558,67.537,65.798,67.316,0
2026-03-24 01:00:00,67.304,69.202,67.216,69.019,0
2026-03-24 02:00:00,68.995,70.372,68.94,70.02,0
2026-03-24 03:00:00,70.017,70.017,69.01,69.655,0
2026-03-24 04:00:00,69.655,70.152,69.062,70.064,0
2026-03-24 05:00:00,70.072,70.274,69.636,70.248,0
2026-03-24 06:00:00,70.233,70.326,68.38,70.045,0
2026-03-24 07:00:00,70.048,70.174,68.226,68.436,0
2026-03-24 08:00:00,68.401,68.941,67.662,68.419,0
2026-03-24 09:00:00,68.414,70.187,68.336,69.678,0
2026-03-24 10:00:00,69.681,70.28,69.519,69.519,0
2026-03-24 11:00:00,69.523,70.012,69.271,69.729,0
2026-03-24 12:00:00,69.733,69.902,68.671,69.283,0
2026-03-24 13:00:00,69.286,69.969,69.171,69.341,0
2026-03-24 14:00:00,69.339,69.962,69.324,69.489,0
2026-03-24 15:00:00,69.483,71.133,69.313,70.943,0
2026-03-24 17:00:00,71.301,71.513,70.9,71.485,0
2026-03-24 18:00:00,71.213,72.884,71.213,72.727,0
2026-03-24 19:00:00,72.714,74.095,72.401,73.546,0
2026-03-24 20:00:00,73.532,74.375,73.323,73.737,0
2026-03-24 21:00:00,73.752,74.019,73.2,73.366,0
2026-03-24 22:00:00,73.354,73.512,72.955,73.213,0
2026-03-24 23:00:00,73.183,73.482,73.108,73.293,0
2026-03-25 00:00:00,73.304,73.384,72.607,72.983,0
2026-03-25 01:00:00,72.97,73.239,72.393,72.913,0
2026-03-25 02:00:00,72.932,73.297,72.689,72.865,0
2026-03-25 03:00:00,72.897,73.679,72.812,73.018,0
2026-03-25 04:00:00,73.025,73.318,71.908,72.668,0
2026-03-25 05:00:00,72.68,73.067,72.398,72.958,0
2026-03-25 06:00:00,72.955,73.369,72.852,73.133,0
2026-03-25 07:00:00,73.153,73.319,72.211,72.693,0
2026-03-25 08:00:00,72.707,73.262,72.054,72.215,0
2026-03-25 09:00:00,72.227,73.293,71.883,73.003,0
2026-03-25 10:00:00,73.009,73.161,71.646,72.517,0
2026-03-25 11:00:00,72.522,72.853,72.36,72.613,0
2026-03-25 12:00:00,72.588,72.674,72.233,72.361,0
2026-03-25 13:00:00,72.355,72.696,71.681,71.984,0
2026-03-25 14:00:00,71.992,71.999,71.193,71.922,0
2026-03-25 15:00:00,71.915,72.053,70.845,71.136,0
2026-03-25 17:00:00,71.389,71.625,70.804,70.943,0
2026-03-25 18:00:00,70.502,70.647,70.205,70.487,0
2026-03-25 19:00:00,70.475,71.849,70.435,71.78,0
2026-03-25 20:00:00,71.763,71.96,70.96,71.697,0
2026-03-25 21:00:00,71.708,72.021,70.917,71.116,0
2026-03-25 22:00:00,71.128,71.673,71.0,71.526,0
2026-03-25 23:00:00,71.543,71.789,71.396,71.516,0
2026-03-26 00:00:00,71.53,71.566,69.123,69.136,0
2026-03-26 01:00:00,69.136,69.86,68.816,69.766,0
2026-03-26 02:00:00,69.795,69.857,68.873,69.293,0
2026-03-26 03:00:00,69.293,69.53,67.687,68.18,0
2026-03-26 04:00:00,68.177,68.227,67.607,67.977,0
2026-03-26 05:00:00,67.983,68.462,67.62,68.032,0
2026-03-26 06:00:00,68.02,68.306,66.883,67.235,0
2026-03-26 07:00:00,67.235,68.044,67.051,67.419,0
2026-03-26 08:00:00,67.411,69.293,67.276,69.196,0
2026-03-26 09:00:00,69.218,69.681,68.58,69.124,0
2026-03-26 10:00:00,69.128,69.306,68.348,68.47,0
2026-03-26 11:00:00,68.453,68.571,67.029,67.663,0
2026-03-26 12:00:00,67.657,68.086,67.075,67.203,0
2026-03-26 13:00:00,67.203,67.664,66.619,67.555,0
2026-03-26 14:00:00,67.56,67.712,66.847,67.032,0
2026-03-26 15:00:00,67.04,68.898,66.921,67.923,0
2026-03-26 17:00:00,68.366,68.813,68.314,68.639,0
2026-03-26 18:00:00,68.486,68.726,68.16,68.457,0
2026-03-26 19:00:00,68.444,68.886,67.18,67.336,0
2026-03-26 20:00:00,67.368,68.491,67.199,68.427,0
2026-03-26 21:00:00,68.443,68.871,68.321,68.383,0
2026-03-26 22:00:00,68.366,69.358,68.173,69.173,0
2026-03-26 23:00:00,69.173,69.53,68.961,69.451,0
2026-03-27 00:00:00,69.438,70.14,69.278,69.297,0
2026-03-27 01:00:00,69.283,69.916,69.159,69.604,0
2026-03-27 02:00:00,69.59,69.677,69.265,69.417,0
2026-03-27 03:00:00,69.386,69.458,68.667,68.667,0
2026-03-27 04:00:00,68.672,69.056,68.485,68.506,0
2026-03-27 05:00:00,68.524,68.814,68.038,68.077,0
2026-03-27 06:00:00,68.093,68.298,67.66,67.802,0
2026-03-27 07:00:00,67.8,68.145,67.46,67.966,0
2026-03-27 08:00:00,67.971,68.545,67.501,67.959,0
2026-03-27 09:00:00,67.958,70.57,67.895,70.316,0
2026-03-27 10:00:00,70.318,71.563,70.134,70.718,0
2026-03-27 11:00:00,70.724,70.895,70.05,70.306,0
2026-03-27 12:00:00,70.313,70.424,69.337,69.464,0
2026-03-27 13:00:00,69.458,70.482,69.458,70.128,0
2026-03-27 14:00:00,70.134,70.371,69.539,69.915,0
2026-03-27 15:00:00,69.924,70.018,69.578,69.717,0
2026-03-29 18:00:00,69.034,69.117,67.738,68.46,0
2026-03-29 20:00:00,67.976,68.768,67.577,68.17,0
2026-03-29 21:00:00,68.184,69.148,68.042,68.61,0
2026-03-29 22:00:00,68.623,69.19,68.315,68.926,0
2026-03-29 23:00:00,68.926,70.29,68.876,69.608,0
2026-03-30 00:00:00,69.621,69.921,69.498,69.889,0
2026-03-30 01:00:00,69.903,70.549,69.837,70.382,0
2026-03-30 02:00:00,70.366,70.68,70.284,70.35,0
2026-03-30 03:00:00,70.345,70.495,69.92,70.494,0
2026-03-30 04:00:00,70.489,70.996,70.2,70.829,0
2026-03-30 05:00:00,70.829,71.199,70.542,71.041,0
2026-03-30 06:00:00,71.049,71.06,70.631,70.696,0
2026-03-30 07:00:00,70.699,71.589,70.554,71.263,0
2026-03-30 08:00:00,71.264,71.59,70.86,71.329,0
2026-03-30 09:00:00,71.328,71.754,70.007,70.237,0
2026-03-30 10:00:00,70.231,70.972,70.213,70.938,0
2026-03-30 11:00:00,70.939,71.234,70.635,70.999,0
2026-03-30 12:00:00,70.996,71.023,70.516,70.558,0
2026-03-30 13:00:00,70.552,70.656,70.247,70.415,0
2026-03-30 14:00:00,70.408,70.569,69.866,69.89,0
2026-03-30 15:00:00,69.887,70.252,69.598,70.153,0
2026-03-30 16:00:00,70.152,70.197,69.862,69.976,0
2026-03-30 18:00:00,70.163,70.171,69.782,69.918,0
2026-03-30 19:00:00,69.918,69.924,69.462,69.842,0
2026-03-30 20:00:00,69.842,70.582,68.906,70.546,0
2026-03-30 21:00:00,70.555,73.451,70.322,72.87,0
2026-03-30 22:00:00,72.869,72.893,71.8,71.886,0
2026-03-30 23:00:00,71.883,72.376,71.816,71.948,0
2026-03-31 00:00:00,71.952,72.252,71.922,72.165,0
2026-03-31 01:00:00,72.165,72.478,71.521,72.105,0
2026-03-31 02:00:00,72.108,72.182,71.715,72.026,0
2026-03-31 03:00:00,72.043,73.112,71.614,73.072,0
2026-03-31 04:00:00,73.051,73.29,72.846,73.074,0
2026-03-31 05:00:00,73.078,73.338,72.664,72.751,0
2026-03-31 06:00:00,72.746,73.143,72.25,72.628,0
2026-03-31 07:00:00,72.647,73.312,72.469,73.126,0
2026-03-31 08:00:00,73.129,73.5,72.632,72.832,0
2026-03-31 09:00:00,72.836,73.538,72.515,73.344,0
2026-03-31 10:00:00,73.348,74.16,72.942,73.136,0
2026-03-31 11:00:00,73.134,73.962,73.134,73.683,0
2026-03-31 12:00:00,73.681,75.004,73.621,74.541,0
2026-03-31 13:00:00,74.537,75.077,74.396,74.787,0
2026-03-31 14:00:00,74.78,75.137,74.76,74.92,0
2026-03-31 15:00:00,74.916,75.272,74.771,75.225,0
2026-03-31 16:00:00,75.221,75.316,74.959,75.118,0
2026-03-31 18:00:00,75.338,75.477,74.316,75.158,0
2026-03-31 19:00:00,75.092,75.123,74.727,74.802,0
2026-03-31 20:00:00,74.777,75.113,74.567,75.043,0
2026-03-31 21:00:00,75.049,75.552,74.203,74.533,0
2026-03-31 22:00:00,74.543,74.814,73.827,73.918,0
2026-03-31 23:00:00,73.913,74.194,73.9,73.915,0
2026-04-01 00:00:00,73.939,74.263,73.669,74.073,0
2026-04-01 01:00:00,74.08,74.727,73.897,74.055,0
2026-04-01 02:00:00,74.049,75.357,74.015,75.295,0
2026-04-01 03:00:00,75.313,75.337,73.862,73.957,0
2026-04-01 04:00:00,73.96,74.64,73.899,74.396,0
2026-04-01 05:00:00,74.404,74.595,74.117,74.424,0
2026-04-01 06:00:00,74.431,74.887,74.268,74.843,0
2026-04-01 07:00:00,74.843,75.428,74.748,75.124,0
2026-04-01 08:00:00,75.124,75.449,74.604,74.654,0
2026-04-01 09:00:00,74.643,75.404,74.373,74.711,0
2026-04-01 10:00:00,74.728,75.478,74.395,75.367,0
2026-04-01 11:00:00,75.369,75.794,75.236,75.675,0
2026-04-01 12:00:00,75.677,75.854,75.413,75.852,0
2026-04-01 13:00:00,75.844,76.103,75.751,75.864,0
2026-04-01 14:00:00,75.864,75.885,74.893,75.188,0
2026-04-01 15:00:00,75.189,75.657,75.103,75.236,0
2026-04-01 16:00:00,75.236,75.378,74.91,75.048,0
2026-04-01 18:00:00,75.006,75.43,74.714,75.301,0
2026-04-01 19:00:00,75.312,75.795,75.226,75.285,0
2026-04-01 20:00:00,75.246,75.828,75.201,75.481,0
2026-04-01 21:00:00,75.453,75.533,72.155,72.982,0
2026-04-01 22:00:00,72.806,73.053,71.501,72.24,0
2026-04-01 23:00:00,72.237,72.408,71.823,72.133,0
2026-04-02 00:00:00,72.141,72.231,71.534,71.953,0
2026-04-02 01:00:00,71.958,72.037,70.223,70.693,0
2026-04-02 02:00:00,70.557,70.83,69.484,70.643,0
2026-04-02 03:00:00,70.633,71.56,70.522,71.541,0
2026-04-02 04:00:00,71.538,71.741,71.157,71.18,0
2026-04-02 05:00:00,71.178,71.513,70.984,70.992,0
2026-04-02 06:00:00,70.989,71.286,70.543,70.862,0
2026-04-02 07:00:00,70.862,71.122,70.242,70.607,0
2026-04-02 08:00:00,70.617,70.964,70.043,70.082,0
2026-04-02 09:00:00,70.097,71.477,69.524,71.384,0
2026-04-02 10:00:00,71.388,73.101,71.086,72.643,0
2026-04-02 11:00:00,72.649,72.745,71.627,71.918,0
2026-04-02 12:00:00,71.911,72.601,71.657,72.34,0
2026-04-02 13:00:00,72.345,72.917,72.197,72.28,0
2026-04-02 14:00:00,72.259,72.806,72.259,72.722,0
2026-04-02 15:00:00,72.723,72.945,72.352,72.623,0
2026-04-02 16:00:00,72.601,73.018,72.588,72.962,0
2026-04-05 18:00:00,72.734,72.749,70.799,72.029,0
2026-04-05 19:00:00,72.044,72.219,71.438,71.613,0
2026-04-05 20:00:00,71.47,72.477,71.47,72.232,0
2026-04-05 21:00:00,72.232,72.476,71.684,71.901,0
2026-04-05 22:00:00,71.901,73.141,71.682,72.294,0
2026-04-05 23:00:00,72.294,72.299,71.589,71.931,0
2026-04-06 00:00:00,71.926,72.413,71.921,72.408,0
2026-04-06 01:00:00,72.253,72.742,72.142,72.154,0
2026-04-06 02:00:00,72.011,72.493,71.871,72.468,0
2026-04-06 03:00:00,72.431,72.614,71.679,72.473,0
2026-04-06 04:00:00,72.408,73.165,72.393,73.109,0
2026-04-06 05:00:00,73.109,73.529,72.962,73.032,0
2026-04-06 06:00:00,73.034,73.323,72.918,73.238,0
2026-04-06 07:00:00,73.244,73.512,73.095,73.241,0
2026-04-06 08:00:00,73.244,73.547,72.798,73.048,0
2026-04-06 09:00:00,73.053,73.143,72.234,72.69,0
2026-04-06 10:00:00,72.59,73.012,72.168,72.78,0
2026-04-06 11:00:00,72.784,72.815,72.018,72.611,0
2026-04-06 12:00:00,72.613,72.797,72.547,72.572,0
2026-04-06 13:00:00,72.575,73.013,72.148,72.662,0
2026-04-06 14:00:00,72.664,73.181,72.538,73.156,0
2026-04-06 15:00:00,73.156,73.193,72.899,73.012,0
2026-04-06 16:00:00,73.012,73.051,72.719,72.73,0
2026-04-06 18:00:00,72.761,73.243,72.756,72.939,0
2026-04-06 19:00:00,72.934,73.081,72.674,72.861,0
2026-04-06 20:00:00,72.769,73.062,72.502,72.533,0
2026-04-06 21:00:00,72.533,73.103,71.498,72.064,0
2026-04-06 22:00:00,71.917,72.592,71.712,72.542,0
2026-04-06 23:00:00,72.523,72.712,72.076,72.662,0
2026-04-07 00:00:00,72.672,73.309,72.506,73.07,0
2026-04-07 01:00:00,73.07,73.105,71.644,72.222,0
2026-04-07 02:00:00,72.094,72.443,72.07,72.221,0
2026-04-07 03:00:00,72.232,72.504,71.819,72.218,0
2026-04-07 04:00:00,72.213,72.962,72.187,72.836,0
2026-04-07 05:00:00,72.826,73.11,72.354,72.66,0
2026-04-07 06:00:00,72.631,72.791,71.909,72.098,0
2026-04-07 07:00:00,72.058,72.214,71.66,72.139,0
2026-04-07 08:00:00,72.117,72.439,71.434,71.85,0
2026-04-07 09:00:00,71.791,72.298,71.172,71.231,0
2026-04-07 10:00:00,71.232,71.255,69.728,70.541,0
2026-04-07 11:00:00,70.509,71.46,70.303,71.43,0
2026-04-07 12:00:00,71.435,71.798,71.316,71.557,0
2026-04-07 13:00:00,71.557,72.312,71.511,72.061,0
2026-04-07 14:00:00,72.06,72.189,71.258,71.327,0
2026-04-07 15:00:00,71.332,73.058,71.246,72.825,0
2026-04-07 16:00:00,72.749,73.116,72.696,72.933,0
2026-04-07 18:00:00,73.577,76.306,73.189,76.306,0
2026-04-07 19:00:00,76.3,76.9,75.934,76.523,0
2026-04-07 20:00:00,76.376,77.133,75.907,76.609,0
2026-04-07 21:00:00,76.489,76.961,75.955,76.514,0
2026-04-07 22:00:00,76.396,76.705,76.233,76.369,0
2026-04-07 23:00:00,76.217,76.399,76.046,76.25,0
2026-04-08 00:00:00,76.26,76.655,76.125,76.616,0
2026-04-08 01:00:00,76.592,77.448,76.432,77.207,0
2026-04-08 02:00:00,77.055,77.621,77.055,77.179,0
2026-04-08 03:00:00,77.175,77.19,76.93,76.98,0
2026-04-08 04:00:00,76.925,77.025,76.504,76.89,0
2026-04-08 05:00:00,76.852,77.181,76.572,76.668,0
2026-04-08 06:00:00,76.668,76.966,76.554,76.766,0
2026-04-08 07:00:00,76.712,77.399,76.654,77.241,0
2026-04-08 08:00:00,77.24,77.443,76.422,77.409,0
2026-04-08 09:00:00,77.404,77.584,76.24,76.462,0
2026-04-08 10:00:00,76.451,76.639,74.663,74.824,0
2026-04-08 11:00:00,74.819,75.632,74.763,75.489,0
2026-04-08 12:00:00,75.489,75.746,75.151,75.511,0
2026-04-08 13:00:00,75.506,75.53,75.111,75.156,0
2026-04-08 14:00:00,75.164,75.363,73.55,73.608,0
2026-04-08 15:00:00,73.588,74.536,73.443,74.531,0
2026-04-08 16:00:00,74.484,74.626,74.018,74.102,0
2026-04-08 18:00:00,74.113,74.265,73.435,74.09,0
2026-04-08 19:00:00,74.095,74.095,73.481,73.723,0
2026-04-08 20:00:00,73.713,73.989,73.293,73.511,0
2026-04-08 21:00:00,73.509,73.88,72.78,73.824,0
2026-04-08 22:00:00,73.743,74.359,73.679,73.753,0
2026-04-08 23:00:00,73.739,74.033,73.611,73.963,0
2026-04-09 00:00:00,73.9,74.213,73.881,74.048,0
2026-04-09 01:00:00,74.048,74.173,73.694,73.938,0
2026-04-09 02:00:00,73.869,74.118,73.69,73.934,0
2026-04-09 03:00:00,73.954,74.269,73.584,74.082,0
2026-04-09 04:00:00,74.082,74.2,73.819,74.054,0
2026-04-09 05:00:00,74.036,74.148,73.802,74.044,0
2026-04-09 06:00:00,74.047,74.246,73.857,74.048,0
2026-04-09 07:00:00,74.045,74.6,74.04,74.572,0
2026-04-09 08:00:00,74.575,74.733,73.996,74.41,0
2026-04-09 09:00:00,74.408,75.355,74.196,75.005,0
2026-04-09 10:00:00,75.006,75.311,74.202,74.842,0
2026-04-09 11:00:00,74.844,75.962,74.628,75.795,0
2026-04-09 12:00:00,75.798,76.263,75.798,75.949,0
2026-04-09 13:00:00,75.95,76.621,75.948,76.463,0
2026-04-09 14:00:00,76.465,76.485,75.617,75.745,0
2026-04-09 15:00:00,75.744,76.032,75.519,75.568,0
2026-04-09 16:00:00,75.573,75.702,75.185,75.185,0
2026-04-09 18:00:00,75.613,75.614,75.116,75.333,0
2026-04-09 19:00:00,75.329,75.421,75.111,75.366,0
2026-04-09 20:00:00,75.361,75.456,74.903,75.396,0
2026-04-09 21:00:00,75.331,75.861,75.331,75.491,0
2026-04-09 22:00:00,75.491,75.611,74.887,75.572,0
2026-04-09 23:00:00,75.588,75.958,75.581,75.882,0
2026-04-10 00:00:00,75.877,75.957,75.755,75.799,0
2026-04-10 01:00:00,75.799,76.195,75.793,75.961,0
2026-04-10 02:00:00,75.938,75.941,75.301,75.322,0
2026-04-10 03:00:00,75.324,75.69,75.249,75.345,0
2026-04-10 04:00:00,75.345,75.394,74.806,74.912,0
2026-04-10 05:00:00,74.915,75.539,74.915,75.413,0
2026-04-10 06:00:00,75.415,75.622,75.166,75.562,0
2026-04-10 07:00:00,75.564,75.638,75.406,75.617,0
2026-04-10 08:00:00,75.61,76.091,75.478,75.872,0
2026-04-10 09:00:00,75.87,76.455,75.763,76.282,0
2026-04-10 10:00:00,76.278,76.797,75.975,76.258,0
2026-04-10 11:00:00,76.245,76.651,75.766,75.925,0
2026-04-10 12:00:00,75.925,76.211,75.691,76.166,0
2026-04-10 13:00:00,76.153,76.347,76.01,76.152,0
2026-04-10 14:00:00,76.157,76.456,75.927,76.346,0
2026-04-10 15:00:00,76.295,76.466,76.177,76.313,0
2026-04-10 16:00:00,76.226,76.343,75.478,75.867,0
